suite,ablated_input_mase_micro_mean,capability_id,capability_level,dataset_count,full_input_mase_micro_mean,model_id,paired_view_count,positive_degradation_fraction,schema_version,target_only_mase_degradation_micro_mean,target_only_mase_degradation_task_equal_mean,target_only_response_ratio_micro_mean,term
gift,1.4180844552131733,common_factor,1,4,1.4024682257314731,Chronos-2,9,0.6666666666666666,cafe.target_only_ablation_trial.v1,0.015616229481700074,0.00681761509053385,0.4898619718865756,long
gift,1.4451610270105517,common_factor,2,4,1.4181537653524199,Chronos-2,9,0.6666666666666666,cafe.target_only_ablation_trial.v1,0.02700726165813196,0.014810051208370062,0.38872458348652683,long
gift,1.4787436994806653,common_factor,3,4,1.4321926886593748,Chronos-2,9,0.7777777777777778,cafe.target_only_ablation_trial.v1,0.046551010821290345,0.02760990058616343,0.3292599920271448,long
gift,1.5221529222438097,common_factor,4,4,1.4425000782946287,Chronos-2,9,0.5555555555555556,cafe.target_only_ablation_trial.v1,0.0796528439491812,0.05109592838691343,0.25745145651510515,long
gift,1.5610849998720262,common_factor,5,4,1.460499005722503,Chronos-2,9,0.5555555555555556,cafe.target_only_ablation_trial.v1,0.10058599414952318,0.06767296623822744,0.20991599605783814,long
gift,5.514438954722118,covariate_impulse_response,1,3,5.518374562889427,Chronos-2,112,0.41964285714285715,cafe.target_only_ablation_trial.v1,-0.003935608167306898,-0.003047637301220094,0.08536888336720974,long
gift,6.3114436113584125,covariate_impulse_response,2,3,6.309347740010848,Chronos-2,112,0.45535714285714285,cafe.target_only_ablation_trial.v1,0.002095871347566843,0.008315745392073453,0.059661920639316586,long
gift,7.023093431975113,covariate_impulse_response,3,3,7.0234495046872905,Chronos-2,112,0.41964285714285715,cafe.target_only_ablation_trial.v1,-0.0003560727121785477,0.0033404555046420634,0.047380625045767774,long
gift,8.114466843296425,covariate_impulse_response,4,3,8.116974829077149,Chronos-2,112,0.49107142857142855,cafe.target_only_ablation_trial.v1,-0.002507985780723629,-0.0025208696260145577,0.03850285662113346,long
gift,9.008960882395058,covariate_impulse_response,5,3,9.0257415366497,Chronos-2,112,0.48214285714285715,cafe.target_only_ablation_trial.v1,-0.01678065425463905,-0.03166957460066951,0.0345491448945647,long
gift,9.598625690860471,cross_series_dependence,1,6,9.571736915776144,Chronos-2,25,0.4,cafe.target_only_ablation_trial.v1,0.02688877508432532,-0.012174484106316814,0.5476480524832356,long
gift,12.10047835398224,cross_series_dependence,2,6,12.0785079873964,Chronos-2,25,0.4,cafe.target_only_ablation_trial.v1,0.021970366585839004,-0.014561796568391254,0.3772192821178269,long
gift,15.849467303718392,cross_series_dependence,3,6,15.823847616263503,Chronos-2,25,0.36,cafe.target_only_ablation_trial.v1,0.025619687454885874,-0.006696646264891072,0.25632462686272695,long
gift,20.09576661464995,cross_series_dependence,4,6,20.058337667266,Chronos-2,25,0.4,cafe.target_only_ablation_trial.v1,0.037428947383950154,-0.001734039746069745,0.20128703308422902,long
gift,27.785576118052905,cross_series_dependence,5,6,27.72994232766856,Chronos-2,25,0.44,cafe.target_only_ablation_trial.v1,0.05563379038434645,0.00719969051704708,0.14845126934676287,long
gift,1.281596557915244,common_factor,1,4,1.2617819661385452,Timer-4.0,9,0.5555555555555556,cafe.target_only_ablation_trial.v1,0.019814591776698656,0.042286677749869495,0.8589837833935041,long
gift,1.3323089909027248,common_factor,2,4,1.2696626715112436,Timer-4.0,9,0.4444444444444444,cafe.target_only_ablation_trial.v1,0.06264631939148109,0.0796976054351202,0.6271357999148808,long
gift,1.401484134967839,common_factor,3,4,1.3055662917651623,Timer-4.0,9,0.5555555555555556,cafe.target_only_ablation_trial.v1,0.09591784320267704,0.10393692389857556,0.45290748272066417,long
gift,1.5683430763365311,common_factor,4,4,1.4609474224731909,Timer-4.0,9,0.5555555555555556,cafe.target_only_ablation_trial.v1,0.10739565386334003,0.10265078910047762,0.264037522674752,long
gift,1.7046086833767196,common_factor,5,4,1.6200465813754565,Timer-4.0,9,0.5555555555555556,cafe.target_only_ablation_trial.v1,0.08456210200126277,0.07160929013223527,0.17127244251363816,long
gift,6.887226120555972,covariate_impulse_response,1,3,6.948056417020361,Timer-4.0,112,0.49107142857142855,cafe.target_only_ablation_trial.v1,-0.06083029646438864,-0.10826303854492257,0.061118167140736084,long
gift,8.633867688267616,covariate_impulse_response,2,3,8.614390312479856,Timer-4.0,112,0.49107142857142855,cafe.target_only_ablation_trial.v1,0.019477375787758676,0.0472812906595701,0.041688933161892885,long
gift,9.93474734048198,covariate_impulse_response,3,3,9.966506305354125,Timer-4.0,112,0.5267857142857143,cafe.target_only_ablation_trial.v1,-0.03175896487214257,-0.04857262668513084,0.02981186916475096,long
gift,11.936809641610523,covariate_impulse_response,4,3,11.9412347947405,Timer-4.0,112,0.5,cafe.target_only_ablation_trial.v1,-0.004425153129981713,-0.0025148961629073625,0.023282749503506114,long
gift,14.036608479727802,covariate_impulse_response,5,3,13.992692146021739,Timer-4.0,112,0.5446428571428571,cafe.target_only_ablation_trial.v1,0.043916333706062946,0.0869231961108463,0.020902355597732847,long
gift,11.422871644809177,cross_series_dependence,1,6,11.664046545804485,Timer-4.0,25,0.52,cafe.target_only_ablation_trial.v1,-0.24117490099530925,-0.01626629671346988,0.5823814643016635,long
gift,14.192626647316011,cross_series_dependence,2,6,14.387282770668977,Timer-4.0,25,0.6,cafe.target_only_ablation_trial.v1,-0.1946561233529681,0.005816947617013267,0.40861517120090973,long
gift,18.131048947140815,cross_series_dependence,3,6,18.265631038708417,Timer-4.0,25,0.64,cafe.target_only_ablation_trial.v1,-0.13458209156760378,0.0378069384994451,0.2913852749743976,long
gift,22.91828220195678,cross_series_dependence,4,6,22.904887838735522,Timer-4.0,25,0.68,cafe.target_only_ablation_trial.v1,0.013394363221258426,0.11740601180976988,0.21535031738941662,long
gift,31.231395242931484,cross_series_dependence,5,6,31.364435743749464,Timer-4.0,25,0.68,cafe.target_only_ablation_trial.v1,-0.1330405008179806,0.11047837363229074,0.1530895684718606,long
gift,1.6078231585437825,common_factor,1,4,1.6253012181444286,toto2.0,9,0.3333333333333333,cafe.target_only_ablation_trial.v1,-0.01747805960064593,-0.015743762293674045,0.2886556733827175,long
gift,1.6407664149794587,common_factor,2,4,1.6575811276535692,toto2.0,9,0.3333333333333333,cafe.target_only_ablation_trial.v1,-0.016814712674110513,-0.014894458822113942,0.22112427853890862,long
gift,1.6924500255935537,common_factor,3,4,1.7091588387996088,toto2.0,9,0.4444444444444444,cafe.target_only_ablation_trial.v1,-0.016708813206055082,-0.014213041053433885,0.16815599205445553,long
gift,1.8302918284740235,common_factor,4,4,1.8404563292839233,toto2.0,9,0.5555555555555556,cafe.target_only_ablation_trial.v1,-0.010164500809900032,-0.00807315590209558,0.127254703431321,long
gift,1.9358673534110602,common_factor,5,4,1.9455202587271054,toto2.0,9,0.5555555555555556,cafe.target_only_ablation_trial.v1,-0.009652905316044964,-0.008085338145073544,0.11130608561065006,long
gift,156.44607165028515,cross_series_dependence,1,6,155.46658535598957,toto2.0,25,0.48,cafe.target_only_ablation_trial.v1,0.9794862942955816,0.2562326381380094,0.47536206296863914,long
gift,164.537287642766,cross_series_dependence,2,6,163.56180340401642,toto2.0,25,0.44,cafe.target_only_ablation_trial.v1,0.9754842387495833,0.257401240695086,0.28640770424533435,long
gift,175.78448680952434,cross_series_dependence,3,6,174.83428366097726,toto2.0,25,0.32,cafe.target_only_ablation_trial.v1,0.9502031485471228,0.25492894801824223,0.20250144322341002,long
gift,189.0320317242775,cross_series_dependence,4,6,188.46925341046935,toto2.0,25,0.44,cafe.target_only_ablation_trial.v1,0.5627783138081116,0.14756895974245163,0.14698763832674072,long
gift,210.13714331107084,cross_series_dependence,5,6,209.8568050803803,toto2.0,25,0.48,cafe.target_only_ablation_trial.v1,0.28033823069055025,0.0613646399697391,0.11633416960643427,long
gift,0.9525950786650946,common_factor,1,4,0.9586950664157221,Chronos-2,11,0.45454545454545453,cafe.target_only_ablation_trial.v1,-0.006099987750627387,-0.017247455007038497,0.5875686591995621,medium
gift,0.9611787418772617,common_factor,2,4,0.9616122934938031,Chronos-2,11,0.5454545454545454,cafe.target_only_ablation_trial.v1,-0.0004335516165415115,-0.014040583713688735,0.39306978072848947,medium
gift,0.9720759862106473,common_factor,3,4,0.963522570242402,Chronos-2,11,0.5454545454545454,cafe.target_only_ablation_trial.v1,0.008553415968245538,-0.008269898599185838,0.29373584254424456,medium
gift,0.9795298121781486,common_factor,4,4,0.9620787508568873,Chronos-2,11,0.5454545454545454,cafe.target_only_ablation_trial.v1,0.017451061321261438,-0.0017390917805498105,0.2258755089239795,medium
gift,0.9910269571051855,common_factor,5,4,0.9580189285511719,Chronos-2,11,0.6363636363636364,cafe.target_only_ablation_trial.v1,0.03300802855401348,0.00851461069287697,0.19431712686231747,medium
gift,4.652014711073046,covariate_impulse_response,1,4,4.621175590708088,Chronos-2,165,0.4303030303030303,cafe.target_only_ablation_trial.v1,0.0308391203649571,0.03382604212881163,0.07455228080935448,medium
gift,4.990631879669044,covariate_impulse_response,2,4,4.961131271189785,Chronos-2,165,0.49696969696969695,cafe.target_only_ablation_trial.v1,0.029500608479259026,0.03200319007021732,0.054332659636288236,medium
gift,5.857665445749243,covariate_impulse_response,3,4,5.860558083463725,Chronos-2,165,0.4666666666666667,cafe.target_only_ablation_trial.v1,-0.002892637714482482,-4.007745687822391e-05,0.04438389352038083,medium
gift,6.937009464746129,covariate_impulse_response,4,4,6.932644905975794,Chronos-2,165,0.4909090909090909,cafe.target_only_ablation_trial.v1,0.004364558770334323,-9.416458116876374e-05,0.03719795082528357,medium
gift,8.317784369136039,covariate_impulse_response,5,4,8.326411805654267,Chronos-2,165,0.5151515151515151,cafe.target_only_ablation_trial.v1,-0.008627436518229442,-0.012175637756556676,0.031121086388669183,medium
gift,10.997595055243782,cross_series_dependence,1,6,10.96398355349295,Chronos-2,42,0.6666666666666666,cafe.target_only_ablation_trial.v1,0.033611501750829754,0.008287374241085258,0.6409590334812008,medium
gift,14.829891857471042,cross_series_dependence,2,6,14.799998594456099,Chronos-2,42,0.6428571428571429,cafe.target_only_ablation_trial.v1,0.029893263014942266,0.0034262981992239303,0.43909651622254925,medium
gift,19.797888079502883,cross_series_dependence,3,6,19.771070725948405,Chronos-2,42,0.5714285714285714,cafe.target_only_ablation_trial.v1,0.026817353554480085,0.003962680688950525,0.3062413441741376,medium
gift,26.2742441369712,cross_series_dependence,4,6,26.243684004060302,Chronos-2,42,0.5476190476190477,cafe.target_only_ablation_trial.v1,0.030560132910895047,0.003928709811308981,0.24109788503095628,medium
gift,36.24610023924544,cross_series_dependence,5,6,36.204450348373705,Chronos-2,42,0.5476190476190477,cafe.target_only_ablation_trial.v1,0.041649890871730356,0.00750263189809174,0.19292174679553464,medium
gift,1.165239961469313,common_factor,1,4,1.1675959485473726,Timer-4.0,11,0.5454545454545454,cafe.target_only_ablation_trial.v1,-0.0023559870780595574,-0.015292405833744263,0.7686441372805394,medium
gift,1.1414412234705695,common_factor,2,4,1.1298778319682201,Timer-4.0,11,0.7272727272727273,cafe.target_only_ablation_trial.v1,0.011563391502349278,-0.011084851306316576,0.46746565397447326,medium
gift,1.1397301987202169,common_factor,3,4,1.1175088190161089,Timer-4.0,11,0.6363636363636364,cafe.target_only_ablation_trial.v1,0.022221379704107938,-0.003462135695203719,0.3153857178444354,medium
gift,1.179457953401609,common_factor,4,4,1.145149959243344,Timer-4.0,11,0.5454545454545454,cafe.target_only_ablation_trial.v1,0.03430799415826493,0.008933585438692847,0.19790855906118826,medium
gift,1.2416669647536311,common_factor,5,4,1.180593023949278,Timer-4.0,11,0.6363636363636364,cafe.target_only_ablation_trial.v1,0.06107394080435289,0.03303084555165427,0.14445403187572617,medium
gift,8.421236346964232,covariate_impulse_response,1,4,8.363946957694974,Timer-4.0,165,0.48484848484848486,cafe.target_only_ablation_trial.v1,0.05728938926925694,0.061681135661939564,0.059043741824258734,medium
gift,7.83760737956485,covariate_impulse_response,2,4,7.783825882335828,Timer-4.0,165,0.4121212121212121,cafe.target_only_ablation_trial.v1,0.05378149722902148,0.05426710628281852,0.039292578031381996,medium
gift,11.975840410664745,covariate_impulse_response,3,4,12.111730715920519,Timer-4.0,165,0.43636363636363634,cafe.target_only_ablation_trial.v1,-0.13589030525577528,-0.13066745629966045,0.02925396849880327,medium
gift,15.489740900721605,covariate_impulse_response,4,4,15.634665810057383,Timer-4.0,165,0.4727272727272727,cafe.target_only_ablation_trial.v1,-0.14492490933577298,-0.1496447386970822,0.02197837329374395,medium
gift,17.76687900084796,covariate_impulse_response,5,4,17.62198882575345,Timer-4.0,165,0.4484848484848485,cafe.target_only_ablation_trial.v1,0.1448901750945111,0.12269484880976854,0.016792859039533065,medium
gift,11.852413861411211,cross_series_dependence,1,6,11.340614275592158,Timer-4.0,42,0.6190476190476191,cafe.target_only_ablation_trial.v1,0.511799585819053,0.1530500079939813,0.6645537830945968,medium
gift,15.568789934337403,cross_series_dependence,2,6,15.27103733891254,Timer-4.0,42,0.5714285714285714,cafe.target_only_ablation_trial.v1,0.2977525954248618,0.09808916097820802,0.4483003589517185,medium
gift,20.44620966554168,cross_series_dependence,3,6,20.19280750885274,Timer-4.0,42,0.5952380952380952,cafe.target_only_ablation_trial.v1,0.2534021566889397,0.090264974262604,0.3143739090893906,medium
gift,27.14396177448295,cross_series_dependence,4,6,26.84321016028829,Timer-4.0,42,0.6428571428571429,cafe.target_only_ablation_trial.v1,0.30075161419465735,0.09320527429206353,0.22139166251229986,medium
gift,37.24153614664529,cross_series_dependence,5,6,37.10138624866771,Timer-4.0,42,0.6190476190476191,cafe.target_only_ablation_trial.v1,0.1401498979775799,0.052573178467474994,0.17423584833528574,medium
gift,1.4609368118374726,common_factor,1,4,1.492291504074493,toto2.0,11,0.5454545454545454,cafe.target_only_ablation_trial.v1,-0.031354692237020546,-0.02532911907091974,0.46203558225495506,medium
gift,1.4844785909714822,common_factor,2,4,1.5166086047391714,toto2.0,11,0.5454545454545454,cafe.target_only_ablation_trial.v1,-0.03213001376768884,-0.02493320650479089,0.29266783603220586,medium
gift,1.5181870958192092,common_factor,3,4,1.5524556912848217,toto2.0,11,0.5454545454545454,cafe.target_only_ablation_trial.v1,-0.034268595465612776,-0.025254571311379523,0.22125516219299157,medium
gift,1.5953296226359348,common_factor,4,4,1.6247310748748376,toto2.0,11,0.5454545454545454,cafe.target_only_ablation_trial.v1,-0.029401452238903256,-0.022967378587063304,0.16103589607615387,medium
gift,1.6518334171188116,common_factor,5,4,1.6747527814677179,toto2.0,11,0.5454545454545454,cafe.target_only_ablation_trial.v1,-0.022919364348905867,-0.0196948854560116,0.13192870761288478,medium
gift,37.70927526221512,cross_series_dependence,1,6,37.70071549786423,toto2.0,42,0.3333333333333333,cafe.target_only_ablation_trial.v1,0.008559764350897196,-0.022009233977742796,0.413349113970458,medium
gift,42.381722957918505,cross_series_dependence,2,6,42.38068011502641,toto2.0,42,0.30952380952380953,cafe.target_only_ablation_trial.v1,0.0010428428920843365,-0.025349065020854055,0.28621571540803287,medium
gift,49.56567521442804,cross_series_dependence,3,6,49.59845188350871,toto2.0,42,0.30952380952380953,cafe.target_only_ablation_trial.v1,-0.032776669080675766,-0.03817650574616214,0.1996912157574025,medium
gift,59.8809437918998,cross_series_dependence,4,6,59.93939259051205,toto2.0,42,0.30952380952380953,cafe.target_only_ablation_trial.v1,-0.05844879861225269,-0.05061325939281614,0.16067706698576453,medium
gift,73.89077446777131,cross_series_dependence,5,6,73.96600719366774,toto2.0,42,0.38095238095238093,cafe.target_only_ablation_trial.v1,-0.07523272589643179,-0.05738972171554532,0.13432682633232987,medium
gift,0.6849969875956348,common_factor,1,4,0.6526354388625606,Chronos-2,65,0.5230769230769231,cafe.target_only_ablation_trial.v1,0.03236154873307422,0.03901133650826689,0.7575463924342223,short
gift,0.6864528004092616,common_factor,2,4,0.6536852718106455,Chronos-2,65,0.47692307692307695,cafe.target_only_ablation_trial.v1,0.03276752859861619,0.039649186400404074,0.47201901536438795,short
gift,0.6859280110654699,common_factor,3,4,0.6558586492454597,Chronos-2,65,0.5384615384615384,cafe.target_only_ablation_trial.v1,0.03006936182001025,0.03714154075471045,0.3192257499903955,short
gift,0.6866126836832208,common_factor,4,4,0.6556818847064021,Chronos-2,65,0.5384615384615384,cafe.target_only_ablation_trial.v1,0.030930798976818722,0.037524850516225026,0.22181372208965813,short
gift,0.6898640591038517,common_factor,5,4,0.6592484542845137,Chronos-2,65,0.5846153846153846,cafe.target_only_ablation_trial.v1,0.030615604819337994,0.038144807529111126,0.15584308343592682,short
gift,3.0457241417787193,covariate_impulse_response,1,6,3.052092222382914,Chronos-2,4296,0.5146648044692738,cafe.target_only_ablation_trial.v1,-0.006368080604194677,-0.0009612966001130472,0.12409116515979267,short
gift,3.0652218117941783,covariate_impulse_response,2,6,3.077096378090388,Chronos-2,4296,0.5246741154562383,cafe.target_only_ablation_trial.v1,-0.011874566296208944,-0.0029606927884434455,0.0837518468610457,short
gift,3.0999281522484683,covariate_impulse_response,3,6,3.110107065419769,Chronos-2,4296,0.5125698324022346,cafe.target_only_ablation_trial.v1,-0.010178913171300387,-0.0017423277342476964,0.06132194249431332,short
gift,3.1236239565589363,covariate_impulse_response,4,6,3.1314615154861514,Chronos-2,4296,0.5172253258845437,cafe.target_only_ablation_trial.v1,-0.00783755892721513,-0.0010092283870551347,0.045415265707560784,short
gift,3.14369772008921,covariate_impulse_response,5,6,3.151378909448781,Chronos-2,4296,0.5304934823091247,cafe.target_only_ablation_trial.v1,-0.007681189359570581,0.0006218264582300763,0.03581572584678888,short
gift,2.4102482186331473,cross_series_dependence,1,8,2.4111182073174855,Chronos-2,3538,0.5313736574335783,cafe.target_only_ablation_trial.v1,-0.0008699886843379927,0.012734789413913022,0.3010843617465672,short
gift,2.5393947225432947,cross_series_dependence,2,8,2.5403024675126664,Chronos-2,3538,0.5293951384963256,cafe.target_only_ablation_trial.v1,-0.0009077449693720307,0.015243577741855946,0.2132896289620345,short
gift,2.7145049759749837,cross_series_dependence,3,8,2.7157517724089932,Chronos-2,3538,0.5361786319954777,cafe.target_only_ablation_trial.v1,-0.0012467964340092089,0.01354698268337455,0.1667481690685763,short
gift,2.972558997167445,cross_series_dependence,4,8,2.9740022642585453,Chronos-2,3538,0.542679479932165,cafe.target_only_ablation_trial.v1,-0.0014432670911002062,0.009028911489774357,0.1413554491871581,short
gift,3.3252033836401056,cross_series_dependence,5,8,3.3258985741421783,Chronos-2,3538,0.5579423403052572,cafe.target_only_ablation_trial.v1,-0.0006951905020729764,0.007029277781865878,0.12183325259997539,short
gift,0.7130609590967277,common_factor,1,4,0.716747936199914,Timer-4.0,65,0.46153846153846156,cafe.target_only_ablation_trial.v1,-0.003686977103186363,-0.004926179101083117,0.5505080288617514,short
gift,0.7127294558391879,common_factor,2,4,0.7122484198380699,Timer-4.0,65,0.49230769230769234,cafe.target_only_ablation_trial.v1,0.0004810360011180617,-0.0006386313704063416,0.3577158034374799,short
gift,0.7065874187220589,common_factor,3,4,0.7055108224849485,Timer-4.0,65,0.47692307692307695,cafe.target_only_ablation_trial.v1,0.0010765962371104302,0.002464211451244998,0.22903678034094857,short
gift,0.705997753176535,common_factor,4,4,0.7073765019767762,Timer-4.0,65,0.4153846153846154,cafe.target_only_ablation_trial.v1,-0.0013787488002411099,0.0015543506431246468,0.1496055369394088,short
gift,0.7112469961361361,common_factor,5,4,0.7114067056237102,Timer-4.0,65,0.4,cafe.target_only_ablation_trial.v1,-0.00015970948757418462,0.003952259951825243,0.10815716635558607,short
gift,2.976427960655591,covariate_impulse_response,1,6,2.979137190918341,Timer-4.0,4296,0.4934823091247672,cafe.target_only_ablation_trial.v1,-0.002709230262751072,-0.010262490887697907,0.0581201496591294,short
gift,3.0392428630390764,covariate_impulse_response,2,6,3.0415478623869285,Timer-4.0,4296,0.4988361266294227,cafe.target_only_ablation_trial.v1,-0.002304999347851694,-0.004362711785988877,0.03767525485234719,short
gift,3.0892660865378,covariate_impulse_response,3,6,3.088109531190078,Timer-4.0,4296,0.49231843575418993,cafe.target_only_ablation_trial.v1,0.001156555347721948,-0.003243959221288111,0.027044764328073307,short
gift,3.168048030002228,covariate_impulse_response,4,6,3.167079904004081,Timer-4.0,4296,0.5065176908752328,cafe.target_only_ablation_trial.v1,0.0009681259981460996,-0.0014243459705227783,0.02004869966267653,short
gift,3.226592919983467,covariate_impulse_response,5,6,3.22622722932527,Timer-4.0,4296,0.4960428305400372,cafe.target_only_ablation_trial.v1,0.00036569065819702504,-0.0022133958531111893,0.01573944184048661,short
gift,2.4145531081273472,cross_series_dependence,1,8,2.419367572863548,Timer-4.0,3538,0.501695873374788,cafe.target_only_ablation_trial.v1,-0.004814464736201014,-0.006067242954469565,0.25355809241112864,short
gift,2.5367957999276625,cross_series_dependence,2,8,2.541590258131418,Timer-4.0,3538,0.47003957037874505,cafe.target_only_ablation_trial.v1,-0.004794458203755725,-0.011433868466261222,0.19707228951957148,short
gift,2.71406447471148,cross_series_dependence,3,8,2.7186475898667775,Timer-4.0,3538,0.45279819106840025,cafe.target_only_ablation_trial.v1,-0.00458311515529732,-0.0028921746802971914,0.16417008293222404,short
gift,2.9713384489546066,cross_series_dependence,4,8,2.9718124724480517,Timer-4.0,3538,0.44714527981910684,cafe.target_only_ablation_trial.v1,-0.00047402349344453405,0.008366315157053907,0.13956815396765715,short
gift,3.3134567596199873,cross_series_dependence,5,8,3.3099366357396884,Timer-4.0,3538,0.4270774448841153,cafe.target_only_ablation_trial.v1,0.003520123880298886,0.027254582629984495,0.11513335165849779,short
gift,0.7004983989759562,common_factor,1,4,0.7056126986703071,tirex2,65,0.4153846153846154,cafe.target_only_ablation_trial.v1,-0.0051142996943508365,-0.004729383895646792,0.22917977667956912,short
gift,0.7030930823942834,common_factor,2,4,0.7079162937766393,tirex2,65,0.47692307692307695,cafe.target_only_ablation_trial.v1,-0.004823211382356053,-0.004564718568158544,0.15794907585055185,short
gift,0.7050018595579406,common_factor,3,4,0.7106841552058013,tirex2,65,0.49230769230769234,cafe.target_only_ablation_trial.v1,-0.005682295647860824,-0.006046319313615045,0.1067732410919371,short
gift,0.7120977043405397,common_factor,4,4,0.7151870037358502,tirex2,65,0.49230769230769234,cafe.target_only_ablation_trial.v1,-0.0030892993953106317,-0.0034304671221997663,0.07608634772381528,short
gift,0.7202615393778338,common_factor,5,4,0.7225442036679148,tirex2,65,0.4461538461538462,cafe.target_only_ablation_trial.v1,-0.002282664290081182,-0.001846739789987131,0.058018593775364925,short
gift,2.9834231218367875,covariate_impulse_response,1,6,2.982907018203631,tirex2,4296,0.5277001862197392,cafe.target_only_ablation_trial.v1,0.0005161036331564087,0.0009667703601177372,0.03069857815307784,short
gift,3.0426854591187666,covariate_impulse_response,2,6,3.04262017351526,tirex2,4296,0.5263035381750466,cafe.target_only_ablation_trial.v1,6.528560350701655e-05,0.000989834665245203,0.02065612555145311,short
gift,3.097017665233552,covariate_impulse_response,3,6,3.097023916994017,tirex2,4296,0.5188547486033519,cafe.target_only_ablation_trial.v1,-6.251760465218368e-06,0.0008597023771021077,0.014958401568794152,short
gift,3.1853157882664633,covariate_impulse_response,4,6,3.185337754052537,tirex2,4296,0.5218808193668529,cafe.target_only_ablation_trial.v1,-2.196578607354986e-05,5.584825982708227e-05,0.011143420892125288,short
gift,3.2880538567943645,covariate_impulse_response,5,6,3.2882733725635713,tirex2,4296,0.5146648044692738,cafe.target_only_ablation_trial.v1,-0.0002195157692063282,0.002701162619696117,0.00875513239969475,short
gift,2.4323528265966443,cross_series_dependence,1,8,2.4319870575400655,tirex2,3538,0.47173544375353305,cafe.target_only_ablation_trial.v1,0.00036576905657882984,0.004125101258381767,0.07878189898667463,short
gift,2.5563724560046297,cross_series_dependence,2,8,2.5564722542394582,tirex2,3538,0.47738835500282645,cafe.target_only_ablation_trial.v1,-9.97982348289264e-05,0.0015356962145514218,0.05293515277956416,short
gift,2.728425597386438,cross_series_dependence,3,8,2.7279991165609303,tirex2,3538,0.49491237987563597,cafe.target_only_ablation_trial.v1,0.00042648082550792663,0.0022498300611251644,0.03972942113942511,short
gift,2.985966730607787,cross_series_dependence,4,8,2.98549372013909,tirex2,3538,0.5011305822498586,cafe.target_only_ablation_trial.v1,0.0004730104686979385,0.0038589285095105633,0.030139407431677857,short
gift,3.327737583037999,cross_series_dependence,5,8,3.3278686893705514,tirex2,3538,0.49604296212549465,cafe.target_only_ablation_trial.v1,-0.00013110633255153105,0.001310698797258302,0.023114267123606744,short
gift,0.6659400956028911,common_factor,1,4,0.6669790187561444,toto2.0,65,0.4,cafe.target_only_ablation_trial.v1,-0.001038923153253162,0.006736212165751603,0.5000285939099532,short
gift,0.6687493654873565,common_factor,2,4,0.6690676155328797,toto2.0,65,0.4461538461538462,cafe.target_only_ablation_trial.v1,-0.00031825004552321834,0.007854144572844383,0.33344287378245324,short
gift,0.6726682837909286,common_factor,3,4,0.673674847251827,toto2.0,65,0.4153846153846154,cafe.target_only_ablation_trial.v1,-0.0010065634608985186,0.007210344310133001,0.24311316848982673,short
gift,0.6721512448191787,common_factor,4,4,0.6776253477060249,toto2.0,65,0.36923076923076925,cafe.target_only_ablation_trial.v1,-0.005474102886846187,0.002777935034467468,0.16374405540174042,short
gift,0.6743884205364838,common_factor,5,4,0.6818100186301301,toto2.0,65,0.38461538461538464,cafe.target_only_ablation_trial.v1,-0.0074215980936463985,0.0005130166865813727,0.11974035619940139,short
gift,2.386352587641494,cross_series_dependence,1,8,2.3575681720265913,toto2.0,3538,0.5652911249293386,cafe.target_only_ablation_trial.v1,0.028784415614902716,0.03954963011498456,0.49043756676938133,short
gift,2.5132065593834767,cross_series_dependence,2,8,2.4837172820759856,toto2.0,3538,0.5644431882419446,cafe.target_only_ablation_trial.v1,0.029489277307491544,0.04287783963629576,0.3722954406311248,short
gift,2.6872120314568235,cross_series_dependence,3,8,2.6710510537078167,toto2.0,3538,0.566704352741662,cafe.target_only_ablation_trial.v1,0.01616097774900676,0.037958126916568406,0.299130221456546,short
gift,2.9372072599196577,cross_series_dependence,4,8,2.9472461130185907,toto2.0,3538,0.5542679479932165,cafe.target_only_ablation_trial.v1,-0.010038853098933724,0.024376862294613545,0.2428051339940731,short
gift,3.267095573299321,cross_series_dependence,5,8,3.299606123399097,toto2.0,3538,0.5474844544940645,cafe.target_only_ablation_trial.v1,-0.032510550099775215,0.010451683557991445,0.20036591578371485,short
fev,3.077559036579737,common_factor,1,8,3.0788394171800095,Chronos-2,260,0.5192307692307693,cafe.target_only_ablation_trial.v1,-0.0012803806002722755,0.006996019447252515,0.5591178830329996,native
fev,3.2183267471785353,common_factor,2,8,3.163193882151341,Chronos-2,260,0.5615384615384615,cafe.target_only_ablation_trial.v1,0.0551328650271934,0.031144085788548312,0.37383280816814407,native
fev,3.4712979334649736,common_factor,3,8,3.3867857357680866,Chronos-2,260,0.5846153846153846,cafe.target_only_ablation_trial.v1,0.08451219769688727,0.04424999411594352,0.2607555340228742,native
fev,3.9949514088407945,common_factor,4,8,3.860316678580021,Chronos-2,260,0.5653846153846154,cafe.target_only_ablation_trial.v1,0.13463473026077324,0.0631899150515453,0.19005732820971438,native
fev,4.589770063216705,common_factor,5,8,4.371391541002215,Chronos-2,260,0.5192307692307693,cafe.target_only_ablation_trial.v1,0.21837852221449133,0.0958406037032917,0.14084658806241743,native
fev,2.6574822317635123,covariate_impulse_response,1,8,3.4078613943092506,Chronos-2,17495,0.4756216061731923,cafe.target_only_ablation_trial.v1,-0.7503791625457386,2.991433117993586,10.481160537334477,native
fev,2.6301077600913514,covariate_impulse_response,2,8,3.3721424211211763,Chronos-2,17495,0.4525864532723635,cafe.target_only_ablation_trial.v1,-0.7420346610298255,3.0003784646974454,6.572398497690946,native
fev,2.584083941966748,covariate_impulse_response,3,8,3.316577044724033,Chronos-2,17495,0.42160617319234067,cafe.target_only_ablation_trial.v1,-0.7324931027572855,2.9549015703650405,4.425185863748072,native
fev,2.520872332473163,covariate_impulse_response,4,8,3.2451017934710515,Chronos-2,17495,0.3911403258073735,cafe.target_only_ablation_trial.v1,-0.724229460997889,2.8900106913324946,3.002705850110919,native
fev,2.463775164402723,covariate_impulse_response,5,8,3.189950362462054,Chronos-2,17495,0.3649614175478708,cafe.target_only_ablation_trial.v1,-0.7261751980593317,2.8386928119777024,2.0972893496785576,native
fev,3.789117728116876,cross_series_dependence,1,8,3.8193858307689084,Chronos-2,260,0.5230769230769231,cafe.target_only_ablation_trial.v1,-0.03026810265203218,-0.007334225018605717,1.2671634231657123,native
fev,4.15053013746677,cross_series_dependence,2,8,4.144897783515865,Chronos-2,260,0.5115384615384615,cafe.target_only_ablation_trial.v1,0.005632353950904403,0.007300890256628946,0.843128280980537,native
fev,4.591794567317885,cross_series_dependence,3,8,4.561550683858376,Chronos-2,260,0.5153846153846153,cafe.target_only_ablation_trial.v1,0.030243883459508843,0.017405875172395693,0.587658209092597,native
fev,5.317001537040318,cross_series_dependence,4,8,5.229239756311142,Chronos-2,260,0.5153846153846153,cafe.target_only_ablation_trial.v1,0.08776178072917623,0.04197002339182779,0.4326642834154256,native
fev,6.081450456322359,cross_series_dependence,5,8,6.080958301092152,Chronos-2,260,0.5653846153846154,cafe.target_only_ablation_trial.v1,0.0004921552302077991,0.007343192574443993,0.34198654481950913,native
fev,3.0687866815648355,common_factor,1,8,3.1358946670741603,Timer-4.0,260,0.4269230769230769,cafe.target_only_ablation_trial.v1,-0.06710798550932497,-0.027827214111020307,0.3913969217577833,native
fev,3.2213969848031083,common_factor,2,8,3.331373064665959,Timer-4.0,260,0.4115384615384615,cafe.target_only_ablation_trial.v1,-0.10997607986285136,-0.046145640475638905,0.2555350628653183,native
fev,3.372598045748512,common_factor,3,8,3.4528189107323555,Timer-4.0,260,0.45384615384615384,cafe.target_only_ablation_trial.v1,-0.08022086498384409,-0.0343845251865173,0.17706466434164642,native
fev,3.414530187072365,common_factor,4,8,3.489676741347801,Timer-4.0,260,0.47692307692307695,cafe.target_only_ablation_trial.v1,-0.07514655427543536,-0.03411402466195644,0.12555537459950095,native
fev,3.648006673298786,common_factor,5,8,3.722930061668051,Timer-4.0,260,0.4346153846153846,cafe.target_only_ablation_trial.v1,-0.07492338836926367,-0.03402824224798494,0.0903638100764516,native
fev,1.52934014804431,covariate_impulse_response,1,8,2.0851703233735357,Timer-4.0,17495,0.42623606744784226,cafe.target_only_ablation_trial.v1,-0.5558301753292253,-0.09013413378424093,6.275120867676044,native
fev,1.4885413795520583,covariate_impulse_response,2,8,2.047208696405205,Timer-4.0,17495,0.3730780222920835,cafe.target_only_ablation_trial.v1,-0.5586673168531465,-0.10137678652372545,3.884168115941732,native
fev,1.4643180431055962,covariate_impulse_response,3,8,2.026153519810917,Timer-4.0,17495,0.3333523863961132,cafe.target_only_ablation_trial.v1,-0.5618354767053206,-0.1287928015197975,2.6223513918227916,native
fev,1.4672785290419523,covariate_impulse_response,4,8,2.0296694011762813,Timer-4.0,17495,0.3115175764504144,cafe.target_only_ablation_trial.v1,-0.562390872134329,-0.1208519659855027,1.800321032927392,native
fev,1.4928403338293204,covariate_impulse_response,5,8,2.051540916306942,Timer-4.0,17495,0.3103172334952844,cafe.target_only_ablation_trial.v1,-0.5587005824776217,-0.1034272159799747,1.272300266238972,native
fev,3.1521790291766387,cross_series_dependence,1,8,3.0857313633779917,Timer-4.0,260,0.48846153846153845,cafe.target_only_ablation_trial.v1,0.06644766579864607,0.024667502370849838,1.1962708421224346,native
fev,3.5618167987285356,cross_series_dependence,2,8,3.4719398169798557,Timer-4.0,260,0.5038461538461538,cafe.target_only_ablation_trial.v1,0.0898769817486802,0.033322506317091945,0.7880163085362581,native
fev,4.008797290366745,cross_series_dependence,3,8,3.9417907861137187,Timer-4.0,260,0.46923076923076923,cafe.target_only_ablation_trial.v1,0.0670065042530261,0.023394534259727068,0.5286037354835895,native
fev,4.819071986159755,cross_series_dependence,4,8,4.789985611394099,Timer-4.0,260,0.46923076923076923,cafe.target_only_ablation_trial.v1,0.029086374765655783,0.009239118888650314,0.36683537274727585,native
fev,5.878308380236244,cross_series_dependence,5,8,5.845703930543416,Timer-4.0,260,0.4807692307692308,cafe.target_only_ablation_trial.v1,0.03260444969282741,0.013371716216591412,0.2572674122844788,native
fev,0.39839321923254545,covariate_impulse_response,1,6,0.3683391574697479,timesfm2.5,10756,0.5892525102268501,cafe.target_only_ablation_trial.v1,0.030054061762797558,0.042073551593401044,0.972471211761123,native
fev,0.436428307889311,covariate_impulse_response,2,6,0.40472509428568404,timesfm2.5,10756,0.583674228337672,cafe.target_only_ablation_trial.v1,0.03170321360362696,0.03653207787781019,0.5847715230688073,native
fev,0.49455010532348875,covariate_impulse_response,3,6,0.46379472135591676,timesfm2.5,10756,0.5819077724060989,cafe.target_only_ablation_trial.v1,0.030755383967572058,0.0283743879328589,0.3988982104106702,native
fev,0.5817476711632423,covariate_impulse_response,4,6,0.5529938296822235,timesfm2.5,10756,0.5896243956861287,cafe.target_only_ablation_trial.v1,0.02875384148101884,0.04018622436083377,0.28525602880713546,native
fev,0.7046747661618873,covariate_impulse_response,5,6,0.6793381395768492,timesfm2.5,10756,0.5821866865005578,cafe.target_only_ablation_trial.v1,0.025336626585038095,0.04003014682864082,0.21494623860160014,native
fev,3.5704483758053716,common_factor,1,8,3.576615081714254,tirex2,260,0.4653846153846154,cafe.target_only_ablation_trial.v1,-0.006166705908882695,-0.003957442950381135,0.16022519133561444,native
fev,4.197475354993607,common_factor,2,8,4.224209596098193,tirex2,260,0.5,cafe.target_only_ablation_trial.v1,-0.026734241104585086,-0.012052531270045873,0.10611000264201417,native
fev,4.686867508993753,common_factor,3,8,4.749982589439578,tirex2,260,0.49230769230769234,cafe.target_only_ablation_trial.v1,-0.06311508044582467,-0.0259821320305089,0.07290849376932222,native
fev,5.311223280010632,common_factor,4,8,5.3940605310927365,tirex2,260,0.49230769230769234,cafe.target_only_ablation_trial.v1,-0.08283725108210493,-0.03460945775897522,0.05402807668197851,native
fev,5.297723602383914,common_factor,5,8,5.346266804972928,tirex2,260,0.5115384615384615,cafe.target_only_ablation_trial.v1,-0.048543202589016,-0.021411743530235693,0.040553591669752954,native
fev,2.139486969814145,covariate_impulse_response,1,8,3.197856915713975,tirex2,17495,0.26470420120034294,cafe.target_only_ablation_trial.v1,-1.0583699458998295,0.03994091612970105,7.477528589844369,native
fev,2.142610923724114,covariate_impulse_response,2,8,3.1853207036674656,tirex2,17495,0.2743641040297228,cafe.target_only_ablation_trial.v1,-1.042709779943351,0.056800590532264245,4.715130011774913,native
fev,2.1487108265875343,covariate_impulse_response,3,8,3.171393602888652,tirex2,17495,0.2739639897113461,cafe.target_only_ablation_trial.v1,-1.0226827763011177,0.04087991215415901,3.212882137115872,native
fev,2.1597828294318093,covariate_impulse_response,4,8,3.1632927214317133,tirex2,17495,0.2672763646756216,cafe.target_only_ablation_trial.v1,-1.003509891999904,0.016666375173736536,2.2208712646750612,native
fev,2.1841527006184007,covariate_impulse_response,5,8,3.1673163872539085,tirex2,17495,0.2594455558731066,cafe.target_only_ablation_trial.v1,-0.9831636866355077,0.03800805508664984,1.5804641727014384,native
fev,3.1763141244498434,cross_series_dependence,1,8,3.187701986146175,tirex2,260,0.5307692307692308,cafe.target_only_ablation_trial.v1,-0.011387861696331962,-0.0051284301626267625,0.44974543359568153,native
fev,3.5532414607778295,cross_series_dependence,2,8,3.5667399928182655,tirex2,260,0.5192307692307693,cafe.target_only_ablation_trial.v1,-0.013498532040436599,-0.005872180786203425,0.29486291297889977,native
fev,4.010431584100908,cross_series_dependence,3,8,4.017723094095327,tirex2,260,0.5076923076923077,cafe.target_only_ablation_trial.v1,-0.0072915099944204365,-0.0036323741765993856,0.20094895809453725,native
fev,4.83446397529708,cross_series_dependence,4,8,4.871016920407306,tirex2,260,0.5076923076923077,cafe.target_only_ablation_trial.v1,-0.036552945110226755,-0.015973267560464348,0.13938440050731787,native
fev,5.890944902857126,cross_series_dependence,5,8,5.934098225343797,tirex2,260,0.5307692307692308,cafe.target_only_ablation_trial.v1,-0.04315332248667073,-0.017226925769423303,0.10519687266572017,native
fev,3.597611903881896,common_factor,1,8,3.246784097540128,toto2.0,260,0.5076923076923077,cafe.target_only_ablation_trial.v1,0.3508278063417684,0.14917229450071287,0.35127376995575943,native
fev,3.6057216016604863,common_factor,2,8,3.2644040531634313,toto2.0,260,0.5,cafe.target_only_ablation_trial.v1,0.3413175484970548,0.1419404743652313,0.21793780194343068,native
fev,3.5201448047128956,common_factor,3,8,3.1749576870401213,toto2.0,260,0.5076923076923077,cafe.target_only_ablation_trial.v1,0.34518711767277405,0.1426686952796574,0.15503599601856516,native
fev,3.4856420223227538,common_factor,4,8,3.1530509612885362,toto2.0,260,0.5038461538461538,cafe.target_only_ablation_trial.v1,0.33259106103421804,0.13797637445197042,0.11552382881481325,native
fev,3.3618004396117933,common_factor,5,8,3.1166111761127047,toto2.0,260,0.5,cafe.target_only_ablation_trial.v1,0.2451892634990887,0.10249085649378525,0.0851662335378131,native
fev,4.821300984469075,cross_series_dependence,1,8,3.6666801832759384,toto2.0,260,0.5923076923076923,cafe.target_only_ablation_trial.v1,1.154620801193137,0.47263038964854615,0.7748205287953718,native
fev,5.260111625761795,cross_series_dependence,2,8,4.076131158400268,toto2.0,260,0.6076923076923076,cafe.target_only_ablation_trial.v1,1.1839804673615255,0.4864163427105923,0.49280624616918617,native
fev,5.711364926258138,cross_series_dependence,3,8,4.495843943362068,toto2.0,260,0.65,cafe.target_only_ablation_trial.v1,1.2155209828960691,0.5019838255030614,0.35269996846599194,native
fev,6.600747525049911,cross_series_dependence,4,8,5.355355009803995,toto2.0,260,0.6807692307692308,cafe.target_only_ablation_trial.v1,1.2453925152459144,0.5168189570871166,0.2651865775304628,native
fev,7.873588300011687,cross_series_dependence,5,8,6.561064513763349,toto2.0,260,0.6692307692307692,cafe.target_only_ablation_trial.v1,1.3125237862483374,0.5467999634276712,0.1975280825803113,native
