suite,capability_id,left_model_id,right_model_id,paired_task_count,mean_difference_left_minus_right,paired_task_bootstrap_95_ci_lower,paired_task_bootstrap_95_ci_upper,significant_uncorrected,better_model_id
FEV-Mini20,trend,Chronos-2,Timer-4.0,18,-0.0449618828,-0.1158647081,-0.0005972567195,True,Chronos-2
FEV-Mini20,trend,Chronos-2,Timer-3.5,18,-0.004267009858,-0.1101960534,0.1563412638,False,
FEV-Mini20,trend,Chronos-2,timesfm2.5,18,0.0652021745,-0.04083665975,0.23550501,False,
FEV-Mini20,trend,Chronos-2,tirex2,18,0.04624918719,-0.01643469052,0.1484607043,False,
FEV-Mini20,trend,Chronos-2,moirai2,18,0.08895715941,-0.006661819757,0.2475156893,False,
FEV-Mini20,trend,Chronos-2,toto2.0,18,0.05288116955,-0.04737150685,0.2073134035,False,
FEV-Mini20,trend,Timer-4.0,Timer-3.5,18,0.04069487294,-0.101033183,0.2344244259,False,
FEV-Mini20,trend,Timer-4.0,timesfm2.5,18,0.1101640573,-0.03151304661,0.3165326333,False,
FEV-Mini20,trend,Timer-4.0,tirex2,18,0.09121106999,-0.008501445136,0.2297942487,False,
FEV-Mini20,trend,Timer-4.0,moirai2,18,0.1339190422,0.001275052358,0.3323471283,True,moirai2
FEV-Mini20,trend,Timer-4.0,toto2.0,18,0.09784305235,-0.03930199247,0.2893661625,False,
FEV-Mini20,trend,Timer-3.5,timesfm2.5,18,0.06946918435,0.03759096204,0.1020919896,True,timesfm2.5
FEV-Mini20,trend,Timer-3.5,tirex2,18,0.05051619704,-0.01461629577,0.1095699466,False,
FEV-Mini20,trend,Timer-3.5,moirai2,18,0.09322416926,0.06201221683,0.128480087,True,moirai2
FEV-Mini20,trend,Timer-3.5,toto2.0,18,0.0571481794,0.01756914927,0.09498065588,True,toto2.0
FEV-Mini20,trend,timesfm2.5,tirex2,18,-0.01895298731,-0.09167554413,0.03729827097,False,
FEV-Mini20,trend,timesfm2.5,moirai2,18,0.02375498491,0.001291211966,0.04757946462,True,moirai2
FEV-Mini20,trend,timesfm2.5,toto2.0,18,-0.01232100495,-0.04296570184,0.01558014332,False,
FEV-Mini20,trend,tirex2,moirai2,18,0.04270797222,-0.00272539109,0.1026504959,False,
FEV-Mini20,trend,tirex2,toto2.0,18,0.006631982358,-0.04657738941,0.06714529854,False,
FEV-Mini20,trend,moirai2,toto2.0,18,-0.03607598986,-0.05786696533,-0.01606139798,True,moirai2
FEV-Mini20,regime_switching,Chronos-2,Timer-4.0,20,0.03154998691,-0.02935630477,0.1281000994,False,
FEV-Mini20,regime_switching,Chronos-2,Timer-3.5,20,0.04930067466,-0.06099709073,0.2370911366,False,
FEV-Mini20,regime_switching,Chronos-2,timesfm2.5,20,0.09279427726,-0.02030363993,0.2893935432,False,
FEV-Mini20,regime_switching,Chronos-2,tirex2,20,0.07625222783,0.006594569741,0.2012808925,True,tirex2
FEV-Mini20,regime_switching,Chronos-2,moirai2,20,0.1098525038,-0.002071859414,0.3044084064,False,
FEV-Mini20,regime_switching,Chronos-2,toto2.0,20,0.1025147856,-0.01102806748,0.2979650164,False,
FEV-Mini20,regime_switching,Timer-4.0,Timer-3.5,20,0.01775068775,-0.05626662906,0.1240193084,False,
FEV-Mini20,regime_switching,Timer-4.0,timesfm2.5,20,0.06124429036,-0.0148802508,0.1811215224,False,
FEV-Mini20,regime_switching,Timer-4.0,tirex2,20,0.04470224092,0.009424161547,0.08877044926,True,tirex2
FEV-Mini20,regime_switching,Timer-4.0,moirai2,20,0.07830251687,0.001564447727,0.1949918949,True,moirai2
FEV-Mini20,regime_switching,Timer-4.0,toto2.0,20,0.07096479873,-0.007783619029,0.1878528245,False,
FEV-Mini20,regime_switching,Timer-3.5,timesfm2.5,20,0.04349360261,0.02225444074,0.06772662232,True,timesfm2.5
FEV-Mini20,regime_switching,Timer-3.5,tirex2,20,0.02695155317,-0.04198267199,0.08103036786,False,
FEV-Mini20,regime_switching,Timer-3.5,moirai2,20,0.06055182912,0.03636689499,0.08837933151,True,moirai2
FEV-Mini20,regime_switching,Timer-3.5,toto2.0,20,0.05321411098,0.03165565216,0.07570497591,True,toto2.0
FEV-Mini20,regime_switching,timesfm2.5,tirex2,20,-0.01654204943,-0.09608515155,0.04179214071,False,
FEV-Mini20,regime_switching,timesfm2.5,moirai2,20,0.01705822651,8.75710613e-05,0.0356073993,True,moirai2
FEV-Mini20,regime_switching,timesfm2.5,toto2.0,20,0.009720508367,-0.009398164118,0.02913284379,False,
FEV-Mini20,regime_switching,tirex2,moirai2,20,0.03360027594,-0.02364569333,0.1114666891,False,
FEV-Mini20,regime_switching,tirex2,toto2.0,20,0.0262625578,-0.03250699941,0.1039156652,False,
FEV-Mini20,regime_switching,moirai2,toto2.0,20,-0.007337718141,-0.01999848466,0.005042293452,False,
FEV-Mini20,common_factor,Chronos-2,Timer-4.0,9,-0.05588625517,-0.1726324389,0.04675356976,False,
FEV-Mini20,common_factor,Chronos-2,Timer-3.5,9,-0.07274999853,-0.1548113875,0.01582461391,False,
FEV-Mini20,common_factor,Chronos-2,timesfm2.5,9,-0.01490949174,-0.1217154623,0.1023275463,False,
FEV-Mini20,common_factor,Chronos-2,tirex2,9,-0.004885444461,-0.07979538062,0.09194573871,False,
FEV-Mini20,common_factor,Chronos-2,moirai2,9,-0.09404791337,-0.139760397,-0.05370621102,True,Chronos-2
FEV-Mini20,common_factor,Chronos-2,toto2.0,9,-0.008977730186,-0.0453323138,0.03705695502,False,
FEV-Mini20,common_factor,Timer-4.0,Timer-3.5,9,-0.01686374336,-0.07685374708,0.03969708341,False,
FEV-Mini20,common_factor,Timer-4.0,timesfm2.5,9,0.04097676343,-0.03175912375,0.1089032218,False,
FEV-Mini20,common_factor,Timer-4.0,tirex2,9,0.05100081071,-0.03920966384,0.1334547838,False,
FEV-Mini20,common_factor,Timer-4.0,moirai2,9,-0.03816165819,-0.1590799814,0.076441643,False,
FEV-Mini20,common_factor,Timer-4.0,toto2.0,9,0.04690852499,-0.03273276224,0.1420248899,False,
FEV-Mini20,common_factor,Timer-3.5,timesfm2.5,9,0.05784050679,0.006206092219,0.1102618194,True,timesfm2.5
FEV-Mini20,common_factor,Timer-3.5,tirex2,9,0.06786455407,0.0240709267,0.1097750665,True,tirex2
FEV-Mini20,common_factor,Timer-3.5,moirai2,9,-0.02129791484,-0.1393642595,0.06481846269,False,
FEV-Mini20,common_factor,Timer-3.5,toto2.0,9,0.06377226834,0.006590356191,0.1208676444,True,toto2.0
FEV-Mini20,common_factor,timesfm2.5,tirex2,9,0.01002404728,-0.02969251739,0.05553410768,False,
FEV-Mini20,common_factor,timesfm2.5,moirai2,9,-0.07913842162,-0.2273638946,0.03573905121,False,
FEV-Mini20,common_factor,timesfm2.5,toto2.0,9,0.005931761558,-0.07682159163,0.08758132753,False,
FEV-Mini20,common_factor,tirex2,moirai2,9,-0.08916246891,-0.2159829253,-0.001908379162,True,tirex2
FEV-Mini20,common_factor,tirex2,toto2.0,9,-0.004092285725,-0.06728313812,0.05421151372,False,
FEV-Mini20,common_factor,moirai2,toto2.0,9,0.08507018318,0.02960921639,0.1664276655,True,toto2.0
FEV-Mini20,covariate_impulse_response,Chronos-2,Timer-4.0,8,-0.08599295011,-0.1750675429,0.01218521401,False,
FEV-Mini20,covariate_impulse_response,Chronos-2,Timer-3.5,8,0.134423949,-0.09076341344,0.4238315759,False,
FEV-Mini20,covariate_impulse_response,Chronos-2,timesfm2.5,8,0.08565308061,-0.05662826783,0.2574263792,False,
FEV-Mini20,covariate_impulse_response,Chronos-2,tirex2,8,0.1256544898,-0.01092866842,0.3055906482,False,
FEV-Mini20,covariate_impulse_response,Chronos-2,moirai2,8,0.1018564361,-0.1718385017,0.4398083388,False,
FEV-Mini20,covariate_impulse_response,Chronos-2,toto2.0,8,0.2256482273,0.01658178414,0.4952287375,True,toto2.0
FEV-Mini20,covariate_impulse_response,Timer-4.0,Timer-3.5,8,0.2204168992,0.007043995089,0.4909827296,True,Timer-3.5
FEV-Mini20,covariate_impulse_response,Timer-4.0,timesfm2.5,8,0.1716460307,0.02512090254,0.3914279051,True,timesfm2.5
FEV-Mini20,covariate_impulse_response,Timer-4.0,tirex2,8,0.2116474399,0.07704601411,0.3747572135,True,tirex2
FEV-Mini20,covariate_impulse_response,Timer-4.0,moirai2,8,0.1878493862,-0.06828090215,0.4776506933,False,
FEV-Mini20,covariate_impulse_response,Timer-4.0,toto2.0,8,0.3116411774,0.1066711892,0.5583285085,True,toto2.0
FEV-Mini20,covariate_impulse_response,Timer-3.5,timesfm2.5,8,-0.04877086843,-0.2352011316,0.05868370668,False,
FEV-Mini20,covariate_impulse_response,Timer-3.5,tirex2,8,-0.008769459258,-0.12278363,0.09883995071,False,
FEV-Mini20,covariate_impulse_response,Timer-3.5,moirai2,8,-0.03256751292,-0.1057668248,0.03255452275,False,
FEV-Mini20,covariate_impulse_response,Timer-3.5,toto2.0,8,0.09122427827,0.02401342888,0.1663211272,True,toto2.0
FEV-Mini20,covariate_impulse_response,timesfm2.5,tirex2,8,0.04000140917,-0.07431715557,0.1679850155,False,
FEV-Mini20,covariate_impulse_response,timesfm2.5,moirai2,8,0.01620335551,-0.1362617614,0.2471656807,False,
FEV-Mini20,covariate_impulse_response,timesfm2.5,toto2.0,8,0.1399951467,-0.0009875941551,0.3313558906,False,
FEV-Mini20,covariate_impulse_response,tirex2,moirai2,8,-0.02379805366,-0.1912908744,0.1378404719,False,
FEV-Mini20,covariate_impulse_response,tirex2,toto2.0,8,0.09999373753,0.02330717526,0.1933584402,True,toto2.0
FEV-Mini20,covariate_impulse_response,moirai2,toto2.0,8,0.1237917912,0.02727925239,0.2547362449,True,toto2.0
FEV-Mini20,time_varying_seasonality,Chronos-2,Timer-4.0,20,-0.03379301304,-0.1087638327,0.0458226337,False,
FEV-Mini20,time_varying_seasonality,Chronos-2,Timer-3.5,20,0.05639101274,-0.0634180662,0.236629255,False,
FEV-Mini20,time_varying_seasonality,Chronos-2,timesfm2.5,20,0.07838483911,-0.05970440256,0.2807559482,False,
FEV-Mini20,time_varying_seasonality,Chronos-2,tirex2,20,0.01806077507,-0.02815769559,0.0632867178,False,
FEV-Mini20,time_varying_seasonality,Chronos-2,moirai2,20,0.01450486002,-0.1194037146,0.2093753221,False,
FEV-Mini20,time_varying_seasonality,Chronos-2,toto2.0,20,0.1493191189,0.03445773411,0.323183963,True,toto2.0
FEV-Mini20,time_varying_seasonality,Timer-4.0,Timer-3.5,20,0.09018402578,-0.03335524894,0.2426379601,False,
FEV-Mini20,time_varying_seasonality,Timer-4.0,timesfm2.5,20,0.1121778522,-0.02724670088,0.2826527484,False,
FEV-Mini20,time_varying_seasonality,Timer-4.0,tirex2,20,0.05185378811,-0.0490765232,0.1506067621,False,
FEV-Mini20,time_varying_seasonality,Timer-4.0,moirai2,20,0.04829787306,-0.07569158737,0.2032300454,False,
FEV-Mini20,time_varying_seasonality,Timer-4.0,toto2.0,20,0.183112132,0.06949350634,0.3185208078,True,toto2.0
FEV-Mini20,time_varying_seasonality,Timer-3.5,timesfm2.5,20,0.02199382637,-0.03034916492,0.07159981355,False,
FEV-Mini20,time_varying_seasonality,Timer-3.5,tirex2,20,-0.03833023768,-0.2266011996,0.07923802081,False,
FEV-Mini20,time_varying_seasonality,Timer-3.5,moirai2,20,-0.04188615273,-0.1253860844,0.02040973193,False,
FEV-Mini20,time_varying_seasonality,Timer-3.5,toto2.0,20,0.0929281062,0.01972669614,0.1646607572,True,toto2.0
FEV-Mini20,time_varying_seasonality,timesfm2.5,tirex2,20,-0.06032406404,-0.275099468,0.07964517815,False,
FEV-Mini20,time_varying_seasonality,timesfm2.5,moirai2,20,-0.06387997909,-0.144557259,0.003303607809,False,
FEV-Mini20,time_varying_seasonality,timesfm2.5,toto2.0,20,0.07093427984,-0.00117000254,0.1390295364,False,
FEV-Mini20,time_varying_seasonality,tirex2,moirai2,20,-0.00355591505,-0.1519750582,0.2088244954,False,
FEV-Mini20,time_varying_seasonality,tirex2,toto2.0,20,0.1312583439,0.005797014414,0.3221645158,True,toto2.0
FEV-Mini20,time_varying_seasonality,moirai2,toto2.0,20,0.1348142589,0.06367934274,0.2145556616,True,toto2.0
FEV-Mini20,multi_seasonal,Chronos-2,Timer-4.0,20,-0.05724719551,-0.2300058084,0.1562060782,False,
FEV-Mini20,multi_seasonal,Chronos-2,Timer-3.5,20,0.05890302014,-0.1635898253,0.3342290169,False,
FEV-Mini20,multi_seasonal,Chronos-2,timesfm2.5,20,0.2482194853,0.01985438485,0.5247097293,True,timesfm2.5
FEV-Mini20,multi_seasonal,Chronos-2,tirex2,20,0.1596237853,0.01465692675,0.3519456986,True,tirex2
FEV-Mini20,multi_seasonal,Chronos-2,moirai2,20,-0.01074277403,-0.2690925492,0.2788955273,False,
FEV-Mini20,multi_seasonal,Chronos-2,toto2.0,20,0.3925031307,0.1996810308,0.6273621526,True,toto2.0
FEV-Mini20,multi_seasonal,Timer-4.0,Timer-3.5,20,0.1161502157,-0.04878705413,0.3085795444,False,
FEV-Mini20,multi_seasonal,Timer-4.0,timesfm2.5,20,0.3054666808,0.1011124032,0.5499658429,True,timesfm2.5
FEV-Mini20,multi_seasonal,Timer-4.0,tirex2,20,0.2168709808,0.06781517264,0.408960628,True,tirex2
FEV-Mini20,multi_seasonal,Timer-4.0,moirai2,20,0.04650442148,-0.1258952882,0.2490039034,False,
FEV-Mini20,multi_seasonal,Timer-4.0,toto2.0,20,0.4497503262,0.2893131175,0.6320775144,True,toto2.0
FEV-Mini20,multi_seasonal,Timer-3.5,timesfm2.5,20,0.1893164651,0.1022168549,0.3054811532,True,timesfm2.5
FEV-Mini20,multi_seasonal,Timer-3.5,tirex2,20,0.1007207651,-0.09935168026,0.2622646313,False,
FEV-Mini20,multi_seasonal,Timer-3.5,moirai2,20,-0.06964579418,-0.1920667961,0.03345958187,False,
FEV-Mini20,multi_seasonal,Timer-3.5,toto2.0,20,0.3336001105,0.2390119614,0.4328496584,True,toto2.0
FEV-Mini20,multi_seasonal,timesfm2.5,tirex2,20,-0.08859569996,-0.2805348635,0.03752863164,False,
FEV-Mini20,multi_seasonal,timesfm2.5,moirai2,20,-0.2589622593,-0.4777947748,-0.1072902702,True,timesfm2.5
FEV-Mini20,multi_seasonal,timesfm2.5,toto2.0,20,0.1442836454,0.06490787504,0.2176970609,True,toto2.0
FEV-Mini20,multi_seasonal,tirex2,moirai2,20,-0.1703665593,-0.4250924054,0.0722868864,False,
FEV-Mini20,multi_seasonal,tirex2,toto2.0,20,0.2328793454,0.1137921832,0.3890421082,True,toto2.0
FEV-Mini20,multi_seasonal,moirai2,toto2.0,20,0.4032459047,0.2620135974,0.5808289624,True,toto2.0
FEV-Mini20,predictable_intermittency,Chronos-2,Timer-4.0,18,-0.2090135482,-0.5266777767,-0.03011926814,True,Chronos-2
FEV-Mini20,predictable_intermittency,Chronos-2,Timer-3.5,18,-0.02917488686,-0.2651947527,0.1557884224,False,
FEV-Mini20,predictable_intermittency,Chronos-2,timesfm2.5,18,0.06932758189,-0.03319899192,0.2134849199,False,
FEV-Mini20,predictable_intermittency,Chronos-2,tirex2,18,0.03975881827,0.00452035346,0.08499625559,True,tirex2
FEV-Mini20,predictable_intermittency,Chronos-2,moirai2,18,-0.1284195088,-0.487869989,0.1143885749,False,
FEV-Mini20,predictable_intermittency,Chronos-2,toto2.0,18,0.08218948823,-0.002586992517,0.2044416699,False,
FEV-Mini20,predictable_intermittency,Timer-4.0,Timer-3.5,18,0.1798386613,0.05049567914,0.3392140134,True,Timer-3.5
FEV-Mini20,predictable_intermittency,Timer-4.0,timesfm2.5,18,0.2783411301,0.05411512671,0.6026391987,True,timesfm2.5
FEV-Mini20,predictable_intermittency,Timer-4.0,tirex2,18,0.2487723664,0.05480647826,0.5885144054,True,tirex2
FEV-Mini20,predictable_intermittency,Timer-4.0,moirai2,18,0.08059403938,-0.01156745553,0.2036870458,False,
FEV-Mini20,predictable_intermittency,Timer-4.0,toto2.0,18,0.2912030364,0.05722378639,0.6417500789,True,toto2.0
FEV-Mini20,predictable_intermittency,Timer-3.5,timesfm2.5,18,0.09850246875,-0.004841229943,0.2705848828,False,
FEV-Mini20,predictable_intermittency,Timer-3.5,tirex2,18,0.06893370513,-0.1097302742,0.316135819,False,
FEV-Mini20,predictable_intermittency,Timer-3.5,moirai2,18,-0.09924462194,-0.2353455571,-0.01417121567,True,Timer-3.5
FEV-Mini20,predictable_intermittency,Timer-3.5,toto2.0,18,0.1113643751,-0.01623989272,0.3192649326,False,
FEV-Mini20,predictable_intermittency,timesfm2.5,tirex2,18,-0.02956876362,-0.1587073661,0.06523256412,False,
FEV-Mini20,predictable_intermittency,timesfm2.5,moirai2,18,-0.1977470907,-0.4903453155,-0.03327374055,True,timesfm2.5
FEV-Mini20,predictable_intermittency,timesfm2.5,toto2.0,18,0.01286190634,-0.03099034575,0.06089914109,False,
FEV-Mini20,predictable_intermittency,tirex2,moirai2,18,-0.1681783271,-0.5379549706,0.07110536125,False,
FEV-Mini20,predictable_intermittency,tirex2,toto2.0,18,0.04243066995,-0.03585497796,0.1542162844,False,
FEV-Mini20,predictable_intermittency,moirai2,toto2.0,18,0.210608997,0.03493926437,0.5325685783,True,toto2.0
FEV-Mini20,cross_series_dependence,Chronos-2,Timer-4.0,9,-0.07243505903,-0.1551416846,-0.01147801643,True,Chronos-2
FEV-Mini20,cross_series_dependence,Chronos-2,Timer-3.5,9,-0.06379055449,-0.1015528224,-0.0318903218,True,Chronos-2
FEV-Mini20,cross_series_dependence,Chronos-2,timesfm2.5,9,-0.04483495969,-0.09853623205,0.001008236606,False,
FEV-Mini20,cross_series_dependence,Chronos-2,tirex2,9,0.0008923859484,-0.0136825429,0.01582231415,False,
FEV-Mini20,cross_series_dependence,Chronos-2,moirai2,9,-0.1161181403,-0.2218288958,-0.03578659287,True,Chronos-2
FEV-Mini20,cross_series_dependence,Chronos-2,toto2.0,9,-0.03359869192,-0.09261018159,0.01195812854,False,
FEV-Mini20,cross_series_dependence,Timer-4.0,Timer-3.5,9,0.008644504542,-0.0476903198,0.08954813353,False,
FEV-Mini20,cross_series_dependence,Timer-4.0,timesfm2.5,9,0.02760009934,-0.01554728684,0.08012881555,False,
FEV-Mini20,cross_series_dependence,Timer-4.0,tirex2,9,0.07332744498,0.0002280747322,0.1697459921,True,tirex2
FEV-Mini20,cross_series_dependence,Timer-4.0,moirai2,9,-0.04368308127,-0.1717505997,0.0632843231,False,
FEV-Mini20,cross_series_dependence,Timer-4.0,toto2.0,9,0.03883636711,-0.03339561671,0.1418652081,False,
FEV-Mini20,cross_series_dependence,Timer-3.5,timesfm2.5,9,0.01895559479,-0.03006789954,0.07450001995,False,
FEV-Mini20,cross_series_dependence,Timer-3.5,tirex2,9,0.06468294043,0.02462472475,0.1107243466,True,tirex2
FEV-Mini20,cross_series_dependence,Timer-3.5,moirai2,9,-0.05232758581,-0.1673623898,0.03826062674,False,
FEV-Mini20,cross_series_dependence,Timer-3.5,toto2.0,9,0.03019186257,-0.02406762806,0.09026598979,False,
FEV-Mini20,cross_series_dependence,timesfm2.5,tirex2,9,0.04572734564,-0.007445318863,0.1110072087,False,
FEV-Mini20,cross_series_dependence,timesfm2.5,moirai2,9,-0.07128318061,-0.1936900239,0.01506487671,False,
FEV-Mini20,cross_series_dependence,timesfm2.5,toto2.0,9,0.01123626777,-0.03228128238,0.06757822476,False,
FEV-Mini20,cross_series_dependence,tirex2,moirai2,9,-0.1170105262,-0.2165323546,-0.03778370614,True,tirex2
FEV-Mini20,cross_series_dependence,tirex2,toto2.0,9,-0.03449107787,-0.0982119312,0.007325031733,False,
FEV-Mini20,cross_series_dependence,moirai2,toto2.0,9,0.08251944838,-0.003847809921,0.1849809015,False,
GIFT-Long,trend,Chronos-2,Timer-4.0,10,-0.07514009836,-0.1039238104,-0.04822353612,True,Chronos-2
GIFT-Long,trend,Chronos-2,Timer-3.5,10,-0.1287128074,-0.1808039091,-0.08207543818,True,Chronos-2
GIFT-Long,trend,Chronos-2,timesfm2.5,10,-0.06214587415,-0.1227781738,-0.02203881055,True,Chronos-2
GIFT-Long,trend,Chronos-2,moirai2,10,-0.1509726356,-0.2138040121,-0.09771107903,True,Chronos-2
GIFT-Long,trend,Chronos-2,toto2.0,10,-0.195026245,-0.3403260759,-0.07922325163,True,Chronos-2
GIFT-Long,trend,Timer-4.0,Timer-3.5,10,-0.05357270899,-0.1031251011,-0.01159584895,True,Timer-4.0
GIFT-Long,trend,Timer-4.0,timesfm2.5,10,0.01299422421,-0.05584623347,0.0602522982,False,
GIFT-Long,trend,Timer-4.0,moirai2,10,-0.07583253728,-0.1328086247,-0.02864186736,True,Timer-4.0
GIFT-Long,trend,Timer-4.0,toto2.0,10,-0.1198861466,-0.2861354713,0.01182835369,False,
GIFT-Long,trend,Timer-3.5,timesfm2.5,10,0.0665669332,0.004433569011,0.1259017596,True,timesfm2.5
GIFT-Long,trend,Timer-3.5,moirai2,10,-0.02225982829,-0.08733259086,0.03212398301,False,
GIFT-Long,trend,Timer-3.5,toto2.0,10,-0.06631343766,-0.230016252,0.07603206796,False,
GIFT-Long,trend,timesfm2.5,moirai2,10,-0.08882676149,-0.1623171092,-0.01101945301,True,timesfm2.5
GIFT-Long,trend,timesfm2.5,toto2.0,10,-0.1328803709,-0.2532253494,-0.03737864101,True,timesfm2.5
GIFT-Long,trend,moirai2,toto2.0,10,-0.04405360937,-0.2208488314,0.1043536003,False,
GIFT-Long,regime_switching,Chronos-2,Timer-4.0,11,-0.07493029919,-0.1047328898,-0.04550020022,True,Chronos-2
GIFT-Long,regime_switching,Chronos-2,Timer-3.5,11,-0.1100716061,-0.1515407713,-0.07048605236,True,Chronos-2
GIFT-Long,regime_switching,Chronos-2,timesfm2.5,11,-0.04110937948,-0.06077595064,-0.02611432982,True,Chronos-2
GIFT-Long,regime_switching,Chronos-2,moirai2,11,-0.2617825564,-0.3849489539,-0.1594941811,True,Chronos-2
GIFT-Long,regime_switching,Chronos-2,toto2.0,11,-0.2004396869,-0.2803982006,-0.1264755197,True,Chronos-2
GIFT-Long,regime_switching,Timer-4.0,Timer-3.5,11,-0.03514130688,-0.06745010185,-0.007768087553,True,Timer-4.0
GIFT-Long,regime_switching,Timer-4.0,timesfm2.5,11,0.03382091971,0.01272496512,0.05589836337,True,timesfm2.5
GIFT-Long,regime_switching,Timer-4.0,moirai2,11,-0.1868522572,-0.3240147597,-0.07095536302,True,Timer-4.0
GIFT-Long,regime_switching,Timer-4.0,toto2.0,11,-0.1255093877,-0.2250245573,-0.02954338978,True,Timer-4.0
GIFT-Long,regime_switching,Timer-3.5,timesfm2.5,11,0.0689622266,0.03569594375,0.1070420685,True,timesfm2.5
GIFT-Long,regime_switching,Timer-3.5,moirai2,11,-0.1517109503,-0.2932467892,-0.03672373201,True,Timer-3.5
GIFT-Long,regime_switching,Timer-3.5,toto2.0,11,-0.0903680808,-0.1975258506,0.01531736792,False,
GIFT-Long,regime_switching,timesfm2.5,moirai2,11,-0.2206731769,-0.3473142467,-0.1153005626,True,timesfm2.5
GIFT-Long,regime_switching,timesfm2.5,toto2.0,11,-0.1593303074,-0.2440411628,-0.07341728568,True,timesfm2.5
GIFT-Long,regime_switching,moirai2,toto2.0,11,0.06134286954,-0.07804643191,0.2089387866,False,
GIFT-Long,common_factor,Chronos-2,Timer-4.0,4,-0.3744131894,-0.6280520406,-0.1483794917,True,Chronos-2
GIFT-Long,common_factor,Chronos-2,Timer-3.5,4,-0.3534641305,-0.5636061696,-0.1886512471,True,Chronos-2
GIFT-Long,common_factor,Chronos-2,timesfm2.5,4,-0.3866149515,-0.6277498058,-0.1454800972,True,Chronos-2
GIFT-Long,common_factor,Chronos-2,moirai2,4,-0.699041517,-1.283799298,-0.3780925478,True,Chronos-2
GIFT-Long,common_factor,Chronos-2,toto2.0,4,-0.2778859619,-0.509876,-0.08155623049,True,Chronos-2
GIFT-Long,common_factor,Timer-4.0,Timer-3.5,4,0.02094905886,-0.1006969878,0.1426632343,False,
GIFT-Long,common_factor,Timer-4.0,timesfm2.5,4,-0.01220176214,-0.2322044255,0.1776601115,False,
GIFT-Long,common_factor,Timer-4.0,moirai2,4,-0.3246283276,-0.6746021966,-0.04489052879,True,Timer-4.0
GIFT-Long,common_factor,Timer-4.0,toto2.0,4,0.09652722746,0.0599608724,0.1184688462,True,toto2.0
GIFT-Long,common_factor,Timer-3.5,timesfm2.5,4,-0.033150821,-0.1834283877,0.04891091875,False,
GIFT-Long,common_factor,Timer-3.5,moirai2,4,-0.3455773865,-0.7201931286,-0.1270977303,True,Timer-3.5
GIFT-Long,common_factor,Timer-3.5,toto2.0,4,0.0755781686,-0.0442745439,0.1805509256,False,
GIFT-Long,common_factor,timesfm2.5,moirai2,4,-0.3124265655,-0.7569448313,0.05227758543,False,
GIFT-Long,common_factor,timesfm2.5,toto2.0,4,0.1087289896,-0.08170592505,0.3509660773,False,
GIFT-Long,common_factor,moirai2,toto2.0,4,0.4211555551,0.1364422328,0.7927782372,True,toto2.0
GIFT-Long,covariate_impulse_response,Chronos-2,Timer-4.0,3,-0.1735161359,-0.4327681411,-0.006403699561,True,Chronos-2
GIFT-Long,covariate_impulse_response,Chronos-2,Timer-3.5,3,-0.1962062912,-0.4437322126,-0.0325706393,True,Chronos-2
GIFT-Long,covariate_impulse_response,Chronos-2,timesfm2.5,3,0.062318694,-0.01531437931,0.1413843665,False,
GIFT-Long,covariate_impulse_response,Chronos-2,moirai2,3,-0.0928981036,-0.312980453,0.03038601456,False,
GIFT-Long,covariate_impulse_response,Chronos-2,toto2.0,3,-0.460035847,-1.634384736,0.1786221786,False,
GIFT-Long,covariate_impulse_response,Timer-4.0,Timer-3.5,3,-0.02269015525,-0.105912322,0.04880592775,False,
GIFT-Long,covariate_impulse_response,Timer-4.0,timesfm2.5,3,0.2358348299,-0.008910679746,0.5741525076,False,
GIFT-Long,covariate_impulse_response,Timer-4.0,moirai2,3,0.08061803231,0.01030382723,0.1197876881,True,moirai2
GIFT-Long,covariate_impulse_response,Timer-4.0,toto2.0,3,-0.2865197111,-1.201616594,0.1850258782,False,
GIFT-Long,covariate_impulse_response,Timer-3.5,timesfm2.5,3,0.2585249851,0.09345673407,0.5851165791,True,timesfm2.5
GIFT-Long,covariate_impulse_response,Timer-3.5,moirai2,3,0.1033081876,0.06295665385,0.1307517596,True,moirai2
GIFT-Long,covariate_impulse_response,Timer-3.5,toto2.0,3,-0.2638295559,-1.190652523,0.2909382002,False,
GIFT-Long,covariate_impulse_response,timesfm2.5,moirai2,3,-0.1552167976,-0.4543648196,0.01921450697,False,
GIFT-Long,covariate_impulse_response,timesfm2.5,toto2.0,3,-0.522354541,-1.775769102,0.1939365579,False,
GIFT-Long,covariate_impulse_response,moirai2,toto2.0,3,-0.3671377434,-1.321404282,0.1747220509,False,
GIFT-Long,time_varying_seasonality,Chronos-2,Timer-4.0,10,-0.2640199081,-0.4478131863,-0.07717748413,True,Chronos-2
GIFT-Long,time_varying_seasonality,Chronos-2,Timer-3.5,10,-0.3633934065,-0.7768668779,-0.07361997181,True,Chronos-2
GIFT-Long,time_varying_seasonality,Chronos-2,timesfm2.5,10,-0.1017770533,-0.1956126908,0.004011449715,False,
GIFT-Long,time_varying_seasonality,Chronos-2,moirai2,10,-0.3306946405,-0.5928634952,-0.1474969598,True,Chronos-2
GIFT-Long,time_varying_seasonality,Chronos-2,toto2.0,10,-0.2594678615,-0.815557965,0.1413090008,False,
GIFT-Long,time_varying_seasonality,Timer-4.0,Timer-3.5,10,-0.09937349844,-0.4544733768,0.1457347355,False,
GIFT-Long,time_varying_seasonality,Timer-4.0,timesfm2.5,10,0.1622428547,0.02393303423,0.320601596,True,timesfm2.5
GIFT-Long,time_varying_seasonality,Timer-4.0,moirai2,10,-0.06667473244,-0.3054392437,0.1550025361,False,
GIFT-Long,time_varying_seasonality,Timer-4.0,toto2.0,10,0.004552046592,-0.5052051572,0.4069761776,False,
GIFT-Long,time_varying_seasonality,Timer-3.5,timesfm2.5,10,0.2616163532,-0.01244684788,0.6676130741,False,
GIFT-Long,time_varying_seasonality,Timer-3.5,moirai2,10,0.032698766,-0.1342100221,0.226462038,False,
GIFT-Long,time_varying_seasonality,Timer-3.5,toto2.0,10,0.103925545,-0.15596385,0.3733421042,False,
GIFT-Long,time_varying_seasonality,timesfm2.5,moirai2,10,-0.2289175872,-0.4810004608,-0.05295016899,True,timesfm2.5
GIFT-Long,time_varying_seasonality,timesfm2.5,toto2.0,10,-0.1576908081,-0.7046375148,0.2327130568,False,
GIFT-Long,time_varying_seasonality,moirai2,toto2.0,10,0.07122677903,-0.2529697092,0.3366307829,False,
GIFT-Long,multi_seasonal,Chronos-2,Timer-4.0,11,-0.09942509585,-0.2255810366,0.02710085417,False,
GIFT-Long,multi_seasonal,Chronos-2,Timer-3.5,11,-0.2533161485,-0.396444929,-0.1272547598,True,Chronos-2
GIFT-Long,multi_seasonal,Chronos-2,timesfm2.5,11,-0.05146023866,-0.1462855033,0.04358119028,False,
GIFT-Long,multi_seasonal,Chronos-2,moirai2,11,-0.7230351763,-1.257284352,-0.263142752,True,Chronos-2
GIFT-Long,multi_seasonal,Chronos-2,toto2.0,11,-0.08322366051,-0.5464960683,0.2632162284,False,
GIFT-Long,multi_seasonal,Timer-4.0,Timer-3.5,11,-0.1538910527,-0.2770399526,-0.02123203977,True,Timer-4.0
GIFT-Long,multi_seasonal,Timer-4.0,timesfm2.5,11,0.04796485719,-0.07473486421,0.1718252031,False,
GIFT-Long,multi_seasonal,Timer-4.0,moirai2,11,-0.6236100805,-1.17763543,-0.1364905022,True,Timer-4.0
GIFT-Long,multi_seasonal,Timer-4.0,toto2.0,11,0.01620143534,-0.4840451256,0.4117919004,False,
GIFT-Long,multi_seasonal,Timer-3.5,timesfm2.5,11,0.2018559099,0.0513750215,0.3588087262,True,timesfm2.5
GIFT-Long,multi_seasonal,Timer-3.5,moirai2,11,-0.4697190278,-1.0110318,0.0021248441,False,
GIFT-Long,multi_seasonal,Timer-3.5,toto2.0,11,0.170092488,-0.2535885678,0.519349483,False,
GIFT-Long,multi_seasonal,timesfm2.5,moirai2,11,-0.6715749377,-1.183225994,-0.2351924362,True,timesfm2.5
GIFT-Long,multi_seasonal,timesfm2.5,toto2.0,11,-0.03176342185,-0.4931074715,0.3256547653,False,
GIFT-Long,multi_seasonal,moirai2,toto2.0,11,0.6398115158,0.1066870724,1.230378239,True,toto2.0
GIFT-Long,predictable_intermittency,Chronos-2,Timer-4.0,11,-0.2027044276,-0.3259246192,-0.09210610595,True,Chronos-2
GIFT-Long,predictable_intermittency,Chronos-2,Timer-3.5,11,-0.06722134495,-0.1154689629,-0.02164455489,True,Chronos-2
GIFT-Long,predictable_intermittency,Chronos-2,timesfm2.5,11,-0.0174669504,-0.07999145251,0.03153869888,False,
GIFT-Long,predictable_intermittency,Chronos-2,moirai2,11,-0.6320484393,-1.738787331,0.0004796540323,False,
GIFT-Long,predictable_intermittency,Chronos-2,toto2.0,11,-0.132944001,-0.4405033541,0.06405645449,False,
GIFT-Long,predictable_intermittency,Timer-4.0,Timer-3.5,11,0.1354830827,0.03419257862,0.2497114397,True,Timer-3.5
GIFT-Long,predictable_intermittency,Timer-4.0,timesfm2.5,11,0.1852374772,0.09214510012,0.289630646,True,timesfm2.5
GIFT-Long,predictable_intermittency,Timer-4.0,moirai2,11,-0.4293440116,-1.507947219,0.189749973,False,
GIFT-Long,predictable_intermittency,Timer-4.0,toto2.0,11,0.06976042666,-0.3238397699,0.3646729358,False,
GIFT-Long,predictable_intermittency,Timer-3.5,timesfm2.5,11,0.04975439455,-0.02472927098,0.1289756681,False,
GIFT-Long,predictable_intermittency,Timer-3.5,moirai2,11,-0.5648270943,-1.673090199,0.08213288614,False,
GIFT-Long,predictable_intermittency,Timer-3.5,toto2.0,11,-0.06572265603,-0.4115233084,0.1646640982,False,
GIFT-Long,predictable_intermittency,timesfm2.5,moirai2,11,-0.6145814889,-1.69275727,-0.01813657348,True,timesfm2.5
GIFT-Long,predictable_intermittency,timesfm2.5,toto2.0,11,-0.1154770506,-0.4448740372,0.1040741333,False,
GIFT-Long,predictable_intermittency,moirai2,toto2.0,11,0.4991044383,-0.3055981582,1.686409096,False,
GIFT-Long,cross_series_dependence,Chronos-2,Timer-4.0,6,-0.07271061012,-0.1486455182,-0.02364079193,True,Chronos-2
GIFT-Long,cross_series_dependence,Chronos-2,Timer-3.5,6,-0.1013353256,-0.1864965319,-0.03432794669,True,Chronos-2
GIFT-Long,cross_series_dependence,Chronos-2,timesfm2.5,6,-0.1647480457,-0.2669546479,-0.07143613136,True,Chronos-2
GIFT-Long,cross_series_dependence,Chronos-2,moirai2,6,-0.1253784111,-0.2106120198,-0.05020749034,True,Chronos-2
GIFT-Long,cross_series_dependence,Chronos-2,toto2.0,6,-0.4323546974,-0.9044336252,-0.09945408048,True,Chronos-2
GIFT-Long,cross_series_dependence,Timer-4.0,Timer-3.5,6,-0.0286247155,-0.1235223681,0.06489105952,False,
GIFT-Long,cross_series_dependence,Timer-4.0,timesfm2.5,6,-0.09203743559,-0.1974334583,-0.01072893361,True,Timer-4.0
GIFT-Long,cross_series_dependence,Timer-4.0,moirai2,6,-0.05266780094,-0.1076182697,-0.01035960866,True,Timer-4.0
GIFT-Long,cross_series_dependence,Timer-4.0,toto2.0,6,-0.3596440873,-0.8117758168,-0.03243912333,True,Timer-4.0
GIFT-Long,cross_series_dependence,Timer-3.5,timesfm2.5,6,-0.06341272008,-0.2029204078,0.07756475265,False,
GIFT-Long,cross_series_dependence,Timer-3.5,moirai2,6,-0.02404308544,-0.1086337322,0.0507683027,False,
GIFT-Long,cross_series_dependence,Timer-3.5,toto2.0,6,-0.3310193718,-0.7975908015,0.004572166162,False,
GIFT-Long,cross_series_dependence,timesfm2.5,moirai2,6,0.03936963465,-0.07061560021,0.1622868721,False,
GIFT-Long,cross_series_dependence,timesfm2.5,toto2.0,6,-0.2676066517,-0.719011695,0.10036244,False,
GIFT-Long,cross_series_dependence,moirai2,toto2.0,6,-0.3069762864,-0.7777306375,-0.002853397051,True,moirai2
GIFT-Medium,trend,Chronos-2,Timer-4.0,9,-0.0969445125,-0.1716967377,-0.03792673506,True,Chronos-2
GIFT-Medium,trend,Chronos-2,Timer-3.5,9,-0.2126447401,-0.3781406806,-0.08003878062,True,Chronos-2
GIFT-Medium,trend,Chronos-2,timesfm2.5,9,-0.2081971253,-0.5118963176,-0.03268794707,True,Chronos-2
GIFT-Medium,trend,Chronos-2,moirai2,9,-0.2423279412,-0.4349216014,-0.1046746466,True,Chronos-2
GIFT-Medium,trend,Chronos-2,toto2.0,9,-0.5394271616,-1.373628144,-0.06345310881,True,Chronos-2
GIFT-Medium,trend,Timer-4.0,Timer-3.5,9,-0.1157002276,-0.2920461526,0.008682093349,False,
GIFT-Medium,trend,Timer-4.0,timesfm2.5,9,-0.1112526128,-0.4292746411,0.06700473672,False,
GIFT-Medium,trend,Timer-4.0,moirai2,9,-0.1453834287,-0.3347075249,-0.01734408511,True,Timer-4.0
GIFT-Medium,trend,Timer-4.0,toto2.0,9,-0.4424826491,-1.319594882,0.0817082817,False,
GIFT-Medium,trend,Timer-3.5,timesfm2.5,9,0.004447614821,-0.1704159593,0.1284706075,False,
GIFT-Medium,trend,Timer-3.5,moirai2,9,-0.02968320108,-0.293641218,0.2059224123,False,
GIFT-Medium,trend,Timer-3.5,toto2.0,9,-0.3267824215,-1.05569761,0.1339362619,False,
GIFT-Medium,trend,timesfm2.5,moirai2,9,-0.0341308159,-0.3483805019,0.3532463376,False,
GIFT-Medium,trend,timesfm2.5,toto2.0,9,-0.3312300363,-0.892249653,0.02252724621,False,
GIFT-Medium,trend,moirai2,toto2.0,9,-0.2970992204,-1.216439284,0.3075062144,False,
GIFT-Medium,regime_switching,Chronos-2,Timer-4.0,11,-0.07140285121,-0.1017852062,-0.0425459934,True,Chronos-2
GIFT-Medium,regime_switching,Chronos-2,Timer-3.5,11,-0.1375957809,-0.2180884441,-0.07746556615,True,Chronos-2
GIFT-Medium,regime_switching,Chronos-2,timesfm2.5,11,-0.07731486181,-0.1332250979,-0.03078769818,True,Chronos-2
GIFT-Medium,regime_switching,Chronos-2,moirai2,11,-0.2228230443,-0.3338357605,-0.1260271333,True,Chronos-2
GIFT-Medium,regime_switching,Chronos-2,toto2.0,11,-0.1226162279,-0.1736245098,-0.06956526768,True,Chronos-2
GIFT-Medium,regime_switching,Timer-4.0,Timer-3.5,11,-0.06619292973,-0.1433613807,-0.01191162973,True,Timer-4.0
GIFT-Medium,regime_switching,Timer-4.0,timesfm2.5,11,-0.005912010601,-0.06046660057,0.03829344667,False,
GIFT-Medium,regime_switching,Timer-4.0,moirai2,11,-0.1514201931,-0.2750352381,-0.04004737801,True,Timer-4.0
GIFT-Medium,regime_switching,Timer-4.0,toto2.0,11,-0.05121337674,-0.1239739291,0.02470541772,False,
GIFT-Medium,regime_switching,Timer-3.5,timesfm2.5,11,0.06028091913,-0.001954162452,0.1420304003,False,
GIFT-Medium,regime_switching,Timer-3.5,moirai2,11,-0.0852272634,-0.2255459545,0.0423461715,False,
GIFT-Medium,regime_switching,Timer-3.5,toto2.0,11,0.01497955299,-0.07701557124,0.1153027662,False,
GIFT-Medium,regime_switching,timesfm2.5,moirai2,11,-0.1455081825,-0.2650940784,-0.04669476677,True,timesfm2.5
GIFT-Medium,regime_switching,timesfm2.5,toto2.0,11,-0.04530136614,-0.111122913,0.04049413401,False,
GIFT-Medium,regime_switching,moirai2,toto2.0,11,0.1002068164,-0.006619216932,0.2129072524,False,
GIFT-Medium,common_factor,Chronos-2,Timer-4.0,4,-0.2907847779,-0.4694971694,-0.08836815175,True,Chronos-2
GIFT-Medium,common_factor,Chronos-2,Timer-3.5,4,-0.2169183113,-0.3422041881,-0.09163243446,True,Chronos-2
GIFT-Medium,common_factor,Chronos-2,timesfm2.5,4,-0.2676611138,-0.3315622512,-0.1501690554,True,Chronos-2
GIFT-Medium,common_factor,Chronos-2,moirai2,4,-0.3141042335,-0.4392430039,-0.1600201179,True,Chronos-2
GIFT-Medium,common_factor,Chronos-2,toto2.0,4,-0.12037405,-0.2754717321,0.03585002583,False,
GIFT-Medium,common_factor,Timer-4.0,Timer-3.5,4,0.0738664666,-0.03962275521,0.1842399185,False,
GIFT-Medium,common_factor,Timer-4.0,timesfm2.5,4,0.02312366409,-0.09106168387,0.137309012,False,
GIFT-Medium,common_factor,Timer-4.0,moirai2,4,-0.02331945567,-0.129055017,0.08241610571,False,
GIFT-Medium,common_factor,Timer-4.0,toto2.0,4,0.1704107279,0.006833586673,0.3152285175,True,toto2.0
GIFT-Medium,common_factor,Timer-3.5,timesfm2.5,4,-0.0507428025,-0.1754253182,0.02459034858,False,
GIFT-Medium,common_factor,Timer-3.5,moirai2,4,-0.09718592226,-0.2415609221,0.03469030795,False,
GIFT-Medium,common_factor,Timer-3.5,toto2.0,4,0.09654426126,0.01712601864,0.1759625039,True,toto2.0
GIFT-Medium,common_factor,timesfm2.5,moirai2,4,-0.04644311976,-0.1095320656,0.0166458261,False,
GIFT-Medium,common_factor,timesfm2.5,toto2.0,4,0.1472870638,0.01851945658,0.3416203246,True,toto2.0
GIFT-Medium,common_factor,moirai2,toto2.0,4,0.1937301835,0.04918715185,0.425249425,True,toto2.0
GIFT-Medium,covariate_impulse_response,Chronos-2,Timer-4.0,4,0.09168087419,-0.1740129381,0.3611880399,False,
GIFT-Medium,covariate_impulse_response,Chronos-2,Timer-3.5,4,0.03548037453,-0.1620972342,0.2403512987,False,
GIFT-Medium,covariate_impulse_response,Chronos-2,timesfm2.5,4,0.1603897025,-0.07219435746,0.4468911828,False,
GIFT-Medium,covariate_impulse_response,Chronos-2,moirai2,4,0.07564988938,-0.1321260093,0.283425788,False,
GIFT-Medium,covariate_impulse_response,Chronos-2,toto2.0,4,-0.01667044501,-0.6242039296,0.4071744415,False,
GIFT-Medium,covariate_impulse_response,Timer-4.0,Timer-3.5,4,-0.05620049967,-0.1243167032,0.04074244667,False,
GIFT-Medium,covariate_impulse_response,Timer-4.0,timesfm2.5,4,0.0687088283,-0.01618629292,0.1536039495,False,
GIFT-Medium,covariate_impulse_response,Timer-4.0,moirai2,4,-0.01603098481,-0.143585943,0.05360605978,False,
GIFT-Medium,covariate_impulse_response,Timer-4.0,toto2.0,4,-0.1083513192,-0.4557995438,0.1349845792,False,
GIFT-Medium,covariate_impulse_response,Timer-3.5,timesfm2.5,4,0.124909328,0.07232091152,0.2065398841,True,timesfm2.5
GIFT-Medium,covariate_impulse_response,Timer-3.5,moirai2,4,0.04016951486,-0.06081237566,0.1411514054,False,
GIFT-Medium,covariate_impulse_response,Timer-3.5,toto2.0,4,-0.05215081954,-0.4893295967,0.212799428,False,
GIFT-Medium,covariate_impulse_response,timesfm2.5,moirai2,4,-0.08473981311,-0.2383101201,0.06883049385,False,
GIFT-Medium,covariate_impulse_response,timesfm2.5,toto2.0,4,-0.1770601475,-0.5946997011,0.1033573276,False,
GIFT-Medium,covariate_impulse_response,moirai2,toto2.0,4,-0.09232033439,-0.449833734,0.171920145,False,
GIFT-Medium,time_varying_seasonality,Chronos-2,Timer-4.0,10,-0.1271582091,-0.2664032862,-0.00869264469,True,Chronos-2
GIFT-Medium,time_varying_seasonality,Chronos-2,Timer-3.5,10,-0.3429511313,-0.6191271663,-0.1265070079,True,Chronos-2
GIFT-Medium,time_varying_seasonality,Chronos-2,timesfm2.5,10,-0.1929578386,-0.6785514729,0.1512102059,False,
GIFT-Medium,time_varying_seasonality,Chronos-2,moirai2,10,-0.778095515,-1.297755442,-0.3341522625,True,Chronos-2
GIFT-Medium,time_varying_seasonality,Chronos-2,toto2.0,10,-0.5093693804,-1.566937075,0.07727683421,False,
GIFT-Medium,time_varying_seasonality,Timer-4.0,Timer-3.5,10,-0.2157929222,-0.4990385218,0.03940355133,False,
GIFT-Medium,time_varying_seasonality,Timer-4.0,timesfm2.5,10,-0.06579962956,-0.505755115,0.247854283,False,
GIFT-Medium,time_varying_seasonality,Timer-4.0,moirai2,10,-0.650937306,-1.067875555,-0.2709264648,True,Timer-4.0
GIFT-Medium,time_varying_seasonality,Timer-4.0,toto2.0,10,-0.3822111713,-1.407855732,0.2089839828,False,
GIFT-Medium,time_varying_seasonality,Timer-3.5,timesfm2.5,10,0.1499932927,-0.1613385145,0.4618451058,False,
GIFT-Medium,time_varying_seasonality,Timer-3.5,moirai2,10,-0.4351443837,-0.9308617309,-0.01776158252,True,Timer-3.5
GIFT-Medium,time_varying_seasonality,Timer-3.5,toto2.0,10,-0.1664182491,-1.038113664,0.388677669,False,
GIFT-Medium,time_varying_seasonality,timesfm2.5,moirai2,10,-0.5851376764,-1.089897081,-0.1682045296,True,timesfm2.5
GIFT-Medium,time_varying_seasonality,timesfm2.5,toto2.0,10,-0.3164115418,-0.9902356524,0.1420713039,False,
GIFT-Medium,time_varying_seasonality,moirai2,toto2.0,10,0.2687261347,-0.6319500235,1.039648837,False,
GIFT-Medium,multi_seasonal,Chronos-2,Timer-4.0,11,0.03975160169,-0.2478391698,0.4756404591,False,
GIFT-Medium,multi_seasonal,Chronos-2,Timer-3.5,11,-0.1046226519,-0.5985836515,0.4963726318,False,
GIFT-Medium,multi_seasonal,Chronos-2,timesfm2.5,11,0.1409212613,-0.1275068747,0.5381610662,False,
GIFT-Medium,multi_seasonal,Chronos-2,moirai2,11,-0.6271826366,-1.295339976,-0.1634691404,True,Chronos-2
GIFT-Medium,multi_seasonal,Chronos-2,toto2.0,11,-0.02923695982,-0.3433783895,0.2178744182,False,
GIFT-Medium,multi_seasonal,Timer-4.0,Timer-3.5,11,-0.1443742536,-0.4622182771,0.07118292255,False,
GIFT-Medium,multi_seasonal,Timer-4.0,timesfm2.5,11,0.1011696596,-0.008409533396,0.2169578543,False,
GIFT-Medium,multi_seasonal,Timer-4.0,moirai2,11,-0.6669342383,-1.319439931,-0.1210256305,True,Timer-4.0
GIFT-Medium,multi_seasonal,Timer-4.0,toto2.0,11,-0.06898856152,-0.7870841169,0.4245072798,False,
GIFT-Medium,multi_seasonal,Timer-3.5,timesfm2.5,11,0.2455439132,-0.02681789295,0.5948406248,False,
GIFT-Medium,multi_seasonal,Timer-3.5,moirai2,11,-0.5225599847,-1.298356794,0.182447202,False,
GIFT-Medium,multi_seasonal,Timer-3.5,toto2.0,11,0.0753856921,-0.7881772061,0.7330608089,False,
GIFT-Medium,multi_seasonal,timesfm2.5,moirai2,11,-0.7681038979,-1.441454239,-0.2311711346,True,timesfm2.5
GIFT-Medium,multi_seasonal,timesfm2.5,toto2.0,11,-0.1701582211,-0.8444716984,0.2855470955,False,
GIFT-Medium,multi_seasonal,moirai2,toto2.0,11,0.5979456768,-0.0332541631,1.36247122,False,
GIFT-Medium,predictable_intermittency,Chronos-2,Timer-4.0,11,0.1140182133,-0.239813412,0.7036989649,False,
GIFT-Medium,predictable_intermittency,Chronos-2,Timer-3.5,11,-0.3361224255,-0.8788658215,-0.002327433406,True,Chronos-2
GIFT-Medium,predictable_intermittency,Chronos-2,timesfm2.5,11,0.08048430507,-0.02552133281,0.2289977845,False,
GIFT-Medium,predictable_intermittency,Chronos-2,moirai2,11,0.2871013556,-0.07801901982,0.9271259802,False,
GIFT-Medium,predictable_intermittency,Chronos-2,toto2.0,11,-0.1539403083,-0.5526723598,0.0969674823,False,
GIFT-Medium,predictable_intermittency,Timer-4.0,Timer-3.5,11,-0.4501406388,-1.552333667,0.1707891737,False,
GIFT-Medium,predictable_intermittency,Timer-4.0,timesfm2.5,11,-0.03353390824,-0.4960188555,0.2625317258,False,
GIFT-Medium,predictable_intermittency,Timer-4.0,moirai2,11,0.1730831423,0.03811901168,0.3169351743,True,moirai2
GIFT-Medium,predictable_intermittency,Timer-4.0,toto2.0,11,-0.2679585216,-1.249354902,0.3225115077,False,
GIFT-Medium,predictable_intermittency,Timer-3.5,timesfm2.5,11,0.4166067306,0.01886797759,1.087544204,True,timesfm2.5
GIFT-Medium,predictable_intermittency,Timer-3.5,moirai2,11,0.6232237811,-0.03755760597,1.789969002,False,
GIFT-Medium,predictable_intermittency,Timer-3.5,toto2.0,11,0.1821821172,-0.005530416077,0.3881559071,False,
GIFT-Medium,predictable_intermittency,timesfm2.5,moirai2,11,0.2066170505,-0.07480000762,0.7087184767,False,
GIFT-Medium,predictable_intermittency,timesfm2.5,toto2.0,11,-0.2344246134,-0.7630084832,0.0811691182,False,
GIFT-Medium,predictable_intermittency,moirai2,toto2.0,11,-0.4410416639,-1.462013178,0.1333570783,False,
GIFT-Medium,cross_series_dependence,Chronos-2,Timer-4.0,6,-0.1613517408,-0.271086703,-0.05849986751,True,Chronos-2
GIFT-Medium,cross_series_dependence,Chronos-2,Timer-3.5,6,-0.07785175709,-0.1769291931,0.01974071854,False,
GIFT-Medium,cross_series_dependence,Chronos-2,timesfm2.5,6,-0.06073844805,-0.1017382853,-0.02391458401,True,Chronos-2
GIFT-Medium,cross_series_dependence,Chronos-2,moirai2,6,-0.05837240464,-0.1454663547,0.01534037622,False,
GIFT-Medium,cross_series_dependence,Chronos-2,toto2.0,6,-0.1965334603,-0.3931736794,-0.01923530809,True,Chronos-2
GIFT-Medium,cross_series_dependence,Timer-4.0,Timer-3.5,6,0.08349998375,-0.01847388803,0.2290108857,False,
GIFT-Medium,cross_series_dependence,Timer-4.0,timesfm2.5,6,0.1006132928,0.01949976899,0.1898789419,True,timesfm2.5
GIFT-Medium,cross_series_dependence,Timer-4.0,moirai2,6,0.1029793362,-0.0370809573,0.2519365545,False,
GIFT-Medium,cross_series_dependence,Timer-4.0,toto2.0,6,-0.03518171949,-0.2736647886,0.2033013496,False,
GIFT-Medium,cross_series_dependence,Timer-3.5,timesfm2.5,6,0.01711330904,-0.05542095892,0.08956737761,False,
GIFT-Medium,cross_series_dependence,Timer-3.5,moirai2,6,0.01947935245,-0.03092985807,0.1077442775,False,
GIFT-Medium,cross_series_dependence,Timer-3.5,toto2.0,6,-0.1186817032,-0.3332412645,0.1223412849,False,
GIFT-Medium,cross_series_dependence,timesfm2.5,moirai2,6,0.002366043409,-0.08019781322,0.07762588643,False,
GIFT-Medium,cross_series_dependence,timesfm2.5,toto2.0,6,-0.1357950123,-0.3442147865,0.07441868756,False,
GIFT-Medium,cross_series_dependence,moirai2,toto2.0,6,-0.1381610557,-0.3089710517,0.04613497414,False,
GIFT-Short,trend,Chronos-2,Timer-4.0,18,-0.2192113896,-0.5103449909,-0.0202884285,True,Chronos-2
GIFT-Short,trend,Chronos-2,Timer-3.5,18,-0.1609776108,-0.3094066281,-0.05136224234,True,Chronos-2
GIFT-Short,trend,Chronos-2,timesfm2.5,18,-0.133502682,-0.2931913641,-0.02149359296,True,Chronos-2
GIFT-Short,trend,Chronos-2,tirex2,18,-0.1741539806,-0.5146630956,0.009465128385,False,
GIFT-Short,trend,Chronos-2,moirai2,18,-0.132876393,-0.2821982171,-0.04174003184,True,Chronos-2
GIFT-Short,trend,Chronos-2,toto2.0,18,-0.1611070949,-0.3787290175,-0.01048704208,True,Chronos-2
GIFT-Short,trend,Timer-4.0,Timer-3.5,18,0.05823377877,-0.0477331329,0.2321921536,False,
GIFT-Short,trend,Timer-4.0,timesfm2.5,18,0.0857087076,-0.01111341772,0.2549590577,False,
GIFT-Short,trend,Timer-4.0,tirex2,18,0.04505740903,-0.2393384189,0.3476745128,False,
GIFT-Short,trend,Timer-4.0,moirai2,18,0.08633499662,-0.04760704759,0.2742359957,False,
GIFT-Short,trend,Timer-4.0,toto2.0,18,0.05810429467,-0.02246172512,0.1810567686,False,
GIFT-Short,trend,Timer-3.5,timesfm2.5,18,0.02747492883,0.001682011376,0.0593407075,True,timesfm2.5
GIFT-Short,trend,Timer-3.5,tirex2,18,-0.01317636973,-0.2513203507,0.1397928888,False,
GIFT-Short,trend,Timer-3.5,moirai2,18,0.02810121785,-0.08842344312,0.1827526036,False,
GIFT-Short,trend,Timer-3.5,toto2.0,18,-0.0001294840986,-0.07757999727,0.06453739234,False,
GIFT-Short,trend,timesfm2.5,tirex2,18,-0.04065129857,-0.2675954054,0.1056197512,False,
GIFT-Short,trend,timesfm2.5,moirai2,18,0.00062628902,-0.1223302478,0.1671437404,False,
GIFT-Short,trend,timesfm2.5,toto2.0,18,-0.02760441293,-0.09743376423,0.03024312457,False,
GIFT-Short,trend,tirex2,moirai2,18,0.04127758759,-0.2283654696,0.4330423259,False,
GIFT-Short,trend,tirex2,toto2.0,18,0.01304688564,-0.1654774027,0.2314380782,False,
GIFT-Short,trend,moirai2,toto2.0,18,-0.02823070195,-0.2132424768,0.0834365885,False,
GIFT-Short,regime_switching,Chronos-2,Timer-4.0,20,-0.02216125739,-0.04526782401,0.0001143911822,False,
GIFT-Short,regime_switching,Chronos-2,Timer-3.5,20,-0.03655204634,-0.0774293671,0.01268422044,False,
GIFT-Short,regime_switching,Chronos-2,timesfm2.5,20,0.005430333189,-0.02414702639,0.04625588669,False,
GIFT-Short,regime_switching,Chronos-2,tirex2,20,0.02555335571,-0.007808301724,0.07115581568,False,
GIFT-Short,regime_switching,Chronos-2,moirai2,20,-0.03777489922,-0.06484550637,-0.01168745653,True,Chronos-2
GIFT-Short,regime_switching,Chronos-2,toto2.0,20,-0.04800274525,-0.1304272401,0.007813279317,False,
GIFT-Short,regime_switching,Timer-4.0,Timer-3.5,20,-0.01439078894,-0.04591726925,0.02107288283,False,
GIFT-Short,regime_switching,Timer-4.0,timesfm2.5,20,0.02759159058,0.002762297278,0.05915084559,True,timesfm2.5
GIFT-Short,regime_switching,Timer-4.0,tirex2,20,0.0477146131,0.02150533869,0.08080163079,True,tirex2
GIFT-Short,regime_switching,Timer-4.0,moirai2,20,-0.01561364183,-0.04590094934,0.01750334175,False,
GIFT-Short,regime_switching,Timer-4.0,toto2.0,20,-0.02584148786,-0.1067964113,0.03536229154,False,
GIFT-Short,regime_switching,Timer-3.5,timesfm2.5,20,0.04198237953,0.02135949535,0.06852708603,True,timesfm2.5
GIFT-Short,regime_switching,Timer-3.5,tirex2,20,0.06210540204,0.03085156467,0.09637157279,True,tirex2
GIFT-Short,regime_switching,Timer-3.5,moirai2,20,-0.001222852889,-0.05411227901,0.03740515156,False,
GIFT-Short,regime_switching,Timer-3.5,toto2.0,20,-0.01145069892,-0.1219368741,0.07189969963,False,
GIFT-Short,regime_switching,timesfm2.5,tirex2,20,0.02012302252,-0.01005425125,0.04308462513,False,
GIFT-Short,regime_switching,timesfm2.5,moirai2,20,-0.04320523241,-0.08873078262,-0.01141139618,True,timesfm2.5
GIFT-Short,regime_switching,timesfm2.5,toto2.0,20,-0.05343307844,-0.1638100514,0.02533916665,False,
GIFT-Short,regime_switching,tirex2,moirai2,20,-0.06332825493,-0.1199502466,-0.01269448209,True,tirex2
GIFT-Short,regime_switching,tirex2,toto2.0,20,-0.07355610096,-0.1709119874,-0.006393778209,True,tirex2
GIFT-Short,regime_switching,moirai2,toto2.0,20,-0.01022784603,-0.104646281,0.05664300983,False,
GIFT-Short,common_factor,Chronos-2,Timer-4.0,4,-0.08256103318,-0.1391217998,-0.02600026654,True,Chronos-2
GIFT-Short,common_factor,Chronos-2,Timer-3.5,4,-0.04406852811,-0.1113403609,0.03358859732,False,
GIFT-Short,common_factor,Chronos-2,timesfm2.5,4,-0.07645231706,-0.1476158081,-0.005838123923,True,Chronos-2
GIFT-Short,common_factor,Chronos-2,tirex2,4,-0.001842715358,-0.07346780573,0.05506554986,False,
GIFT-Short,common_factor,Chronos-2,moirai2,4,-0.09639958146,-0.1794251415,-0.0339937346,True,Chronos-2
GIFT-Short,common_factor,Chronos-2,toto2.0,4,-0.03379846552,-0.1911542095,0.08662227341,False,
GIFT-Short,common_factor,Timer-4.0,Timer-3.5,4,0.03849250507,-0.03032802994,0.1643904831,False,
GIFT-Short,common_factor,Timer-4.0,timesfm2.5,4,0.006108716117,-0.02026124566,0.02531989808,False,
GIFT-Short,common_factor,Timer-4.0,tirex2,4,0.08071831782,0.00391866411,0.1701126308,True,tirex2
GIFT-Short,common_factor,Timer-4.0,moirai2,4,-0.01383854828,-0.05372004184,0.03344950228,False,
GIFT-Short,common_factor,Timer-4.0,toto2.0,4,0.04876256766,-0.1402120807,0.2206935995,False,
GIFT-Short,common_factor,Timer-3.5,timesfm2.5,4,-0.03238378895,-0.1829577689,0.04861569683,False,
GIFT-Short,common_factor,Timer-3.5,tirex2,4,0.04222581275,0.007944884046,0.0894201683,True,tirex2
GIFT-Short,common_factor,Timer-3.5,moirai2,4,-0.05233105335,-0.2083811858,0.05143666709,False,
GIFT-Short,common_factor,Timer-3.5,toto2.0,4,0.01027006259,-0.1302281672,0.09758734116,False,
GIFT-Short,common_factor,timesfm2.5,tirex2,4,0.07460960171,-0.00934883182,0.190902653,False,
GIFT-Short,common_factor,timesfm2.5,moirai2,4,-0.01994726439,-0.06258992151,0.02570265365,False,
GIFT-Short,common_factor,timesfm2.5,toto2.0,4,0.04265385154,-0.1672424109,0.2426652773,False,
GIFT-Short,common_factor,tirex2,moirai2,4,-0.0945568661,-0.2163260698,0.02212428118,False,
GIFT-Short,common_factor,tirex2,toto2.0,4,-0.03195575017,-0.2175202245,0.07577111321,False,
GIFT-Short,common_factor,moirai2,toto2.0,4,0.06260111593,-0.1180073061,0.2660474149,False,
GIFT-Short,covariate_impulse_response,Chronos-2,Timer-4.0,6,-0.1638334803,-0.6078451135,0.2017579933,False,
GIFT-Short,covariate_impulse_response,Chronos-2,Timer-3.5,6,0.07203340489,-0.1660217122,0.3392830821,False,
GIFT-Short,covariate_impulse_response,Chronos-2,timesfm2.5,6,0.1311752245,-0.1131862636,0.3828234349,False,
GIFT-Short,covariate_impulse_response,Chronos-2,tirex2,6,-0.224212189,-0.9924550714,0.3104437482,False,
GIFT-Short,covariate_impulse_response,Chronos-2,moirai2,6,-0.05831326645,-0.2805273597,0.2659648698,False,
GIFT-Short,covariate_impulse_response,Chronos-2,toto2.0,6,-0.005817021041,-0.3042624844,0.2728495741,False,
GIFT-Short,covariate_impulse_response,Timer-4.0,Timer-3.5,6,0.2358668852,-0.1111025952,0.8711114754,False,
GIFT-Short,covariate_impulse_response,Timer-4.0,timesfm2.5,6,0.2950087048,-0.03116453684,0.8590537784,False,
GIFT-Short,covariate_impulse_response,Timer-4.0,tirex2,6,-0.06037870869,-0.3846099579,0.1389556654,False,
GIFT-Short,covariate_impulse_response,Timer-4.0,moirai2,6,0.1055202138,-0.3582857912,0.8406987639,False,
GIFT-Short,covariate_impulse_response,Timer-4.0,toto2.0,6,0.1580164592,0.0240663664,0.3151245616,True,toto2.0
GIFT-Short,covariate_impulse_response,Timer-3.5,timesfm2.5,6,0.05914181966,-0.05428262532,0.1756259501,False,
GIFT-Short,covariate_impulse_response,Timer-3.5,tirex2,6,-0.2962455939,-1.243787376,0.2213998772,False,
GIFT-Short,covariate_impulse_response,Timer-3.5,moirai2,6,-0.1303466713,-0.2601413149,0.002607191803,False,
GIFT-Short,covariate_impulse_response,Timer-3.5,toto2.0,6,-0.07785042593,-0.5785433779,0.2169353041,False,
GIFT-Short,covariate_impulse_response,timesfm2.5,tirex2,6,-0.3553874135,-1.240915556,0.142232627,False,
GIFT-Short,covariate_impulse_response,timesfm2.5,moirai2,6,-0.189488491,-0.3864228592,0.007445877169,False,
GIFT-Short,covariate_impulse_response,timesfm2.5,toto2.0,6,-0.1369922456,-0.5761114197,0.1783942187,False,
GIFT-Short,covariate_impulse_response,tirex2,moirai2,6,0.1658989225,-0.4276132155,1.187329029,False,
GIFT-Short,covariate_impulse_response,tirex2,toto2.0,6,0.2183951679,-0.06276260081,0.6857826654,False,
GIFT-Short,covariate_impulse_response,moirai2,toto2.0,6,0.05249624541,-0.5248012053,0.4152183705,False,
GIFT-Short,time_varying_seasonality,Chronos-2,Timer-4.0,19,-0.09345393684,-0.1663674172,-0.02414339158,True,Chronos-2
GIFT-Short,time_varying_seasonality,Chronos-2,Timer-3.5,19,-0.1448538951,-0.2190835301,-0.07726271661,True,Chronos-2
GIFT-Short,time_varying_seasonality,Chronos-2,timesfm2.5,19,-0.1499390266,-0.2665317326,-0.05221959093,True,Chronos-2
GIFT-Short,time_varying_seasonality,Chronos-2,tirex2,19,-0.05081509404,-0.1356818208,0.02612140078,False,
GIFT-Short,time_varying_seasonality,Chronos-2,moirai2,19,-0.2110057938,-0.4033306589,-0.07467257567,True,Chronos-2
GIFT-Short,time_varying_seasonality,Chronos-2,toto2.0,19,-0.04171934105,-0.2008920401,0.07316298972,False,
GIFT-Short,time_varying_seasonality,Timer-4.0,Timer-3.5,19,-0.05139995822,-0.1194587338,0.00752553461,False,
GIFT-Short,time_varying_seasonality,Timer-4.0,timesfm2.5,19,-0.05648508978,-0.17909525,0.05141047616,False,
GIFT-Short,time_varying_seasonality,Timer-4.0,tirex2,19,0.04263884281,-0.05938005673,0.1243430578,False,
GIFT-Short,time_varying_seasonality,Timer-4.0,moirai2,19,-0.1175518569,-0.3378656486,0.03515041637,False,
GIFT-Short,time_varying_seasonality,Timer-4.0,toto2.0,19,0.05173459579,-0.1311551666,0.1922209926,False,
GIFT-Short,time_varying_seasonality,Timer-3.5,timesfm2.5,19,-0.005085131561,-0.109852365,0.08928460818,False,
GIFT-Short,time_varying_seasonality,Timer-3.5,tirex2,19,0.09403880102,0.01505431409,0.1632907315,True,tirex2
GIFT-Short,time_varying_seasonality,Timer-3.5,moirai2,19,-0.0661518987,-0.2333845014,0.06646485399,False,
GIFT-Short,time_varying_seasonality,Timer-3.5,toto2.0,19,0.103134554,-0.08183372127,0.2574784701,False,
GIFT-Short,time_varying_seasonality,timesfm2.5,tirex2,19,0.09912393259,-0.01301245744,0.2172661622,False,
GIFT-Short,time_varying_seasonality,timesfm2.5,moirai2,19,-0.06106676714,-0.2409445843,0.08256098782,False,
GIFT-Short,time_varying_seasonality,timesfm2.5,toto2.0,19,0.1082196856,-0.04744140267,0.2576281202,False,
GIFT-Short,time_varying_seasonality,tirex2,moirai2,19,-0.1601906997,-0.3043022173,-0.03890494821,True,tirex2
GIFT-Short,time_varying_seasonality,tirex2,toto2.0,19,0.009095752981,-0.1669180259,0.1626560057,False,
GIFT-Short,time_varying_seasonality,moirai2,toto2.0,19,0.1692864527,-0.06803616287,0.4281085332,False,
GIFT-Short,multi_seasonal,Chronos-2,Timer-4.0,20,-0.130326513,-0.263389615,-0.009019546422,True,Chronos-2
GIFT-Short,multi_seasonal,Chronos-2,Timer-3.5,20,-0.1662423232,-0.3160748619,-0.02411961588,True,Chronos-2
GIFT-Short,multi_seasonal,Chronos-2,timesfm2.5,20,-0.02220773025,-0.1190605024,0.0973164902,False,
GIFT-Short,multi_seasonal,Chronos-2,tirex2,20,-0.06465193404,-0.3056922055,0.1137667395,False,
GIFT-Short,multi_seasonal,Chronos-2,moirai2,20,-0.2307047076,-0.3643136021,-0.09313115462,True,Chronos-2
GIFT-Short,multi_seasonal,Chronos-2,toto2.0,20,0.1426570847,0.04661379012,0.2240420914,True,toto2.0
GIFT-Short,multi_seasonal,Timer-4.0,Timer-3.5,20,-0.03591581025,-0.160692639,0.1469832843,False,
GIFT-Short,multi_seasonal,Timer-4.0,timesfm2.5,20,0.1081187827,-0.01512311853,0.3040886982,False,
GIFT-Short,multi_seasonal,Timer-4.0,tirex2,20,0.06567457892,-0.08044932982,0.1830634481,False,
GIFT-Short,multi_seasonal,Timer-4.0,moirai2,20,-0.1003781947,-0.2645990572,0.1108015275,False,
GIFT-Short,multi_seasonal,Timer-4.0,toto2.0,20,0.2729835977,0.1771119373,0.3794908792,True,toto2.0
GIFT-Short,multi_seasonal,Timer-3.5,timesfm2.5,20,0.144034593,0.06906606134,0.2589787087,True,timesfm2.5
GIFT-Short,multi_seasonal,Timer-3.5,tirex2,20,0.1015903892,-0.2082367072,0.311555442,False,
GIFT-Short,multi_seasonal,Timer-3.5,moirai2,20,-0.06446238442,-0.1837297531,0.07821917794,False,
GIFT-Short,multi_seasonal,Timer-3.5,toto2.0,20,0.308899408,0.1144076637,0.4911521785,True,toto2.0
GIFT-Short,multi_seasonal,timesfm2.5,tirex2,20,-0.04244420379,-0.3497912876,0.1468830151,False,
GIFT-Short,multi_seasonal,timesfm2.5,moirai2,20,-0.2084969774,-0.2905983364,-0.1308524637,True,timesfm2.5
GIFT-Short,multi_seasonal,timesfm2.5,toto2.0,20,0.164864815,-0.01436699669,0.2900866413,False,
GIFT-Short,multi_seasonal,tirex2,moirai2,20,-0.1660527736,-0.3763462643,0.1552567452,False,
GIFT-Short,multi_seasonal,tirex2,toto2.0,20,0.2073090188,0.06837057041,0.3807200176,True,toto2.0
GIFT-Short,multi_seasonal,moirai2,toto2.0,20,0.3733617924,0.1746638456,0.5345686839,True,toto2.0
GIFT-Short,predictable_intermittency,Chronos-2,Timer-4.0,20,-0.02239714619,-0.09271734352,0.03957317724,False,
GIFT-Short,predictable_intermittency,Chronos-2,Timer-3.5,20,-0.009266811406,-0.1112717387,0.07668932808,False,
GIFT-Short,predictable_intermittency,Chronos-2,timesfm2.5,20,0.06778832062,-0.002288219192,0.1689654823,False,
GIFT-Short,predictable_intermittency,Chronos-2,tirex2,20,-0.06734765279,-0.2802891651,0.06693727299,False,
GIFT-Short,predictable_intermittency,Chronos-2,moirai2,20,-0.06018365646,-0.1419053109,0.04207472345,False,
GIFT-Short,predictable_intermittency,Chronos-2,toto2.0,20,-0.05034330381,-0.1379406925,0.009377347785,False,
GIFT-Short,predictable_intermittency,Timer-4.0,Timer-3.5,20,0.01313033478,-0.03213839606,0.05850398447,False,
GIFT-Short,predictable_intermittency,Timer-4.0,timesfm2.5,20,0.09018546681,0.02353536432,0.1750392891,True,timesfm2.5
GIFT-Short,predictable_intermittency,Timer-4.0,tirex2,20,-0.0449505066,-0.2757201925,0.09445438562,False,
GIFT-Short,predictable_intermittency,Timer-4.0,moirai2,20,-0.03778651028,-0.1264248346,0.05734288635,False,
GIFT-Short,predictable_intermittency,Timer-4.0,toto2.0,20,-0.02794615763,-0.1473767998,0.07361446794,False,
GIFT-Short,predictable_intermittency,Timer-3.5,timesfm2.5,20,0.07705513203,0.01405235316,0.1648301989,True,timesfm2.5
GIFT-Short,predictable_intermittency,Timer-3.5,tirex2,20,-0.05808084138,-0.3251325347,0.1111015117,False,
GIFT-Short,predictable_intermittency,Timer-3.5,moirai2,20,-0.05091684506,-0.1428585551,0.04997177118,False,
GIFT-Short,predictable_intermittency,Timer-3.5,toto2.0,20,-0.04107649241,-0.1982181033,0.09385965526,False,
GIFT-Short,predictable_intermittency,timesfm2.5,tirex2,20,-0.1351359734,-0.420354462,0.02113551505,False,
GIFT-Short,predictable_intermittency,timesfm2.5,moirai2,20,-0.1279719771,-0.1840239288,-0.08073648373,True,timesfm2.5
GIFT-Short,predictable_intermittency,timesfm2.5,toto2.0,20,-0.1181316244,-0.2907061614,-0.01274902293,True,timesfm2.5
GIFT-Short,predictable_intermittency,tirex2,moirai2,20,0.007163996325,-0.1724441999,0.3046114086,False,
GIFT-Short,predictable_intermittency,tirex2,toto2.0,20,0.01700434898,-0.07968695601,0.1554007069,False,
GIFT-Short,predictable_intermittency,moirai2,toto2.0,20,0.00984035265,-0.1690879675,0.1287455597,False,
GIFT-Short,cross_series_dependence,Chronos-2,Timer-4.0,8,-0.05195141858,-0.1112723683,-0.0004741966112,True,Chronos-2
GIFT-Short,cross_series_dependence,Chronos-2,Timer-3.5,8,-0.05337552689,-0.1390387748,0.02892052546,False,
GIFT-Short,cross_series_dependence,Chronos-2,timesfm2.5,8,-0.1974148689,-0.4342605294,-0.01074550529,True,Chronos-2
GIFT-Short,cross_series_dependence,Chronos-2,tirex2,8,-0.01529746381,-0.07661927568,0.05079943137,False,
GIFT-Short,cross_series_dependence,Chronos-2,moirai2,8,-0.05467903032,-0.1481348889,0.02340382303,False,
GIFT-Short,cross_series_dependence,Chronos-2,toto2.0,8,-0.4705034589,-1.364534155,0.007669542118,False,
GIFT-Short,cross_series_dependence,Timer-4.0,Timer-3.5,8,-0.001424108307,-0.04962367743,0.05821377479,False,
GIFT-Short,cross_series_dependence,Timer-4.0,timesfm2.5,8,-0.1454634503,-0.3548109389,0.0189474002,False,
GIFT-Short,cross_series_dependence,Timer-4.0,tirex2,8,0.03665395477,-0.0001596215634,0.07107447048,False,
GIFT-Short,cross_series_dependence,Timer-4.0,moirai2,8,-0.002727611745,-0.0420848503,0.03673699423,False,
GIFT-Short,cross_series_dependence,Timer-4.0,toto2.0,8,-0.4185520403,-1.288538237,0.05758878256,False,
GIFT-Short,cross_series_dependence,Timer-3.5,timesfm2.5,8,-0.144039342,-0.3891927351,0.04453082238,False,
GIFT-Short,cross_series_dependence,Timer-3.5,tirex2,8,0.03807806308,-0.04778475399,0.106498551,False,
GIFT-Short,cross_series_dependence,Timer-3.5,moirai2,8,-0.001303503438,-0.0578722167,0.05030951742,False,
GIFT-Short,cross_series_dependence,Timer-3.5,toto2.0,8,-0.417127932,-1.285388031,0.06899219525,False,
GIFT-Short,cross_series_dependence,timesfm2.5,tirex2,8,0.1821174051,0.03111438349,0.3751439771,True,tirex2
GIFT-Short,cross_series_dependence,timesfm2.5,moirai2,8,0.1427358385,-0.02810204655,0.3476729561,False,
GIFT-Short,cross_series_dependence,timesfm2.5,toto2.0,8,-0.27308859,-1.058495482,0.2137976492,False,
GIFT-Short,cross_series_dependence,tirex2,moirai2,8,-0.03938156652,-0.09804808772,0.01317290203,False,
GIFT-Short,cross_series_dependence,tirex2,toto2.0,8,-0.4552059951,-1.319816101,0.0179347072,False,
GIFT-Short,cross_series_dependence,moirai2,toto2.0,8,-0.4158244286,-1.283177264,0.07572545546,False,
