suite,benchmark,horizon_group,model_id,capability_id,level_averaged_effect_nrmse,task_bootstrap_95_ci_lower,task_bootstrap_95_ci_upper,task_count,suite_task_count,task_coverage,bootstrap_repetitions,derived_display_metric,capability_rank
FEV-Mini20,FEV-Bench,native,Chronos-2,common_factor,0.2861930493,0.1509983167,0.47265069,9,20,0.45,20000,True,1
FEV-Mini20,FEV-Bench,native,tirex2,common_factor,0.2910784938,0.1861621278,0.4058316923,9,20,0.45,20000,True,2
FEV-Mini20,FEV-Bench,native,toto2.0,common_factor,0.2951707795,0.1771729365,0.4470797414,9,20,0.45,20000,True,3
FEV-Mini20,FEV-Bench,native,timesfm2.5,common_factor,0.3011025411,0.1964190695,0.4118931367,9,20,0.45,20000,True,4
FEV-Mini20,FEV-Bench,native,Timer-4.0,common_factor,0.3420793045,0.1982193437,0.5004366864,9,20,0.45,20000,True,5
FEV-Mini20,FEV-Bench,native,Timer-3.5,common_factor,0.3589430479,0.2309805279,0.4913506512,9,20,0.45,20000,True,6
FEV-Mini20,FEV-Bench,native,moirai2,common_factor,0.3802409627,0.210335318,0.6093333884,9,20,0.45,20000,True,7
FEV-Mini20,FEV-Bench,native,toto2.0,covariate_impulse_response,0.5506950119,0.4683471542,0.619967198,8,20,0.4,20000,True,1
FEV-Mini20,FEV-Bench,native,Timer-3.5,covariate_impulse_response,0.6419192902,0.5994015766,0.6905164408,8,20,0.4,20000,True,2
FEV-Mini20,FEV-Bench,native,tirex2,covariate_impulse_response,0.6506887495,0.5306620095,0.7909175053,8,20,0.4,20000,True,3
FEV-Mini20,FEV-Bench,native,moirai2,covariate_impulse_response,0.6744868031,0.6287696965,0.7299601024,8,20,0.4,20000,True,4
FEV-Mini20,FEV-Bench,native,timesfm2.5,covariate_impulse_response,0.6906901586,0.5572460546,0.9108856824,8,20,0.4,20000,True,5
FEV-Mini20,FEV-Bench,native,Chronos-2,covariate_impulse_response,0.7763432392,0.5398926578,1.089457676,8,20,0.4,20000,True,6
FEV-Mini20,FEV-Bench,native,Timer-4.0,covariate_impulse_response,0.8623361894,0.6381134161,1.140602138,8,20,0.4,20000,True,7
FEV-Mini20,FEV-Bench,native,tirex2,cross_series_dependence,0.7172170315,0.335253417,1.16960942,9,20,0.45,20000,True,1
FEV-Mini20,FEV-Bench,native,Chronos-2,cross_series_dependence,0.7181094174,0.3348432439,1.169071738,9,20,0.45,20000,True,2
FEV-Mini20,FEV-Bench,native,toto2.0,cross_series_dependence,0.7517081094,0.3637814473,1.208656971,9,20,0.45,20000,True,3
FEV-Mini20,FEV-Bench,native,timesfm2.5,cross_series_dependence,0.7629443771,0.3700737017,1.208934719,9,20,0.45,20000,True,4
FEV-Mini20,FEV-Bench,native,Timer-3.5,cross_series_dependence,0.7818999719,0.3875287781,1.235792002,9,20,0.45,20000,True,5
FEV-Mini20,FEV-Bench,native,Timer-4.0,cross_series_dependence,0.7905444765,0.3754114988,1.262362223,9,20,0.45,20000,True,6
FEV-Mini20,FEV-Bench,native,moirai2,cross_series_dependence,0.8342275577,0.3798721567,1.381221827,9,20,0.45,20000,True,7
FEV-Mini20,FEV-Bench,native,toto2.0,multi_seasonal,0.8093271822,0.629164243,1.002338113,20,20,1,20000,True,1
FEV-Mini20,FEV-Bench,native,timesfm2.5,multi_seasonal,0.9536108276,0.7941367899,1.129032105,20,20,1,20000,True,2
FEV-Mini20,FEV-Bench,native,tirex2,multi_seasonal,1.042206528,0.822667871,1.29812333,20,20,1,20000,True,3
FEV-Mini20,FEV-Bench,native,Timer-3.5,multi_seasonal,1.142927293,0.9399559572,1.380743232,20,20,1,20000,True,4
FEV-Mini20,FEV-Bench,native,Chronos-2,multi_seasonal,1.201830313,0.9304473721,1.507159376,20,20,1,20000,True,5
FEV-Mini20,FEV-Bench,native,moirai2,multi_seasonal,1.212573087,1.01092539,1.491140353,20,20,1,20000,True,6
FEV-Mini20,FEV-Bench,native,Timer-4.0,multi_seasonal,1.259077508,0.9763758844,1.566662219,20,20,1,20000,True,7
FEV-Mini20,FEV-Bench,native,toto2.0,predictable_intermittency,0.8516150684,0.776445498,0.9271216258,18,20,0.9,20000,True,1
FEV-Mini20,FEV-Bench,native,timesfm2.5,predictable_intermittency,0.8644769747,0.770451038,0.9663237707,18,20,0.9,20000,True,2
FEV-Mini20,FEV-Bench,native,tirex2,predictable_intermittency,0.8940457383,0.8050222986,0.9956539179,18,20,0.9,20000,True,3
FEV-Mini20,FEV-Bench,native,Chronos-2,predictable_intermittency,0.9338045566,0.8312695674,1.048082284,18,20,0.9,20000,True,4
FEV-Mini20,FEV-Bench,native,Timer-3.5,predictable_intermittency,0.9629794435,0.8014908629,1.215474891,18,20,0.9,20000,True,5
FEV-Mini20,FEV-Bench,native,moirai2,predictable_intermittency,1.062224065,0.8420135519,1.432467336,18,20,0.9,20000,True,6
FEV-Mini20,FEV-Bench,native,Timer-4.0,predictable_intermittency,1.142818105,0.8852616896,1.528852991,18,20,0.9,20000,True,7
FEV-Mini20,FEV-Bench,native,moirai2,regime_switching,0.1026859614,0.07150227841,0.1365580187,20,20,1,20000,True,1
FEV-Mini20,FEV-Bench,native,toto2.0,regime_switching,0.1100236796,0.07371722637,0.1506543306,20,20,1,20000,True,2
FEV-Mini20,FEV-Bench,native,timesfm2.5,regime_switching,0.1197441879,0.07970370951,0.1614311817,20,20,1,20000,True,3
FEV-Mini20,FEV-Bench,native,tirex2,regime_switching,0.1362862374,0.05969201065,0.2389263667,20,20,1,20000,True,4
FEV-Mini20,FEV-Bench,native,Timer-3.5,regime_switching,0.1632377905,0.1110937208,0.2213357801,20,20,1,20000,True,5
FEV-Mini20,FEV-Bench,native,Timer-4.0,regime_switching,0.1809884783,0.08426882408,0.3209088131,20,20,1,20000,True,6
FEV-Mini20,FEV-Bench,native,Chronos-2,regime_switching,0.2125384652,0.07926886051,0.4342729176,20,20,1,20000,True,7
FEV-Mini20,FEV-Bench,native,toto2.0,time_varying_seasonality,0.6626374434,0.4793038266,0.8681725415,20,20,1,20000,True,1
FEV-Mini20,FEV-Bench,native,timesfm2.5,time_varying_seasonality,0.7335717233,0.5235771935,0.9638186196,20,20,1,20000,True,2
FEV-Mini20,FEV-Bench,native,Timer-3.5,time_varying_seasonality,0.7555655496,0.5501020171,0.9802197994,20,20,1,20000,True,3
FEV-Mini20,FEV-Bench,native,tirex2,time_varying_seasonality,0.7938957873,0.5434671545,1.105288609,20,20,1,20000,True,4
FEV-Mini20,FEV-Bench,native,moirai2,time_varying_seasonality,0.7974517024,0.5884358224,1.017865237,20,20,1,20000,True,5
FEV-Mini20,FEV-Bench,native,Chronos-2,time_varying_seasonality,0.8119565624,0.5532166532,1.120551152,20,20,1,20000,True,6
FEV-Mini20,FEV-Bench,native,Timer-4.0,time_varying_seasonality,0.8457495754,0.6049862311,1.11095277,20,20,1,20000,True,7
FEV-Mini20,FEV-Bench,native,moirai2,trend,0.08749395196,0.05538281202,0.1290552379,18,20,0.9,20000,True,1
FEV-Mini20,FEV-Bench,native,timesfm2.5,trend,0.1112489369,0.07334254695,0.1524740664,18,20,0.9,20000,True,2
FEV-Mini20,FEV-Bench,native,toto2.0,trend,0.1235699418,0.08477130718,0.1703449295,18,20,0.9,20000,True,3
FEV-Mini20,FEV-Bench,native,tirex2,trend,0.1302019242,0.05925460297,0.2249481833,18,20,0.9,20000,True,4
FEV-Mini20,FEV-Bench,native,Chronos-2,trend,0.1764511114,0.0576021659,0.3663168935,18,20,0.9,20000,True,5
FEV-Mini20,FEV-Bench,native,Timer-3.5,trend,0.1807181212,0.126172808,0.242181598,18,20,0.9,20000,True,6
FEV-Mini20,FEV-Bench,native,Timer-4.0,trend,0.2214129942,0.06663743621,0.447663982,18,20,0.9,20000,True,7
GIFT-Long,GIFT-Eval,long,Chronos-2,common_factor,0.3851945981,0.2568815511,0.5588346208,4,11,0.3636363636,20000,True,1
GIFT-Long,GIFT-Eval,long,toto2.0,common_factor,0.6630805599,0.379270807,0.9081439868,4,11,0.3636363636,20000,True,2
GIFT-Long,GIFT-Eval,long,Timer-3.5,common_factor,0.7386587285,0.4455327982,1.031784659,4,11,0.3636363636,20000,True,3
GIFT-Long,GIFT-Eval,long,Timer-4.0,common_factor,0.7596077874,0.439524485,1.023685863,4,11,0.3636363636,20000,True,4
GIFT-Long,GIFT-Eval,long,timesfm2.5,common_factor,0.7718095496,0.4023616483,1.141257451,4,11,0.3636363636,20000,True,5
GIFT-Long,GIFT-Eval,long,moirai2,common_factor,1.084236115,0.6349740989,1.639598992,4,11,0.3636363636,20000,True,6
GIFT-Long,GIFT-Eval,long,timesfm2.5,covariate_impulse_response,0.3351343653,0.1531391206,0.6406265964,3,11,0.2727272727,20000,True,1
GIFT-Long,GIFT-Eval,long,Chronos-2,covariate_impulse_response,0.3974530593,0.2140252153,0.6253122171,3,11,0.2727272727,20000,True,2
GIFT-Long,GIFT-Eval,long,moirai2,covariate_impulse_response,0.4903511629,0.1836392008,0.6660021986,3,11,0.2727272727,20000,True,3
GIFT-Long,GIFT-Eval,long,Timer-4.0,covariate_impulse_response,0.5709691952,0.2954017824,0.7857898866,3,11,0.2727272727,20000,True,4
GIFT-Long,GIFT-Eval,long,Timer-3.5,covariate_impulse_response,0.5936593505,0.2465958546,0.7967539581,3,11,0.2727272727,20000,True,5
GIFT-Long,GIFT-Eval,long,toto2.0,covariate_impulse_response,0.8574889064,0.1383701996,1.987406481,3,11,0.2727272727,20000,True,6
GIFT-Long,GIFT-Eval,long,Chronos-2,cross_series_dependence,0.8932563752,0.4912167492,1.258076602,6,11,0.5454545455,20000,True,1
GIFT-Long,GIFT-Eval,long,Timer-4.0,cross_series_dependence,0.9659669853,0.5169546957,1.378628003,6,11,0.5454545455,20000,True,2
GIFT-Long,GIFT-Eval,long,Timer-3.5,cross_series_dependence,0.9945917008,0.5885979165,1.348160342,6,11,0.5454545455,20000,True,3
GIFT-Long,GIFT-Eval,long,moirai2,cross_series_dependence,1.018634786,0.5851696073,1.436546462,6,11,0.5454545455,20000,True,4
GIFT-Long,GIFT-Eval,long,timesfm2.5,cross_series_dependence,1.058004421,0.6285868989,1.495666527,6,11,0.5454545455,20000,True,5
GIFT-Long,GIFT-Eval,long,toto2.0,cross_series_dependence,1.325611073,1.050958452,1.681333882,6,11,0.5454545455,20000,True,6
GIFT-Long,GIFT-Eval,long,Chronos-2,multi_seasonal,0.9144960364,0.845597739,0.9865516208,11,11,1,20000,True,1
GIFT-Long,GIFT-Eval,long,timesfm2.5,multi_seasonal,0.965956275,0.8449201557,1.081051398,11,11,1,20000,True,2
GIFT-Long,GIFT-Eval,long,toto2.0,multi_seasonal,0.9977196969,0.6456776233,1.446961321,11,11,1,20000,True,3
GIFT-Long,GIFT-Eval,long,Timer-4.0,multi_seasonal,1.013921132,0.8312393638,1.187725161,11,11,1,20000,True,4
GIFT-Long,GIFT-Eval,long,Timer-3.5,multi_seasonal,1.167812185,1.008985029,1.341852001,11,11,1,20000,True,5
GIFT-Long,GIFT-Eval,long,moirai2,multi_seasonal,1.637531213,1.159773587,2.17804198,11,11,1,20000,True,6
GIFT-Long,GIFT-Eval,long,Chronos-2,predictable_intermittency,1.05107737,1.026012607,1.07967821,11,11,1,20000,True,1
GIFT-Long,GIFT-Eval,long,timesfm2.5,predictable_intermittency,1.068544321,1.029722895,1.12284306,11,11,1,20000,True,2
GIFT-Long,GIFT-Eval,long,Timer-3.5,predictable_intermittency,1.118298715,1.062204678,1.184910051,11,11,1,20000,True,3
GIFT-Long,GIFT-Eval,long,toto2.0,predictable_intermittency,1.184021371,0.9874490341,1.505474416,11,11,1,20000,True,4
GIFT-Long,GIFT-Eval,long,Timer-4.0,predictable_intermittency,1.253781798,1.138002042,1.381915676,11,11,1,20000,True,5
GIFT-Long,GIFT-Eval,long,moirai2,predictable_intermittency,1.68312581,1.063730641,2.777638509,11,11,1,20000,True,6
GIFT-Long,GIFT-Eval,long,Chronos-2,regime_switching,0.06447970995,0.03542960112,0.09930147739,11,11,1,20000,True,1
GIFT-Long,GIFT-Eval,long,timesfm2.5,regime_switching,0.1055890894,0.06745787354,0.1557800276,11,11,1,20000,True,2
GIFT-Long,GIFT-Eval,long,Timer-4.0,regime_switching,0.1394100091,0.08605106897,0.1984870186,11,11,1,20000,True,3
GIFT-Long,GIFT-Eval,long,Timer-3.5,regime_switching,0.174551316,0.1082459667,0.2491218206,11,11,1,20000,True,4
GIFT-Long,GIFT-Eval,long,toto2.0,regime_switching,0.2649193968,0.213625255,0.3263218765,11,11,1,20000,True,5
GIFT-Long,GIFT-Eval,long,moirai2,regime_switching,0.3262622664,0.2179223269,0.4452363878,11,11,1,20000,True,6
GIFT-Long,GIFT-Eval,long,Chronos-2,time_varying_seasonality,0.85926337,0.6647368765,1.057432538,10,11,0.9090909091,20000,True,1
GIFT-Long,GIFT-Eval,long,timesfm2.5,time_varying_seasonality,0.9610404233,0.7809590891,1.148294599,10,11,0.9090909091,20000,True,2
GIFT-Long,GIFT-Eval,long,toto2.0,time_varying_seasonality,1.118731231,0.8050810849,1.564351539,10,11,0.9090909091,20000,True,3
GIFT-Long,GIFT-Eval,long,Timer-4.0,time_varying_seasonality,1.123283278,0.9634751787,1.289140069,10,11,0.9090909091,20000,True,4
GIFT-Long,GIFT-Eval,long,moirai2,time_varying_seasonality,1.18995801,1.011699938,1.390184896,10,11,0.9090909091,20000,True,5
GIFT-Long,GIFT-Eval,long,Timer-3.5,time_varying_seasonality,1.222656776,0.9598112812,1.559826957,10,11,0.9090909091,20000,True,6
GIFT-Long,GIFT-Eval,long,Chronos-2,trend,0.06226991482,0.03290433278,0.1036421415,10,11,0.9090909091,20000,True,1
GIFT-Long,GIFT-Eval,long,timesfm2.5,trend,0.124415789,0.06824625816,0.1898364606,10,11,0.9090909091,20000,True,2
GIFT-Long,GIFT-Eval,long,Timer-4.0,trend,0.1374100132,0.08666280772,0.1986931959,10,11,0.9090909091,20000,True,3
GIFT-Long,GIFT-Eval,long,Timer-3.5,trend,0.1909827222,0.1191042027,0.2740961833,10,11,0.9090909091,20000,True,4
GIFT-Long,GIFT-Eval,long,moirai2,trend,0.2132425505,0.1424960214,0.2884815224,10,11,0.9090909091,20000,True,5
GIFT-Long,GIFT-Eval,long,toto2.0,trend,0.2572961598,0.152920145,0.3886992572,10,11,0.9090909091,20000,True,6
GIFT-Medium,GIFT-Eval,medium,Chronos-2,common_factor,0.2568179967,0.2280907753,0.2855452181,4,11,0.3636363636,20000,True,1
GIFT-Medium,GIFT-Eval,medium,toto2.0,common_factor,0.3771920467,0.2237801698,0.5306039236,4,11,0.3636363636,20000,True,2
GIFT-Medium,GIFT-Eval,medium,Timer-3.5,common_factor,0.473736308,0.3501362363,0.5973363796,4,11,0.3636363636,20000,True,3
GIFT-Medium,GIFT-Eval,medium,timesfm2.5,common_factor,0.5244791105,0.38549756,0.6152561563,4,11,0.3636363636,20000,True,4
GIFT-Medium,GIFT-Eval,medium,Timer-4.0,common_factor,0.5476027746,0.3117972465,0.7486949017,4,11,0.3636363636,20000,True,5
GIFT-Medium,GIFT-Eval,medium,moirai2,common_factor,0.5709222302,0.3986557259,0.724788222,4,11,0.3636363636,20000,True,6
GIFT-Medium,GIFT-Eval,medium,timesfm2.5,covariate_impulse_response,0.3726284925,0.25414322,0.5073676384,4,11,0.3636363636,20000,True,1
GIFT-Medium,GIFT-Eval,medium,Timer-4.0,covariate_impulse_response,0.4413373208,0.364762724,0.5412854123,4,11,0.3636363636,20000,True,2
GIFT-Medium,GIFT-Eval,medium,moirai2,covariate_impulse_response,0.4573683056,0.3482441797,0.5664924316,4,11,0.3636363636,20000,True,3
GIFT-Medium,GIFT-Eval,medium,Timer-3.5,covariate_impulse_response,0.4975378205,0.3900715562,0.613462478,4,11,0.3636363636,20000,True,4
GIFT-Medium,GIFT-Eval,medium,Chronos-2,covariate_impulse_response,0.533018195,0.2518499627,0.7923087041,4,11,0.3636363636,20000,True,5
GIFT-Medium,GIFT-Eval,medium,toto2.0,covariate_impulse_response,0.54968864,0.369001717,0.879401153,4,11,0.3636363636,20000,True,6
GIFT-Medium,GIFT-Eval,medium,Chronos-2,cross_series_dependence,0.9922667515,0.5303198959,1.454213607,6,11,0.5454545455,20000,True,1
GIFT-Medium,GIFT-Eval,medium,moirai2,cross_series_dependence,1.050639156,0.5962683001,1.549091744,6,11,0.5454545455,20000,True,2
GIFT-Medium,GIFT-Eval,medium,timesfm2.5,cross_series_dependence,1.0530052,0.565495031,1.545184576,6,11,0.5454545455,20000,True,3
GIFT-Medium,GIFT-Eval,medium,Timer-3.5,cross_series_dependence,1.070118509,0.5791843012,1.579468124,6,11,0.5454545455,20000,True,4
GIFT-Medium,GIFT-Eval,medium,Timer-4.0,cross_series_dependence,1.153618492,0.6301708192,1.672659227,6,11,0.5454545455,20000,True,5
GIFT-Medium,GIFT-Eval,medium,toto2.0,cross_series_dependence,1.188800212,0.8807157811,1.509136987,6,11,0.5454545455,20000,True,6
GIFT-Medium,GIFT-Eval,medium,timesfm2.5,multi_seasonal,0.9607989633,0.7353706974,1.223332464,11,11,1,20000,True,1
GIFT-Medium,GIFT-Eval,medium,Timer-4.0,multi_seasonal,1.061968623,0.8443425312,1.296560758,11,11,1,20000,True,2
GIFT-Medium,GIFT-Eval,medium,Chronos-2,multi_seasonal,1.101720225,0.7722827171,1.68482115,11,11,1,20000,True,3
GIFT-Medium,GIFT-Eval,medium,toto2.0,multi_seasonal,1.130957184,0.6228007839,1.979759191,11,11,1,20000,True,4
GIFT-Medium,GIFT-Eval,medium,Timer-3.5,multi_seasonal,1.206342877,0.9198726648,1.573578027,11,11,1,20000,True,5
GIFT-Medium,GIFT-Eval,medium,moirai2,multi_seasonal,1.728902861,1.162007956,2.444828818,11,11,1,20000,True,6
GIFT-Medium,GIFT-Eval,medium,moirai2,predictable_intermittency,1.115235624,1.036367081,1.207830765,11,11,1,20000,True,1
GIFT-Medium,GIFT-Eval,medium,Timer-4.0,predictable_intermittency,1.288318766,1.139945168,1.458825413,11,11,1,20000,True,2
GIFT-Medium,GIFT-Eval,medium,timesfm2.5,predictable_intermittency,1.321852674,1.010589378,1.886235153,11,11,1,20000,True,3
GIFT-Medium,GIFT-Eval,medium,Chronos-2,predictable_intermittency,1.402336979,1.034835626,2.093348216,11,11,1,20000,True,4
GIFT-Medium,GIFT-Eval,medium,toto2.0,predictable_intermittency,1.556277288,0.9713265149,2.632019752,11,11,1,20000,True,5
GIFT-Medium,GIFT-Eval,medium,Timer-3.5,predictable_intermittency,1.738459405,1.056798554,2.963322899,11,11,1,20000,True,6
GIFT-Medium,GIFT-Eval,medium,Chronos-2,regime_switching,0.0532803791,0.03499685798,0.07342025437,11,11,1,20000,True,1
GIFT-Medium,GIFT-Eval,medium,Timer-4.0,regime_switching,0.1246832303,0.08083750706,0.1704445749,11,11,1,20000,True,2
GIFT-Medium,GIFT-Eval,medium,timesfm2.5,regime_switching,0.1305952409,0.07407414303,0.1959973533,11,11,1,20000,True,3
GIFT-Medium,GIFT-Eval,medium,toto2.0,regime_switching,0.175896607,0.1343172242,0.2179259375,11,11,1,20000,True,4
GIFT-Medium,GIFT-Eval,medium,Timer-3.5,regime_switching,0.19087616,0.1156356035,0.2848220438,11,11,1,20000,True,5
GIFT-Medium,GIFT-Eval,medium,moirai2,regime_switching,0.2761034234,0.1820571143,0.3816292697,11,11,1,20000,True,6
GIFT-Medium,GIFT-Eval,medium,Chronos-2,time_varying_seasonality,0.7866182767,0.6237744488,0.9634669457,10,11,0.9090909091,20000,True,1
GIFT-Medium,GIFT-Eval,medium,Timer-4.0,time_varying_seasonality,0.9137764858,0.7355206346,1.106195983,10,11,0.9090909091,20000,True,2
GIFT-Medium,GIFT-Eval,medium,timesfm2.5,time_varying_seasonality,0.9795761154,0.6336103811,1.403770713,10,11,0.9090909091,20000,True,3
GIFT-Medium,GIFT-Eval,medium,Timer-3.5,time_varying_seasonality,1.129569408,0.8561412936,1.419745697,10,11,0.9090909091,20000,True,4
GIFT-Medium,GIFT-Eval,medium,toto2.0,time_varying_seasonality,1.295987657,0.7208478243,2.285757941,10,11,0.9090909091,20000,True,5
GIFT-Medium,GIFT-Eval,medium,moirai2,time_varying_seasonality,1.564713792,1.133193585,2.055455031,10,11,0.9090909091,20000,True,6
GIFT-Medium,GIFT-Eval,medium,Chronos-2,trend,0.0510702675,0.03694229733,0.06687919845,9,11,0.8181818182,20000,True,1
GIFT-Medium,GIFT-Eval,medium,Timer-4.0,trend,0.14801478,0.08634849364,0.2283802857,9,11,0.8181818182,20000,True,2
GIFT-Medium,GIFT-Eval,medium,timesfm2.5,trend,0.2592673928,0.07304082303,0.5716053506,9,11,0.8181818182,20000,True,3
GIFT-Medium,GIFT-Eval,medium,Timer-3.5,trend,0.2637150076,0.1191634427,0.4410919039,9,11,0.8181818182,20000,True,4
GIFT-Medium,GIFT-Eval,medium,moirai2,trend,0.2933982087,0.1575548647,0.4802442914,9,11,0.8181818182,20000,True,5
GIFT-Medium,GIFT-Eval,medium,toto2.0,trend,0.5904974291,0.1091525432,1.434377611,9,11,0.8181818182,20000,True,6
GIFT-Short,GIFT-Eval,short,Chronos-2,common_factor,0.2568654659,0.1417617983,0.4240890176,4,20,0.2,20000,True,1
GIFT-Short,GIFT-Eval,short,tirex2,common_factor,0.2587081813,0.1697585985,0.3832796955,4,20,0.2,20000,True,2
GIFT-Short,GIFT-Eval,short,toto2.0,common_factor,0.2906639314,0.1386252588,0.4427026041,4,20,0.2,20000,True,3
GIFT-Short,GIFT-Eval,short,Timer-3.5,common_factor,0.300933994,0.218164952,0.4028490172,4,20,0.2,20000,True,4
GIFT-Short,GIFT-Eval,short,timesfm2.5,common_factor,0.333317783,0.1713026187,0.5890306621,4,20,0.2,20000,True,5
GIFT-Short,GIFT-Eval,short,Timer-4.0,common_factor,0.3394264991,0.1863070058,0.5687694165,4,20,0.2,20000,True,6
GIFT-Short,GIFT-Eval,short,moirai2,common_factor,0.3532650474,0.1783884977,0.5990579832,4,20,0.2,20000,True,7
GIFT-Short,GIFT-Eval,short,timesfm2.5,covariate_impulse_response,0.4949171461,0.2635485033,0.687768854,6,20,0.3,20000,True,1
GIFT-Short,GIFT-Eval,short,Timer-3.5,covariate_impulse_response,0.5540589657,0.3309128545,0.7584727715,6,20,0.3,20000,True,2
GIFT-Short,GIFT-Eval,short,Chronos-2,covariate_impulse_response,0.6260923706,0.252672152,1.003923694,6,20,0.3,20000,True,3
GIFT-Short,GIFT-Eval,short,toto2.0,covariate_impulse_response,0.6319093917,0.215838407,1.200369632,6,20,0.3,20000,True,4
GIFT-Short,GIFT-Eval,short,moirai2,covariate_impulse_response,0.6844056371,0.525288387,0.9343144309,6,20,0.3,20000,True,5
GIFT-Short,GIFT-Eval,short,Timer-4.0,covariate_impulse_response,0.7899258509,0.291924443,1.501751757,6,20,0.3,20000,True,6
GIFT-Short,GIFT-Eval,short,tirex2,covariate_impulse_response,0.8503045596,0.2376110372,1.862048839,6,20,0.3,20000,True,7
GIFT-Short,GIFT-Eval,short,Chronos-2,cross_series_dependence,0.9892779551,0.691248738,1.33303314,8,20,0.4,20000,True,1
GIFT-Short,GIFT-Eval,short,tirex2,cross_series_dependence,1.004575419,0.6935589969,1.367464674,8,20,0.4,20000,True,2
GIFT-Short,GIFT-Eval,short,Timer-4.0,cross_series_dependence,1.041229374,0.7217346608,1.421144535,8,20,0.4,20000,True,3
GIFT-Short,GIFT-Eval,short,Timer-3.5,cross_series_dependence,1.042653482,0.7193896781,1.42765554,8,20,0.4,20000,True,4
GIFT-Short,GIFT-Eval,short,moirai2,cross_series_dependence,1.043956985,0.7022829136,1.449500268,8,20,0.4,20000,True,5
GIFT-Short,GIFT-Eval,short,timesfm2.5,cross_series_dependence,1.186692824,0.817206237,1.55912762,8,20,0.4,20000,True,6
GIFT-Short,GIFT-Eval,short,toto2.0,cross_series_dependence,1.459781414,0.8226249375,2.306104218,8,20,0.4,20000,True,7
GIFT-Short,GIFT-Eval,short,toto2.0,multi_seasonal,0.6367942715,0.4711918526,0.8370808775,20,20,1,20000,True,1
GIFT-Short,GIFT-Eval,short,Chronos-2,multi_seasonal,0.7794513562,0.6318934603,0.9417967656,20,20,1,20000,True,2
GIFT-Short,GIFT-Eval,short,timesfm2.5,multi_seasonal,0.8016590865,0.6957607618,0.8989090223,20,20,1,20000,True,3
GIFT-Short,GIFT-Eval,short,tirex2,multi_seasonal,0.8441032903,0.6264795802,1.169092383,20,20,1,20000,True,4
GIFT-Short,GIFT-Eval,short,Timer-4.0,multi_seasonal,0.9097778692,0.7224790175,1.133846447,20,20,1,20000,True,5
GIFT-Short,GIFT-Eval,short,Timer-3.5,multi_seasonal,0.9456936794,0.807522938,1.112567907,20,20,1,20000,True,6
GIFT-Short,GIFT-Eval,short,moirai2,multi_seasonal,1.010156064,0.9342195967,1.1004321,20,20,1,20000,True,7
GIFT-Short,GIFT-Eval,short,timesfm2.5,predictable_intermittency,0.8373530645,0.80348924,0.8717250284,20,20,1,20000,True,1
GIFT-Short,GIFT-Eval,short,Chronos-2,predictable_intermittency,0.9051413851,0.8166630875,1.027541098,20,20,1,20000,True,2
GIFT-Short,GIFT-Eval,short,Timer-3.5,predictable_intermittency,0.9144081965,0.8278774621,1.026889055,20,20,1,20000,True,3
GIFT-Short,GIFT-Eval,short,Timer-4.0,predictable_intermittency,0.9275385313,0.8360302644,1.038911998,20,20,1,20000,True,4
GIFT-Short,GIFT-Eval,short,toto2.0,predictable_intermittency,0.9554846889,0.8291909081,1.151006544,20,20,1,20000,True,5
GIFT-Short,GIFT-Eval,short,moirai2,predictable_intermittency,0.9653250416,0.9014165386,1.037982399,20,20,1,20000,True,6
GIFT-Short,GIFT-Eval,short,tirex2,predictable_intermittency,0.9724890379,0.7972722094,1.279466578,20,20,1,20000,True,7
GIFT-Short,GIFT-Eval,short,tirex2,regime_switching,0.07083173108,0.03489604811,0.1151081897,20,20,1,20000,True,1
GIFT-Short,GIFT-Eval,short,timesfm2.5,regime_switching,0.0909547536,0.06135502623,0.1234661537,20,20,1,20000,True,2
GIFT-Short,GIFT-Eval,short,Chronos-2,regime_switching,0.09638508679,0.04983677636,0.1598080153,20,20,1,20000,True,3
GIFT-Short,GIFT-Eval,short,Timer-4.0,regime_switching,0.1185463442,0.07091501697,0.175627666,20,20,1,20000,True,4
GIFT-Short,GIFT-Eval,short,Timer-3.5,regime_switching,0.1329371331,0.0932887113,0.1750834189,20,20,1,20000,True,5
GIFT-Short,GIFT-Eval,short,moirai2,regime_switching,0.134159986,0.0859738262,0.2015798493,20,20,1,20000,True,6
GIFT-Short,GIFT-Eval,short,toto2.0,regime_switching,0.144387832,0.04951066779,0.2743984966,20,20,1,20000,True,7
GIFT-Short,GIFT-Eval,short,Chronos-2,time_varying_seasonality,0.5294781747,0.4121266092,0.646070923,19,20,0.95,20000,True,1
GIFT-Short,GIFT-Eval,short,toto2.0,time_varying_seasonality,0.5711975157,0.4000328441,0.7965808265,19,20,0.95,20000,True,2
GIFT-Short,GIFT-Eval,short,tirex2,time_varying_seasonality,0.5802932687,0.4434455604,0.7207725689,19,20,0.95,20000,True,3
GIFT-Short,GIFT-Eval,short,Timer-4.0,time_varying_seasonality,0.6229321115,0.4838302248,0.7558681232,19,20,0.95,20000,True,4
GIFT-Short,GIFT-Eval,short,Timer-3.5,time_varying_seasonality,0.6743320698,0.5208418674,0.8242976261,19,20,0.95,20000,True,5
GIFT-Short,GIFT-Eval,short,timesfm2.5,time_varying_seasonality,0.6794172013,0.4948120475,0.8684607253,19,20,0.95,20000,True,6
GIFT-Short,GIFT-Eval,short,moirai2,time_varying_seasonality,0.7404839685,0.5327852748,0.9854889794,19,20,0.95,20000,True,7
GIFT-Short,GIFT-Eval,short,Chronos-2,trend,0.08208250936,0.04277839853,0.1309772051,18,20,0.9,20000,True,1
GIFT-Short,GIFT-Eval,short,moirai2,trend,0.2149589024,0.1002285321,0.4035283464,18,20,0.9,20000,True,2
GIFT-Short,GIFT-Eval,short,timesfm2.5,trend,0.2155851914,0.07461529868,0.4059522516,18,20,0.9,20000,True,3
GIFT-Short,GIFT-Eval,short,Timer-3.5,trend,0.2430601202,0.105437891,0.4245750723,18,20,0.9,20000,True,4
GIFT-Short,GIFT-Eval,short,toto2.0,trend,0.2431896043,0.05900635338,0.4939974707,18,20,0.9,20000,True,5
GIFT-Short,GIFT-Eval,short,tirex2,trend,0.2562364899,0.0477111994,0.6202389169,18,20,0.9,20000,True,6
GIFT-Short,GIFT-Eval,short,Timer-4.0,trend,0.301293899,0.07186157511,0.6328458978,18,20,0.9,20000,True,7
