suite,benchmark,horizon_group,model_id,capability_id,capability_level,treatment_mase_task_equal,treatment_mae_task_equal,task_count
FEV-Mini20,FEV-Bench,native,Chronos-2,common_factor,1,1.658742178,1494.792184,9
FEV-Mini20,FEV-Bench,native,Timer-3.5,common_factor,1,1.949039747,1817.064378,9
FEV-Mini20,FEV-Bench,native,Timer-4.0,common_factor,1,1.563788305,1806.668388,9
FEV-Mini20,FEV-Bench,native,moirai2,common_factor,1,1.60297206,1425.166624,9
FEV-Mini20,FEV-Bench,native,timesfm2.5,common_factor,1,1.601504048,1474.786641,9
FEV-Mini20,FEV-Bench,native,tirex2,common_factor,1,1.612158909,1855.581893,9
FEV-Mini20,FEV-Bench,native,toto2.0,common_factor,1,1.669134314,1865.86343,9
FEV-Mini20,FEV-Bench,native,Chronos-2,common_factor,2,1.697738327,1530.768196,9
FEV-Mini20,FEV-Bench,native,Timer-3.5,common_factor,2,2.017514079,1920.180688,9
FEV-Mini20,FEV-Bench,native,Timer-4.0,common_factor,2,1.581415049,1851.161716,9
FEV-Mini20,FEV-Bench,native,moirai2,common_factor,2,1.68407092,1635.381467,9
FEV-Mini20,FEV-Bench,native,timesfm2.5,common_factor,2,1.62113356,1504.395912,9
FEV-Mini20,FEV-Bench,native,tirex2,common_factor,2,1.718376985,1819.764616,9
FEV-Mini20,FEV-Bench,native,toto2.0,common_factor,2,1.665894136,1574.650265,9
FEV-Mini20,FEV-Bench,native,Chronos-2,common_factor,3,1.743752701,1525.48793,9
FEV-Mini20,FEV-Bench,native,Timer-3.5,common_factor,3,2.006820158,1994.81152,9
FEV-Mini20,FEV-Bench,native,Timer-4.0,common_factor,3,1.604439635,1762.821957,9
FEV-Mini20,FEV-Bench,native,moirai2,common_factor,3,1.768093206,1765.464046,9
FEV-Mini20,FEV-Bench,native,timesfm2.5,common_factor,3,1.620741204,1504.813419,9
FEV-Mini20,FEV-Bench,native,tirex2,common_factor,3,1.822073159,1777.751268,9
FEV-Mini20,FEV-Bench,native,toto2.0,common_factor,3,1.66194465,1532.435085,9
FEV-Mini20,FEV-Bench,native,Chronos-2,common_factor,4,1.814864874,1556.485465,9
FEV-Mini20,FEV-Bench,native,Timer-3.5,common_factor,4,2.063150989,2035.578175,9
FEV-Mini20,FEV-Bench,native,Timer-4.0,common_factor,4,1.67399544,1826.125193,9
FEV-Mini20,FEV-Bench,native,moirai2,common_factor,4,1.886382768,1918.277769,9
FEV-Mini20,FEV-Bench,native,timesfm2.5,common_factor,4,1.646894214,1526.395653,9
FEV-Mini20,FEV-Bench,native,tirex2,common_factor,4,1.954322159,2315.796981,9
FEV-Mini20,FEV-Bench,native,toto2.0,common_factor,4,1.664734537,1515.550348,9
FEV-Mini20,FEV-Bench,native,Chronos-2,common_factor,5,1.916032163,1627.559711,9
FEV-Mini20,FEV-Bench,native,Timer-3.5,common_factor,5,2.181343936,2178.399637,9
FEV-Mini20,FEV-Bench,native,Timer-4.0,common_factor,5,1.710581548,1779.205049,9
FEV-Mini20,FEV-Bench,native,moirai2,common_factor,5,2.014778137,2174.88426,9
FEV-Mini20,FEV-Bench,native,timesfm2.5,common_factor,5,1.658266594,1542.355762,9
FEV-Mini20,FEV-Bench,native,tirex2,common_factor,5,1.99005009,2378.508399,9
FEV-Mini20,FEV-Bench,native,toto2.0,common_factor,5,1.651589471,1469.586492,9
FEV-Mini20,FEV-Bench,native,Chronos-2,covariate_impulse_response,1,2.908587712,8223.285482,8
FEV-Mini20,FEV-Bench,native,Timer-3.5,covariate_impulse_response,1,2.709679617,3886.428101,8
FEV-Mini20,FEV-Bench,native,Timer-4.0,covariate_impulse_response,1,2.299915286,5056.109818,8
FEV-Mini20,FEV-Bench,native,moirai2,covariate_impulse_response,1,2.433409332,2767.802407,8
FEV-Mini20,FEV-Bench,native,timesfm2.5,covariate_impulse_response,1,2.105784559,2362.330083,8
FEV-Mini20,FEV-Bench,native,tirex2,covariate_impulse_response,1,2.785700218,7438.815211,8
FEV-Mini20,FEV-Bench,native,toto2.0,covariate_impulse_response,1,2.134068218,3662.134596,8
FEV-Mini20,FEV-Bench,native,Chronos-2,covariate_impulse_response,2,2.951195375,8169.638858,8
FEV-Mini20,FEV-Bench,native,Timer-3.5,covariate_impulse_response,2,2.862467491,4001.143506,8
FEV-Mini20,FEV-Bench,native,Timer-4.0,covariate_impulse_response,2,2.378179466,5073.478863,8
FEV-Mini20,FEV-Bench,native,moirai2,covariate_impulse_response,2,2.665334467,2905.534183,8
FEV-Mini20,FEV-Bench,native,timesfm2.5,covariate_impulse_response,2,2.275150095,2601.293518,8
FEV-Mini20,FEV-Bench,native,tirex2,covariate_impulse_response,2,2.824932106,7382.645614,8
FEV-Mini20,FEV-Bench,native,toto2.0,covariate_impulse_response,2,2.202754813,3696.571486,8
FEV-Mini20,FEV-Bench,native,Chronos-2,covariate_impulse_response,3,3.041592051,8162.79154,8
FEV-Mini20,FEV-Bench,native,Timer-3.5,covariate_impulse_response,3,3.017288833,4087.151917,8
FEV-Mini20,FEV-Bench,native,Timer-4.0,covariate_impulse_response,3,2.451793552,5112.995994,8
FEV-Mini20,FEV-Bench,native,moirai2,covariate_impulse_response,3,2.934920767,3140.452265,8
FEV-Mini20,FEV-Bench,native,timesfm2.5,covariate_impulse_response,3,2.464211393,2801.477277,8
FEV-Mini20,FEV-Bench,native,tirex2,covariate_impulse_response,3,2.911368247,7416.73392,8
FEV-Mini20,FEV-Bench,native,toto2.0,covariate_impulse_response,3,2.265967031,3694.876782,8
FEV-Mini20,FEV-Bench,native,Chronos-2,covariate_impulse_response,4,3.159939424,8126.601014,8
FEV-Mini20,FEV-Bench,native,Timer-3.5,covariate_impulse_response,4,3.191438857,4201.398373,8
FEV-Mini20,FEV-Bench,native,Timer-4.0,covariate_impulse_response,4,2.602651026,5177.778359,8
FEV-Mini20,FEV-Bench,native,moirai2,covariate_impulse_response,4,3.317031473,3474.511382,8
FEV-Mini20,FEV-Bench,native,timesfm2.5,covariate_impulse_response,4,2.659663864,3017.778415,8
FEV-Mini20,FEV-Bench,native,tirex2,covariate_impulse_response,4,3.053621026,7507.99599,8
FEV-Mini20,FEV-Bench,native,toto2.0,covariate_impulse_response,4,2.382749149,3799.623141,8
FEV-Mini20,FEV-Bench,native,Chronos-2,covariate_impulse_response,5,3.304666278,8082.190602,8
FEV-Mini20,FEV-Bench,native,Timer-3.5,covariate_impulse_response,5,3.451292625,4503.744117,8
FEV-Mini20,FEV-Bench,native,Timer-4.0,covariate_impulse_response,5,2.778136591,5300.170885,8
FEV-Mini20,FEV-Bench,native,moirai2,covariate_impulse_response,5,3.772510581,3958.670038,8
FEV-Mini20,FEV-Bench,native,timesfm2.5,covariate_impulse_response,5,2.892835473,3268.117247,8
FEV-Mini20,FEV-Bench,native,tirex2,covariate_impulse_response,5,3.283253699,7727.917783,8
FEV-Mini20,FEV-Bench,native,toto2.0,covariate_impulse_response,5,2.527625809,3882.975123,8
FEV-Mini20,FEV-Bench,native,Chronos-2,cross_series_dependence,1,1.651396068,1418.093301,9
FEV-Mini20,FEV-Bench,native,Timer-3.5,cross_series_dependence,1,1.946741642,1850.772546,9
FEV-Mini20,FEV-Bench,native,Timer-4.0,cross_series_dependence,1,1.542281162,1717.659077,9
FEV-Mini20,FEV-Bench,native,moirai2,cross_series_dependence,1,1.568068887,1207.067743,9
FEV-Mini20,FEV-Bench,native,timesfm2.5,cross_series_dependence,1,1.512497425,1134.188894,9
FEV-Mini20,FEV-Bench,native,tirex2,cross_series_dependence,1,1.555622227,1787.998102,9
FEV-Mini20,FEV-Bench,native,toto2.0,cross_series_dependence,1,1.675034628,2120.207174,9
FEV-Mini20,FEV-Bench,native,Chronos-2,cross_series_dependence,2,1.691029503,1428.612083,9
FEV-Mini20,FEV-Bench,native,Timer-3.5,cross_series_dependence,2,2.005218315,1865.69665,9
FEV-Mini20,FEV-Bench,native,Timer-4.0,cross_series_dependence,2,1.588701917,1701.368017,9
FEV-Mini20,FEV-Bench,native,moirai2,cross_series_dependence,2,1.612269631,1219.164926,9
FEV-Mini20,FEV-Bench,native,timesfm2.5,cross_series_dependence,2,1.550389795,1144.750309,9
FEV-Mini20,FEV-Bench,native,tirex2,cross_series_dependence,2,1.602691748,1807.853408,9
FEV-Mini20,FEV-Bench,native,toto2.0,cross_series_dependence,2,1.730591561,2141.104602,9
FEV-Mini20,FEV-Bench,native,Chronos-2,cross_series_dependence,3,1.741548578,1443.894143,9
FEV-Mini20,FEV-Bench,native,Timer-3.5,cross_series_dependence,3,2.074867349,1890.094056,9
FEV-Mini20,FEV-Bench,native,Timer-4.0,cross_series_dependence,3,1.650580022,1732.423823,9
FEV-Mini20,FEV-Bench,native,moirai2,cross_series_dependence,3,1.672932487,1236.491247,9
FEV-Mini20,FEV-Bench,native,timesfm2.5,cross_series_dependence,3,1.623597504,1165.031602,9
FEV-Mini20,FEV-Bench,native,tirex2,cross_series_dependence,3,1.656910623,1823.27324,9
FEV-Mini20,FEV-Bench,native,toto2.0,cross_series_dependence,3,1.787082975,2124.217847,9
FEV-Mini20,FEV-Bench,native,Chronos-2,cross_series_dependence,4,1.822278312,1466.168788,9
FEV-Mini20,FEV-Bench,native,Timer-3.5,cross_series_dependence,4,2.181259333,1933.946676,9
FEV-Mini20,FEV-Bench,native,Timer-4.0,cross_series_dependence,4,1.748774538,1740.6363,9
FEV-Mini20,FEV-Bench,native,moirai2,cross_series_dependence,4,1.783890771,1271.280795,9
FEV-Mini20,FEV-Bench,native,timesfm2.5,cross_series_dependence,4,1.767761191,1203.861498,9
FEV-Mini20,FEV-Bench,native,tirex2,cross_series_dependence,4,1.759950961,1857.980172,9
FEV-Mini20,FEV-Bench,native,toto2.0,cross_series_dependence,4,1.893911814,2125.358202,9
FEV-Mini20,FEV-Bench,native,Chronos-2,cross_series_dependence,5,1.924451703,1486.312028,9
FEV-Mini20,FEV-Bench,native,Timer-3.5,cross_series_dependence,5,2.293205699,1960.435399,9
FEV-Mini20,FEV-Bench,native,Timer-4.0,cross_series_dependence,5,1.875224589,1764.627199,9
FEV-Mini20,FEV-Bench,native,moirai2,cross_series_dependence,5,1.919331709,1310.751579,9
FEV-Mini20,FEV-Bench,native,timesfm2.5,cross_series_dependence,5,1.934262023,1240.799361,9
FEV-Mini20,FEV-Bench,native,tirex2,cross_series_dependence,5,1.891860342,1909.190643,9
FEV-Mini20,FEV-Bench,native,toto2.0,cross_series_dependence,5,2.04267806,2169.653645,9
FEV-Mini20,FEV-Bench,native,Chronos-2,multi_seasonal,1,2.338744855,31365.91831,20
FEV-Mini20,FEV-Bench,native,Timer-3.5,multi_seasonal,1,2.522301584,41628.65709,20
FEV-Mini20,FEV-Bench,native,Timer-4.0,multi_seasonal,1,2.064877002,31988.50819,20
FEV-Mini20,FEV-Bench,native,moirai2,multi_seasonal,1,2.771097509,43572.43423,20
FEV-Mini20,FEV-Bench,native,timesfm2.5,multi_seasonal,1,2.172208404,30942.31123,20
FEV-Mini20,FEV-Bench,native,tirex2,multi_seasonal,1,2.340565518,30932.77279,20
FEV-Mini20,FEV-Bench,native,toto2.0,multi_seasonal,1,1.695249451,29772.67954,20
FEV-Mini20,FEV-Bench,native,Chronos-2,multi_seasonal,2,2.508493488,38988.00174,20
FEV-Mini20,FEV-Bench,native,Timer-3.5,multi_seasonal,2,2.771768034,50655.34281,20
FEV-Mini20,FEV-Bench,native,Timer-4.0,multi_seasonal,2,2.266172146,39027.02465,20
FEV-Mini20,FEV-Bench,native,moirai2,multi_seasonal,2,3.076835011,48055.21108,20
FEV-Mini20,FEV-Bench,native,timesfm2.5,multi_seasonal,2,2.428025911,39184.18588,20
FEV-Mini20,FEV-Bench,native,tirex2,multi_seasonal,2,2.56507368,38115.92978,20
FEV-Mini20,FEV-Bench,native,toto2.0,multi_seasonal,2,1.748120075,31020.97469,20
FEV-Mini20,FEV-Bench,native,Chronos-2,multi_seasonal,3,2.64665013,40120.03766,20
FEV-Mini20,FEV-Bench,native,Timer-3.5,multi_seasonal,3,3.0893364,53486.69455,20
FEV-Mini20,FEV-Bench,native,Timer-4.0,multi_seasonal,3,2.496349025,39824.81898,20
FEV-Mini20,FEV-Bench,native,moirai2,multi_seasonal,3,3.209570517,48927.43251,20
FEV-Mini20,FEV-Bench,native,timesfm2.5,multi_seasonal,3,2.616696384,40092.97035,20
FEV-Mini20,FEV-Bench,native,tirex2,multi_seasonal,3,2.727681867,42195.99711,20
FEV-Mini20,FEV-Bench,native,toto2.0,multi_seasonal,3,1.8284323,31844.26281,20
FEV-Mini20,FEV-Bench,native,Chronos-2,multi_seasonal,4,2.827052363,37696.42854,20
FEV-Mini20,FEV-Bench,native,Timer-3.5,multi_seasonal,4,3.243627089,51714.15023,20
FEV-Mini20,FEV-Bench,native,Timer-4.0,multi_seasonal,4,2.664452295,39673.30336,20
FEV-Mini20,FEV-Bench,native,moirai2,multi_seasonal,4,3.303646986,49202.87545,20
FEV-Mini20,FEV-Bench,native,timesfm2.5,multi_seasonal,4,2.798929583,40922.90122,20
FEV-Mini20,FEV-Bench,native,tirex2,multi_seasonal,4,2.886340531,38472.37125,20
FEV-Mini20,FEV-Bench,native,toto2.0,multi_seasonal,4,1.929212604,35160.57456,20
FEV-Mini20,FEV-Bench,native,Chronos-2,multi_seasonal,5,2.957048224,39543.63082,20
FEV-Mini20,FEV-Bench,native,Timer-3.5,multi_seasonal,5,3.389156963,53441.40405,20
FEV-Mini20,FEV-Bench,native,Timer-4.0,multi_seasonal,5,2.802585157,40785.47421,20
FEV-Mini20,FEV-Bench,native,moirai2,multi_seasonal,5,3.360743519,50570.59814,20
FEV-Mini20,FEV-Bench,native,timesfm2.5,multi_seasonal,5,2.892902927,42096.4637,20
FEV-Mini20,FEV-Bench,native,tirex2,multi_seasonal,5,2.995817305,39826.16383,20
FEV-Mini20,FEV-Bench,native,toto2.0,multi_seasonal,5,1.995759482,36341.11357,20
FEV-Mini20,FEV-Bench,native,Chronos-2,predictable_intermittency,1,1.926235746,3844.93602,18
FEV-Mini20,FEV-Bench,native,Timer-3.5,predictable_intermittency,1,1.745870514,1718.721704,18
FEV-Mini20,FEV-Bench,native,Timer-4.0,predictable_intermittency,1,1.600079158,2376.09378,18
FEV-Mini20,FEV-Bench,native,moirai2,predictable_intermittency,1,1.77162992,1600.770058,18
FEV-Mini20,FEV-Bench,native,timesfm2.5,predictable_intermittency,1,1.363993831,1012.985272,18
FEV-Mini20,FEV-Bench,native,tirex2,predictable_intermittency,1,1.873650435,3371.580446,18
FEV-Mini20,FEV-Bench,native,toto2.0,predictable_intermittency,1,1.469395413,1690.951784,18
FEV-Mini20,FEV-Bench,native,Chronos-2,predictable_intermittency,2,2.406376305,4375.579596,18
FEV-Mini20,FEV-Bench,native,Timer-3.5,predictable_intermittency,2,2.083549674,2057.677963,18
FEV-Mini20,FEV-Bench,native,Timer-4.0,predictable_intermittency,2,2.117194748,2860.588312,18
FEV-Mini20,FEV-Bench,native,moirai2,predictable_intermittency,2,2.422472486,1764.402602,18
FEV-Mini20,FEV-Bench,native,timesfm2.5,predictable_intermittency,2,1.873953442,1480.188188,18
FEV-Mini20,FEV-Bench,native,tirex2,predictable_intermittency,2,2.173901141,3585.467252,18
FEV-Mini20,FEV-Bench,native,toto2.0,predictable_intermittency,2,1.781145996,1835.012664,18
FEV-Mini20,FEV-Bench,native,Chronos-2,predictable_intermittency,3,2.297059178,3904.262179,18
FEV-Mini20,FEV-Bench,native,Timer-3.5,predictable_intermittency,3,2.076847333,1892.535661,18
FEV-Mini20,FEV-Bench,native,Timer-4.0,predictable_intermittency,3,1.980341078,2423.763023,18
FEV-Mini20,FEV-Bench,native,moirai2,predictable_intermittency,3,2.102003095,1815.068314,18
FEV-Mini20,FEV-Bench,native,timesfm2.5,predictable_intermittency,3,1.819301581,1378.956241,18
FEV-Mini20,FEV-Bench,native,tirex2,predictable_intermittency,3,2.219988674,3566.261925,18
FEV-Mini20,FEV-Bench,native,toto2.0,predictable_intermittency,3,1.797471824,1831.847289,18
FEV-Mini20,FEV-Bench,native,Chronos-2,predictable_intermittency,4,2.174513508,3870.164843,18
FEV-Mini20,FEV-Bench,native,Timer-3.5,predictable_intermittency,4,2.046483186,1902.515425,18
FEV-Mini20,FEV-Bench,native,Timer-4.0,predictable_intermittency,4,1.923828984,2470.953335,18
FEV-Mini20,FEV-Bench,native,moirai2,predictable_intermittency,4,2.109174138,1692.675844,18
FEV-Mini20,FEV-Bench,native,timesfm2.5,predictable_intermittency,4,1.723342603,1197.432445,18
FEV-Mini20,FEV-Bench,native,tirex2,predictable_intermittency,4,2.192551474,3491.315646,18
FEV-Mini20,FEV-Bench,native,toto2.0,predictable_intermittency,4,1.763396042,1810.281118,18
FEV-Mini20,FEV-Bench,native,Chronos-2,predictable_intermittency,5,2.135075334,3709.484792,18
FEV-Mini20,FEV-Bench,native,Timer-3.5,predictable_intermittency,5,1.983051063,1909.776958,18
FEV-Mini20,FEV-Bench,native,Timer-4.0,predictable_intermittency,5,1.909595936,2321.379397,18
FEV-Mini20,FEV-Bench,native,moirai2,predictable_intermittency,5,1.870467825,1655.209057,18
FEV-Mini20,FEV-Bench,native,timesfm2.5,predictable_intermittency,5,1.777924052,1267.294153,18
FEV-Mini20,FEV-Bench,native,tirex2,predictable_intermittency,5,2.308873478,3539.43232,18
FEV-Mini20,FEV-Bench,native,toto2.0,predictable_intermittency,5,1.843139371,1889.231911,18
FEV-Mini20,FEV-Bench,native,Chronos-2,regime_switching,1,1.906661869,31656.30828,20
FEV-Mini20,FEV-Bench,native,Timer-3.5,regime_switching,1,1.829065949,30117.85968,20
FEV-Mini20,FEV-Bench,native,Timer-4.0,regime_switching,1,1.701727338,30838.58005,20
FEV-Mini20,FEV-Bench,native,moirai2,regime_switching,1,1.58574586,31251.39628,20
FEV-Mini20,FEV-Bench,native,timesfm2.5,regime_switching,1,1.493622188,26882.40732,20
FEV-Mini20,FEV-Bench,native,tirex2,regime_switching,1,1.822167241,26974.48594,20
FEV-Mini20,FEV-Bench,native,toto2.0,regime_switching,1,1.557499977,27455.06597,20
FEV-Mini20,FEV-Bench,native,Chronos-2,regime_switching,2,1.939993961,36395.82525,20
FEV-Mini20,FEV-Bench,native,Timer-3.5,regime_switching,2,1.821788775,33280.77168,20
FEV-Mini20,FEV-Bench,native,Timer-4.0,regime_switching,2,1.694035482,29731.29394,20
FEV-Mini20,FEV-Bench,native,moirai2,regime_switching,2,1.617519311,32224.17493,20
FEV-Mini20,FEV-Bench,native,timesfm2.5,regime_switching,2,1.514907172,27516.82296,20
FEV-Mini20,FEV-Bench,native,tirex2,regime_switching,2,1.828092037,28701.16654,20
FEV-Mini20,FEV-Bench,native,toto2.0,regime_switching,2,1.599214696,27395.90041,20
FEV-Mini20,FEV-Bench,native,Chronos-2,regime_switching,3,1.847772076,35374.62305,20
FEV-Mini20,FEV-Bench,native,Timer-3.5,regime_switching,3,1.873276097,34129.96755,20
FEV-Mini20,FEV-Bench,native,Timer-4.0,regime_switching,3,1.674030661,30018.09091,20
FEV-Mini20,FEV-Bench,native,moirai2,regime_switching,3,1.603401052,32710.77243,20
FEV-Mini20,FEV-Bench,native,timesfm2.5,regime_switching,3,1.528093715,26404.68505,20
FEV-Mini20,FEV-Bench,native,tirex2,regime_switching,3,1.834461911,28833.09409,20
FEV-Mini20,FEV-Bench,native,toto2.0,regime_switching,3,1.593094109,27218.65695,20
FEV-Mini20,FEV-Bench,native,Chronos-2,regime_switching,4,1.843508687,35872.12164,20
FEV-Mini20,FEV-Bench,native,Timer-3.5,regime_switching,4,1.900725219,36675.57288,20
FEV-Mini20,FEV-Bench,native,Timer-4.0,regime_switching,4,1.708690212,35223.26402,20
FEV-Mini20,FEV-Bench,native,moirai2,regime_switching,4,1.641521152,33037.37868,20
FEV-Mini20,FEV-Bench,native,timesfm2.5,regime_switching,4,1.553258178,29112.66686,20
FEV-Mini20,FEV-Bench,native,tirex2,regime_switching,4,1.866857457,26169.78358,20
FEV-Mini20,FEV-Bench,native,toto2.0,regime_switching,4,1.584621647,26102.00787,20
FEV-Mini20,FEV-Bench,native,Chronos-2,regime_switching,5,2.025220227,40740.79279,20
FEV-Mini20,FEV-Bench,native,Timer-3.5,regime_switching,5,2.16034872,36119.93171,20
FEV-Mini20,FEV-Bench,native,Timer-4.0,regime_switching,5,1.850296235,33859.62121,20
FEV-Mini20,FEV-Bench,native,moirai2,regime_switching,5,1.786834422,34912.28561,20
FEV-Mini20,FEV-Bench,native,timesfm2.5,regime_switching,5,1.719417712,28361.54118,20
FEV-Mini20,FEV-Bench,native,tirex2,regime_switching,5,1.913605739,25415.37439,20
FEV-Mini20,FEV-Bench,native,toto2.0,regime_switching,5,1.680771857,25418.09712,20
FEV-Mini20,FEV-Bench,native,Chronos-2,time_varying_seasonality,1,1.970646495,17241.87727,20
FEV-Mini20,FEV-Bench,native,Timer-3.5,time_varying_seasonality,1,1.896504881,17286.26125,20
FEV-Mini20,FEV-Bench,native,Timer-4.0,time_varying_seasonality,1,1.675910019,15162.17296,20
FEV-Mini20,FEV-Bench,native,moirai2,time_varying_seasonality,1,1.800086565,16243.1808,20
FEV-Mini20,FEV-Bench,native,timesfm2.5,time_varying_seasonality,1,1.569012979,14333.82254,20
FEV-Mini20,FEV-Bench,native,tirex2,time_varying_seasonality,1,1.868477507,14443.37173,20
FEV-Mini20,FEV-Bench,native,toto2.0,time_varying_seasonality,1,1.599223882,14491.15498,20
FEV-Mini20,FEV-Bench,native,Chronos-2,time_varying_seasonality,2,2.064615654,18612.54544,20
FEV-Mini20,FEV-Bench,native,Timer-3.5,time_varying_seasonality,2,1.980852449,18635.3114,20
FEV-Mini20,FEV-Bench,native,Timer-4.0,time_varying_seasonality,2,1.738657861,16322.98009,20
FEV-Mini20,FEV-Bench,native,moirai2,time_varying_seasonality,2,1.884688403,17771.54963,20
FEV-Mini20,FEV-Bench,native,timesfm2.5,time_varying_seasonality,2,1.63910957,15765.48767,20
FEV-Mini20,FEV-Bench,native,tirex2,time_varying_seasonality,2,1.925965805,15789.79076,20
FEV-Mini20,FEV-Bench,native,toto2.0,time_varying_seasonality,2,1.623016857,15029.74963,20
FEV-Mini20,FEV-Bench,native,Chronos-2,time_varying_seasonality,3,2.171683967,20202.53239,20
FEV-Mini20,FEV-Bench,native,Timer-3.5,time_varying_seasonality,3,2.146143678,20229.60763,20
FEV-Mini20,FEV-Bench,native,Timer-4.0,time_varying_seasonality,3,1.819864416,17849.11957,20
FEV-Mini20,FEV-Bench,native,moirai2,time_varying_seasonality,3,1.989501445,19980.11721,20
FEV-Mini20,FEV-Bench,native,timesfm2.5,time_varying_seasonality,3,1.73165698,17424.08055,20
FEV-Mini20,FEV-Bench,native,tirex2,time_varying_seasonality,3,2.027338794,17528.39485,20
FEV-Mini20,FEV-Bench,native,toto2.0,time_varying_seasonality,3,1.652328438,15353.83784,20
FEV-Mini20,FEV-Bench,native,Chronos-2,time_varying_seasonality,4,2.293376897,21850.9133,20
FEV-Mini20,FEV-Bench,native,Timer-3.5,time_varying_seasonality,4,2.24443669,22746.2019,20
FEV-Mini20,FEV-Bench,native,Timer-4.0,time_varying_seasonality,4,1.908085234,19256.67094,20
FEV-Mini20,FEV-Bench,native,moirai2,time_varying_seasonality,4,2.157896909,22434.47642,20
FEV-Mini20,FEV-Bench,native,timesfm2.5,time_varying_seasonality,4,1.829110008,19708.12291,20
FEV-Mini20,FEV-Bench,native,tirex2,time_varying_seasonality,4,2.127846113,18684.26889,20
FEV-Mini20,FEV-Bench,native,toto2.0,time_varying_seasonality,4,1.687119026,15590.54509,20
FEV-Mini20,FEV-Bench,native,Chronos-2,time_varying_seasonality,5,2.447684265,23701.63842,20
FEV-Mini20,FEV-Bench,native,Timer-3.5,time_varying_seasonality,5,2.430072798,24861.22089,20
FEV-Mini20,FEV-Bench,native,Timer-4.0,time_varying_seasonality,5,2.023614071,20721.74064,20
FEV-Mini20,FEV-Bench,native,moirai2,time_varying_seasonality,5,2.394812597,25880.1773,20
FEV-Mini20,FEV-Bench,native,timesfm2.5,time_varying_seasonality,5,1.950242562,22375.65625,20
FEV-Mini20,FEV-Bench,native,tirex2,time_varying_seasonality,5,2.252637895,20552.55416,20
FEV-Mini20,FEV-Bench,native,toto2.0,time_varying_seasonality,5,1.734764313,15974.06191,20
FEV-Mini20,FEV-Bench,native,Chronos-2,trend,1,1.92689559,24783.88605,18
FEV-Mini20,FEV-Bench,native,Timer-3.5,trend,1,1.787636187,23908.38719,18
FEV-Mini20,FEV-Bench,native,Timer-4.0,trend,1,1.691576449,22119.95373,18
FEV-Mini20,FEV-Bench,native,moirai2,trend,1,1.618885449,24684.54574,18
FEV-Mini20,FEV-Bench,native,timesfm2.5,trend,1,1.474518032,21097.18676,18
FEV-Mini20,FEV-Bench,native,tirex2,trend,1,1.750577934,20487.80649,18
FEV-Mini20,FEV-Bench,native,toto2.0,trend,1,1.603051993,21734.91367,18
FEV-Mini20,FEV-Bench,native,Chronos-2,trend,2,1.931206216,25068.65651,18
FEV-Mini20,FEV-Bench,native,Timer-3.5,trend,2,1.795803956,24640.37774,18
FEV-Mini20,FEV-Bench,native,Timer-4.0,trend,2,1.706604919,21868.53731,18
FEV-Mini20,FEV-Bench,native,moirai2,trend,2,1.620170487,24713.0595,18
FEV-Mini20,FEV-Bench,native,timesfm2.5,trend,2,1.469752439,21142.23428,18
FEV-Mini20,FEV-Bench,native,tirex2,trend,2,1.742944724,20369.29329,18
FEV-Mini20,FEV-Bench,native,toto2.0,trend,2,1.59431105,21651.032,18
FEV-Mini20,FEV-Bench,native,Chronos-2,trend,3,1.937799075,25491.26596,18
FEV-Mini20,FEV-Bench,native,Timer-3.5,trend,3,1.79798661,25294.39634,18
FEV-Mini20,FEV-Bench,native,Timer-4.0,trend,3,1.716616773,22138.98898,18
FEV-Mini20,FEV-Bench,native,moirai2,trend,3,1.622624463,24725.02743,18
FEV-Mini20,FEV-Bench,native,timesfm2.5,trend,3,1.467248595,21186.91783,18
FEV-Mini20,FEV-Bench,native,tirex2,trend,3,1.72618883,20276.34163,18
FEV-Mini20,FEV-Bench,native,toto2.0,trend,3,1.589327899,21503.65936,18
FEV-Mini20,FEV-Bench,native,Chronos-2,trend,4,1.944644084,26069.29895,18
FEV-Mini20,FEV-Bench,native,Timer-3.5,trend,4,1.825565142,24553.26018,18
FEV-Mini20,FEV-Bench,native,Timer-4.0,trend,4,1.729159443,22012.08483,18
FEV-Mini20,FEV-Bench,native,moirai2,trend,4,1.627448422,24768.55739,18
FEV-Mini20,FEV-Bench,native,timesfm2.5,trend,4,1.464875127,21200.56771,18
FEV-Mini20,FEV-Bench,native,tirex2,trend,4,1.732101389,20051.62267,18
FEV-Mini20,FEV-Bench,native,toto2.0,trend,4,1.586968217,21716.34192,18
FEV-Mini20,FEV-Bench,native,Chronos-2,trend,5,1.951922367,26796.23067,18
FEV-Mini20,FEV-Bench,native,Timer-3.5,trend,5,1.830022754,23834.63682,18
FEV-Mini20,FEV-Bench,native,Timer-4.0,trend,5,1.74081798,22064.35691,18
FEV-Mini20,FEV-Bench,native,moirai2,trend,5,1.63566631,24774.36217,18
FEV-Mini20,FEV-Bench,native,timesfm2.5,trend,5,1.467844369,21010.45969,18
FEV-Mini20,FEV-Bench,native,tirex2,trend,5,1.729058703,19938.03376,18
FEV-Mini20,FEV-Bench,native,toto2.0,trend,5,1.579675198,21616.09173,18
GIFT-Long,GIFT-Eval,long,Chronos-2,common_factor,1,1.013879794,8.571223818,4
GIFT-Long,GIFT-Eval,long,Timer-3.5,common_factor,1,1.018340587,8.941820662,4
GIFT-Long,GIFT-Eval,long,Timer-4.0,common_factor,1,1.018272489,8.520795608,4
GIFT-Long,GIFT-Eval,long,moirai2,common_factor,1,1.644424736,10.30404481,4
GIFT-Long,GIFT-Eval,long,timesfm2.5,common_factor,1,1.012841447,8.911928615,4
GIFT-Long,GIFT-Eval,long,toto2.0,common_factor,1,1.251770094,11.87480796,4
GIFT-Long,GIFT-Eval,long,Chronos-2,common_factor,2,1.023072517,8.684100761,4
GIFT-Long,GIFT-Eval,long,Timer-3.5,common_factor,2,1.056503226,9.287614979,4
GIFT-Long,GIFT-Eval,long,Timer-4.0,common_factor,2,1.033937896,8.669167256,4
GIFT-Long,GIFT-Eval,long,moirai2,common_factor,2,1.668976065,10.5324378,4
GIFT-Long,GIFT-Eval,long,timesfm2.5,common_factor,2,1.038410144,9.195436809,4
GIFT-Long,GIFT-Eval,long,toto2.0,common_factor,2,1.270791928,12.0505961,4
GIFT-Long,GIFT-Eval,long,Chronos-2,common_factor,3,1.034217251,8.799902223,4
GIFT-Long,GIFT-Eval,long,Timer-3.5,common_factor,3,1.110788443,9.716678539,4
GIFT-Long,GIFT-Eval,long,Timer-4.0,common_factor,3,1.063207012,8.918990943,4
GIFT-Long,GIFT-Eval,long,moirai2,common_factor,3,1.709673668,10.8916369,4
GIFT-Long,GIFT-Eval,long,timesfm2.5,common_factor,3,1.082580644,9.581574516,4
GIFT-Long,GIFT-Eval,long,toto2.0,common_factor,3,1.299584406,12.28764909,4
GIFT-Long,GIFT-Eval,long,Chronos-2,common_factor,4,1.052481402,8.935891632,4
GIFT-Long,GIFT-Eval,long,Timer-3.5,common_factor,4,1.226168902,10.73370556,4
GIFT-Long,GIFT-Eval,long,Timer-4.0,common_factor,4,1.148742932,9.604551658,4
GIFT-Long,GIFT-Eval,long,moirai2,common_factor,4,1.82092851,11.79652062,4
GIFT-Long,GIFT-Eval,long,timesfm2.5,common_factor,4,1.177707821,10.37162417,4
GIFT-Long,GIFT-Eval,long,toto2.0,common_factor,4,1.371937294,12.87840618,4
GIFT-Long,GIFT-Eval,long,Chronos-2,common_factor,5,1.072647177,9.098865168,4
GIFT-Long,GIFT-Eval,long,Timer-3.5,common_factor,5,1.30885603,11.50751255,4
GIFT-Long,GIFT-Eval,long,Timer-4.0,common_factor,5,1.223760528,10.25573285,4
GIFT-Long,GIFT-Eval,long,moirai2,common_factor,5,1.898872569,12.59426348,4
GIFT-Long,GIFT-Eval,long,timesfm2.5,common_factor,5,1.254571058,11.00259951,4
GIFT-Long,GIFT-Eval,long,toto2.0,common_factor,5,1.425071023,13.36726364,4
GIFT-Long,GIFT-Eval,long,Chronos-2,covariate_impulse_response,1,8.552397417,519.7907046,3
GIFT-Long,GIFT-Eval,long,Timer-3.5,covariate_impulse_response,1,9.546870254,540.2146482,3
GIFT-Long,GIFT-Eval,long,Timer-4.0,covariate_impulse_response,1,10.76145485,590.8584168,3
GIFT-Long,GIFT-Eval,long,moirai2,covariate_impulse_response,1,11.1357125,550.533209,3
GIFT-Long,GIFT-Eval,long,timesfm2.5,covariate_impulse_response,1,8.769403496,581.2404604,3
GIFT-Long,GIFT-Eval,long,toto2.0,covariate_impulse_response,1,52.21216435,564.4269602,3
GIFT-Long,GIFT-Eval,long,Chronos-2,covariate_impulse_response,2,9.191293969,509.6669874,3
GIFT-Long,GIFT-Eval,long,Timer-3.5,covariate_impulse_response,2,11.97047319,574.01277,3
GIFT-Long,GIFT-Eval,long,Timer-4.0,covariate_impulse_response,2,12.33459312,620.9999364,3
GIFT-Long,GIFT-Eval,long,moirai2,covariate_impulse_response,2,12.47248854,540.7111558,3
GIFT-Long,GIFT-Eval,long,timesfm2.5,covariate_impulse_response,2,8.977131607,587.9955365,3
GIFT-Long,GIFT-Eval,long,toto2.0,covariate_impulse_response,2,53.4724504,576.4939981,3
GIFT-Long,GIFT-Eval,long,Chronos-2,covariate_impulse_response,3,9.761833504,502.9340733,3
GIFT-Long,GIFT-Eval,long,Timer-3.5,covariate_impulse_response,3,13.62436387,598.5319038,3
GIFT-Long,GIFT-Eval,long,Timer-4.0,covariate_impulse_response,3,13.55318452,639.4396269,3
GIFT-Long,GIFT-Eval,long,moirai2,covariate_impulse_response,3,13.78080837,536.4061046,3
GIFT-Long,GIFT-Eval,long,timesfm2.5,covariate_impulse_response,3,9.336459086,589.1589143,3
GIFT-Long,GIFT-Eval,long,toto2.0,covariate_impulse_response,3,53.77396691,578.7649453,3
GIFT-Long,GIFT-Eval,long,Chronos-2,covariate_impulse_response,4,10.65126927,492.3962162,3
GIFT-Long,GIFT-Eval,long,Timer-3.5,covariate_impulse_response,4,15.70922889,655.6304631,3
GIFT-Long,GIFT-Eval,long,Timer-4.0,covariate_impulse_response,4,15.3165033,682.0003403,3
GIFT-Long,GIFT-Eval,long,moirai2,covariate_impulse_response,4,15.94618395,537.716187,3
GIFT-Long,GIFT-Eval,long,timesfm2.5,covariate_impulse_response,4,9.935542009,560.5793171,3
GIFT-Long,GIFT-Eval,long,toto2.0,covariate_impulse_response,4,53.51252954,574.2841353,3
GIFT-Long,GIFT-Eval,long,Chronos-2,covariate_impulse_response,5,11.38833062,485.7725599,3
GIFT-Long,GIFT-Eval,long,Timer-3.5,covariate_impulse_response,5,16.44272526,653.6215098,3
GIFT-Long,GIFT-Eval,long,Timer-4.0,covariate_impulse_response,5,17.08995775,722.3271855,3
GIFT-Long,GIFT-Eval,long,moirai2,covariate_impulse_response,5,18.16653188,542.6153318,3
GIFT-Long,GIFT-Eval,long,timesfm2.5,covariate_impulse_response,5,10.54340691,538.5076155,3
GIFT-Long,GIFT-Eval,long,toto2.0,covariate_impulse_response,5,53.2183034,576.7243127,3
GIFT-Long,GIFT-Eval,long,Chronos-2,cross_series_dependence,1,4.7444307,254.7394575,6
GIFT-Long,GIFT-Eval,long,Timer-3.5,cross_series_dependence,1,5.240454919,256.6197961,6
GIFT-Long,GIFT-Eval,long,Timer-4.0,cross_series_dependence,1,5.222213847,272.7653451,6
GIFT-Long,GIFT-Eval,long,moirai2,cross_series_dependence,1,7.691489323,254.080762,6
GIFT-Long,GIFT-Eval,long,timesfm2.5,cross_series_dependence,1,5.391079698,272.3828959,6
GIFT-Long,GIFT-Eval,long,toto2.0,cross_series_dependence,1,32.65498984,268.9377218,6
GIFT-Long,GIFT-Eval,long,Chronos-2,cross_series_dependence,2,5.349565466,257.5671003,6
GIFT-Long,GIFT-Eval,long,Timer-3.5,cross_series_dependence,2,5.809285925,259.351311,6
GIFT-Long,GIFT-Eval,long,Timer-4.0,cross_series_dependence,2,5.87102362,276.725034,6
GIFT-Long,GIFT-Eval,long,moirai2,cross_series_dependence,2,8.462270694,256.8363848,6
GIFT-Long,GIFT-Eval,long,timesfm2.5,cross_series_dependence,2,6.100072443,275.1069227,6
GIFT-Long,GIFT-Eval,long,toto2.0,cross_series_dependence,2,34.05323472,271.658333,6
GIFT-Long,GIFT-Eval,long,Chronos-2,cross_series_dependence,3,6.353056703,262.4246826,6
GIFT-Long,GIFT-Eval,long,Timer-3.5,cross_series_dependence,3,6.474447692,264.2627999,6
GIFT-Long,GIFT-Eval,long,Timer-4.0,cross_series_dependence,3,6.907980214,283.3513708,6
GIFT-Long,GIFT-Eval,long,moirai2,cross_series_dependence,3,9.662162643,261.949421,6
GIFT-Long,GIFT-Eval,long,timesfm2.5,cross_series_dependence,3,7.163306297,279.9272117,6
GIFT-Long,GIFT-Eval,long,toto2.0,cross_series_dependence,3,36.11967103,276.9914129,6
GIFT-Long,GIFT-Eval,long,Chronos-2,cross_series_dependence,4,7.250707545,267.7668226,6
GIFT-Long,GIFT-Eval,long,Timer-3.5,cross_series_dependence,4,7.68203483,269.6196813,6
GIFT-Long,GIFT-Eval,long,Timer-4.0,cross_series_dependence,4,7.862585069,289.0587341,6
GIFT-Long,GIFT-Eval,long,moirai2,cross_series_dependence,4,10.85734803,267.4980517,6
GIFT-Long,GIFT-Eval,long,timesfm2.5,cross_series_dependence,4,8.049654065,284.8081028,6
GIFT-Long,GIFT-Eval,long,toto2.0,cross_series_dependence,4,38.32418508,282.4212139,6
GIFT-Long,GIFT-Eval,long,Chronos-2,cross_series_dependence,5,9.646249252,274.0341133,6
GIFT-Long,GIFT-Eval,long,Timer-3.5,cross_series_dependence,5,9.816971518,275.5786155,6
GIFT-Long,GIFT-Eval,long,Timer-4.0,cross_series_dependence,5,10.38515379,293.7231139,6
GIFT-Long,GIFT-Eval,long,moirai2,cross_series_dependence,5,13.96673062,273.9758294,6
GIFT-Long,GIFT-Eval,long,timesfm2.5,cross_series_dependence,5,10.52585952,290.5087337,6
GIFT-Long,GIFT-Eval,long,toto2.0,cross_series_dependence,5,42.65077024,288.7324695,6
GIFT-Long,GIFT-Eval,long,Chronos-2,multi_seasonal,1,5.548078129,144.8618315,11
GIFT-Long,GIFT-Eval,long,Timer-3.5,multi_seasonal,1,5.225286517,134.7189538,11
GIFT-Long,GIFT-Eval,long,Timer-4.0,multi_seasonal,1,4.349896535,145.2304814,11
GIFT-Long,GIFT-Eval,long,moirai2,multi_seasonal,1,8.540125475,138.7558425,11
GIFT-Long,GIFT-Eval,long,timesfm2.5,multi_seasonal,1,4.82638746,179.7937871,11
GIFT-Long,GIFT-Eval,long,toto2.0,multi_seasonal,1,21.73421285,175.0337369,11
GIFT-Long,GIFT-Eval,long,Chronos-2,multi_seasonal,2,6.46657403,166.1948717,11
GIFT-Long,GIFT-Eval,long,Timer-3.5,multi_seasonal,2,5.855622903,123.0955578,11
GIFT-Long,GIFT-Eval,long,Timer-4.0,multi_seasonal,2,4.789880892,158.9185082,11
GIFT-Long,GIFT-Eval,long,moirai2,multi_seasonal,2,8.852669991,160.5431931,11
GIFT-Long,GIFT-Eval,long,timesfm2.5,multi_seasonal,2,4.618778574,111.9397684,11
GIFT-Long,GIFT-Eval,long,toto2.0,multi_seasonal,2,22.13461836,175.6736202,11
GIFT-Long,GIFT-Eval,long,Chronos-2,multi_seasonal,3,6.293379854,179.2277692,11
GIFT-Long,GIFT-Eval,long,Timer-3.5,multi_seasonal,3,7.438017088,131.2748635,11
GIFT-Long,GIFT-Eval,long,Timer-4.0,multi_seasonal,3,4.95396896,172.8719665,11
GIFT-Long,GIFT-Eval,long,moirai2,multi_seasonal,3,9.398161157,205.7631655,11
GIFT-Long,GIFT-Eval,long,timesfm2.5,multi_seasonal,3,4.864496196,113.0118556,11
GIFT-Long,GIFT-Eval,long,toto2.0,multi_seasonal,3,21.18268875,173.9759564,11
GIFT-Long,GIFT-Eval,long,Chronos-2,multi_seasonal,4,6.337495744,175.3352079,11
GIFT-Long,GIFT-Eval,long,Timer-3.5,multi_seasonal,4,7.421335918,136.9131489,11
GIFT-Long,GIFT-Eval,long,Timer-4.0,multi_seasonal,4,5.246010115,184.1822534,11
GIFT-Long,GIFT-Eval,long,moirai2,multi_seasonal,4,11.01493281,214.0494671,11
GIFT-Long,GIFT-Eval,long,timesfm2.5,multi_seasonal,4,4.838448932,131.8242684,11
GIFT-Long,GIFT-Eval,long,toto2.0,multi_seasonal,4,21.94672702,177.0674874,11
GIFT-Long,GIFT-Eval,long,Chronos-2,multi_seasonal,5,6.616230602,197.4237386,11
GIFT-Long,GIFT-Eval,long,Timer-3.5,multi_seasonal,5,7.957523865,141.1797108,11
GIFT-Long,GIFT-Eval,long,Timer-4.0,multi_seasonal,5,5.706859237,187.9560263,11
GIFT-Long,GIFT-Eval,long,moirai2,multi_seasonal,5,9.906505368,219.1844138,11
GIFT-Long,GIFT-Eval,long,timesfm2.5,multi_seasonal,5,5.301457761,126.030776,11
GIFT-Long,GIFT-Eval,long,toto2.0,multi_seasonal,5,22.34639088,185.8288912,11
GIFT-Long,GIFT-Eval,long,Chronos-2,predictable_intermittency,1,3.404787726,193.4723758,11
GIFT-Long,GIFT-Eval,long,Timer-3.5,predictable_intermittency,1,3.415269868,189.9843366,11
GIFT-Long,GIFT-Eval,long,Timer-4.0,predictable_intermittency,1,3.641591931,193.9239801,11
GIFT-Long,GIFT-Eval,long,moirai2,predictable_intermittency,1,4.860089123,205.1385657,11
GIFT-Long,GIFT-Eval,long,timesfm2.5,predictable_intermittency,1,3.603394958,197.413592,11
GIFT-Long,GIFT-Eval,long,toto2.0,predictable_intermittency,1,16.83472307,208.7391271,11
GIFT-Long,GIFT-Eval,long,Chronos-2,predictable_intermittency,2,3.184599377,192.01128,11
GIFT-Long,GIFT-Eval,long,Timer-3.5,predictable_intermittency,2,3.089229943,189.2089045,11
GIFT-Long,GIFT-Eval,long,Timer-4.0,predictable_intermittency,2,3.362796662,191.646455,11
GIFT-Long,GIFT-Eval,long,moirai2,predictable_intermittency,2,4.614390895,201.2950771,11
GIFT-Long,GIFT-Eval,long,timesfm2.5,predictable_intermittency,2,3.278876946,195.2000045,11
GIFT-Long,GIFT-Eval,long,toto2.0,predictable_intermittency,2,16.24941321,207.4958725,11
GIFT-Long,GIFT-Eval,long,Chronos-2,predictable_intermittency,3,3.118833599,190.4565116,11
GIFT-Long,GIFT-Eval,long,Timer-3.5,predictable_intermittency,3,3.052627876,189.0340698,11
GIFT-Long,GIFT-Eval,long,Timer-4.0,predictable_intermittency,3,3.276870247,190.4401844,11
GIFT-Long,GIFT-Eval,long,moirai2,predictable_intermittency,3,4.62924783,200.1666631,11
GIFT-Long,GIFT-Eval,long,timesfm2.5,predictable_intermittency,3,3.101638499,193.6811647,11
GIFT-Long,GIFT-Eval,long,toto2.0,predictable_intermittency,3,16.34321386,206.6453406,11
GIFT-Long,GIFT-Eval,long,Chronos-2,predictable_intermittency,4,2.984404353,190.0534417,11
GIFT-Long,GIFT-Eval,long,Timer-3.5,predictable_intermittency,4,2.936020052,188.4623859,11
GIFT-Long,GIFT-Eval,long,Timer-4.0,predictable_intermittency,4,3.229337841,189.0183158,11
GIFT-Long,GIFT-Eval,long,moirai2,predictable_intermittency,4,4.555486335,199.5690153,11
GIFT-Long,GIFT-Eval,long,timesfm2.5,predictable_intermittency,4,2.994943456,192.7610092,11
GIFT-Long,GIFT-Eval,long,toto2.0,predictable_intermittency,4,17.04777109,207.3449915,11
GIFT-Long,GIFT-Eval,long,Chronos-2,predictable_intermittency,5,2.960730246,188.4833832,11
GIFT-Long,GIFT-Eval,long,Timer-3.5,predictable_intermittency,5,2.944042174,188.0573063,11
GIFT-Long,GIFT-Eval,long,Timer-4.0,predictable_intermittency,5,3.182000739,188.0220543,11
GIFT-Long,GIFT-Eval,long,moirai2,predictable_intermittency,5,4.519517004,198.6786537,11
GIFT-Long,GIFT-Eval,long,timesfm2.5,predictable_intermittency,5,2.948499023,191.2270829,11
GIFT-Long,GIFT-Eval,long,toto2.0,predictable_intermittency,5,15.56045073,206.6591848,11
GIFT-Long,GIFT-Eval,long,Chronos-2,regime_switching,1,2.828302483,177.4975491,11
GIFT-Long,GIFT-Eval,long,Timer-3.5,regime_switching,1,2.866031713,177.0620241,11
GIFT-Long,GIFT-Eval,long,Timer-4.0,regime_switching,1,3.002298528,182.3143417,11
GIFT-Long,GIFT-Eval,long,moirai2,regime_switching,1,3.908355231,191.3385457,11
GIFT-Long,GIFT-Eval,long,timesfm2.5,regime_switching,1,2.928884809,189.0667617,11
GIFT-Long,GIFT-Eval,long,toto2.0,regime_switching,1,9.978589221,175.1634194,11
GIFT-Long,GIFT-Eval,long,Chronos-2,regime_switching,2,2.894002441,176.7147251,11
GIFT-Long,GIFT-Eval,long,Timer-3.5,regime_switching,2,3.010407237,205.5575716,11
GIFT-Long,GIFT-Eval,long,Timer-4.0,regime_switching,2,3.18668466,181.3540668,11
GIFT-Long,GIFT-Eval,long,moirai2,regime_switching,2,5.035893428,202.6433197,11
GIFT-Long,GIFT-Eval,long,timesfm2.5,regime_switching,2,3.049633281,183.6026,11
GIFT-Long,GIFT-Eval,long,toto2.0,regime_switching,2,11.81693145,215.764269,11
GIFT-Long,GIFT-Eval,long,Chronos-2,regime_switching,3,2.93905194,167.4968368,11
GIFT-Long,GIFT-Eval,long,Timer-3.5,regime_switching,3,2.999008571,191.3448879,11
GIFT-Long,GIFT-Eval,long,Timer-4.0,regime_switching,3,3.046173073,179.6773183,11
GIFT-Long,GIFT-Eval,long,moirai2,regime_switching,3,4.351877081,210.5003142,11
GIFT-Long,GIFT-Eval,long,timesfm2.5,regime_switching,3,3.622804519,187.4072179,11
GIFT-Long,GIFT-Eval,long,toto2.0,regime_switching,3,18.22940594,234.8341291,11
GIFT-Long,GIFT-Eval,long,Chronos-2,regime_switching,4,2.964568268,168.793203,11
GIFT-Long,GIFT-Eval,long,Timer-3.5,regime_switching,4,3.067670767,189.1402013,11
GIFT-Long,GIFT-Eval,long,Timer-4.0,regime_switching,4,3.422863718,190.3201826,11
GIFT-Long,GIFT-Eval,long,moirai2,regime_switching,4,4.252378075,227.0552186,11
GIFT-Long,GIFT-Eval,long,timesfm2.5,regime_switching,4,3.44281009,185.8388805,11
GIFT-Long,GIFT-Eval,long,toto2.0,regime_switching,4,21.91262966,264.2865076,11
GIFT-Long,GIFT-Eval,long,Chronos-2,regime_switching,5,3.044818596,172.4947541,11
GIFT-Long,GIFT-Eval,long,Timer-3.5,regime_switching,5,3.556544819,245.8109447,11
GIFT-Long,GIFT-Eval,long,Timer-4.0,regime_switching,5,3.375881712,191.5696883,11
GIFT-Long,GIFT-Eval,long,moirai2,regime_switching,5,4.660901335,271.9945801,11
GIFT-Long,GIFT-Eval,long,timesfm2.5,regime_switching,5,3.222319746,177.0005212,11
GIFT-Long,GIFT-Eval,long,toto2.0,regime_switching,5,23.03347706,339.4273095,11
GIFT-Long,GIFT-Eval,long,Chronos-2,time_varying_seasonality,1,4.27959786,53.60415604,10
GIFT-Long,GIFT-Eval,long,Timer-3.5,time_varying_seasonality,1,4.182003848,53.55135618,10
GIFT-Long,GIFT-Eval,long,Timer-4.0,time_varying_seasonality,1,6.245183239,50.03631104,10
GIFT-Long,GIFT-Eval,long,moirai2,time_varying_seasonality,1,6.162772006,62.21881489,10
GIFT-Long,GIFT-Eval,long,timesfm2.5,time_varying_seasonality,1,5.341117424,50.28503107,10
GIFT-Long,GIFT-Eval,long,toto2.0,time_varying_seasonality,1,25.1805138,67.79038671,10
GIFT-Long,GIFT-Eval,long,Chronos-2,time_varying_seasonality,2,4.44462767,54.75427483,10
GIFT-Long,GIFT-Eval,long,Timer-3.5,time_varying_seasonality,2,6.272348128,56.49147698,10
GIFT-Long,GIFT-Eval,long,Timer-4.0,time_varying_seasonality,2,8.282201319,50.67275685,10
GIFT-Long,GIFT-Eval,long,moirai2,time_varying_seasonality,2,7.774146618,64.60735952,10
GIFT-Long,GIFT-Eval,long,timesfm2.5,time_varying_seasonality,2,4.965189485,51.1298823,10
GIFT-Long,GIFT-Eval,long,toto2.0,time_varying_seasonality,2,23.86150436,69.86204569,10
GIFT-Long,GIFT-Eval,long,Chronos-2,time_varying_seasonality,3,4.608196056,56.36829713,10
GIFT-Long,GIFT-Eval,long,Timer-3.5,time_varying_seasonality,3,6.553997667,60.25424758,10
GIFT-Long,GIFT-Eval,long,Timer-4.0,time_varying_seasonality,3,9.560332229,51.5617407,10
GIFT-Long,GIFT-Eval,long,moirai2,time_varying_seasonality,3,9.046219242,67.96227327,10
GIFT-Long,GIFT-Eval,long,timesfm2.5,time_varying_seasonality,3,5.241782735,52.97523406,10
GIFT-Long,GIFT-Eval,long,toto2.0,time_varying_seasonality,3,23.38626318,73.23235848,10
GIFT-Long,GIFT-Eval,long,Chronos-2,time_varying_seasonality,4,5.108942009,58.24100446,10
GIFT-Long,GIFT-Eval,long,Timer-3.5,time_varying_seasonality,4,8.738655909,64.77381594,10
GIFT-Long,GIFT-Eval,long,Timer-4.0,time_varying_seasonality,4,11.68802733,54.38235639,10
GIFT-Long,GIFT-Eval,long,moirai2,time_varying_seasonality,4,11.14847517,72.92167382,10
GIFT-Long,GIFT-Eval,long,timesfm2.5,time_varying_seasonality,4,5.66871488,55.93617105,10
GIFT-Long,GIFT-Eval,long,toto2.0,time_varying_seasonality,4,22.79639725,77.06627026,10
GIFT-Long,GIFT-Eval,long,Chronos-2,time_varying_seasonality,5,5.858054999,61.22256357,10
GIFT-Long,GIFT-Eval,long,Timer-3.5,time_varying_seasonality,5,14.3563568,71.81109176,10
GIFT-Long,GIFT-Eval,long,Timer-4.0,time_varying_seasonality,5,14.96242531,57.83604911,10
GIFT-Long,GIFT-Eval,long,moirai2,time_varying_seasonality,5,14.45184871,80.17344057,10
GIFT-Long,GIFT-Eval,long,timesfm2.5,time_varying_seasonality,5,6.943721758,60.21170186,10
GIFT-Long,GIFT-Eval,long,toto2.0,time_varying_seasonality,5,21.93501715,82.39753359,10
GIFT-Long,GIFT-Eval,long,Chronos-2,trend,1,3.549176344,200.3672596,10
GIFT-Long,GIFT-Eval,long,Timer-3.5,trend,1,3.512446504,189.7016503,10
GIFT-Long,GIFT-Eval,long,Timer-4.0,trend,1,3.72848649,199.2313143,10
GIFT-Long,GIFT-Eval,long,moirai2,trend,1,4.712933636,201.8421869,10
GIFT-Long,GIFT-Eval,long,timesfm2.5,trend,1,3.622882757,204.7370176,10
GIFT-Long,GIFT-Eval,long,toto2.0,trend,1,15.74059699,213.096403,10
GIFT-Long,GIFT-Eval,long,Chronos-2,trend,2,3.566201544,199.4462303,10
GIFT-Long,GIFT-Eval,long,Timer-3.5,trend,2,3.510285036,182.4020043,10
GIFT-Long,GIFT-Eval,long,Timer-4.0,trend,2,3.688159913,196.1705702,10
GIFT-Long,GIFT-Eval,long,moirai2,trend,2,4.650018262,199.2607751,10
GIFT-Long,GIFT-Eval,long,timesfm2.5,trend,2,3.651734818,204.0600202,10
GIFT-Long,GIFT-Eval,long,toto2.0,trend,2,15.82875602,210.4744238,10
GIFT-Long,GIFT-Eval,long,Chronos-2,trend,3,3.569258212,197.6775035,10
GIFT-Long,GIFT-Eval,long,Timer-3.5,trend,3,3.544113887,181.1567149,10
GIFT-Long,GIFT-Eval,long,Timer-4.0,trend,3,3.650587037,192.9089183,10
GIFT-Long,GIFT-Eval,long,moirai2,trend,3,4.61303101,196.2143743,10
GIFT-Long,GIFT-Eval,long,timesfm2.5,trend,3,3.667430446,203.3633382,10
GIFT-Long,GIFT-Eval,long,toto2.0,trend,3,15.90376583,207.9874606,10
GIFT-Long,GIFT-Eval,long,Chronos-2,trend,4,3.622845678,194.7616652,10
GIFT-Long,GIFT-Eval,long,Timer-3.5,trend,4,3.62183624,167.4290835,10
GIFT-Long,GIFT-Eval,long,Timer-4.0,trend,4,3.606811326,186.8723072,10
GIFT-Long,GIFT-Eval,long,moirai2,trend,4,4.538483796,191.882162,10
GIFT-Long,GIFT-Eval,long,timesfm2.5,trend,4,3.723548693,202.5548634,10
GIFT-Long,GIFT-Eval,long,toto2.0,trend,4,16.37724376,204.9581878,10
GIFT-Long,GIFT-Eval,long,Chronos-2,trend,5,3.677000844,194.3741988,10
GIFT-Long,GIFT-Eval,long,Timer-3.5,trend,5,3.55639963,158.4754398,10
GIFT-Long,GIFT-Eval,long,Timer-4.0,trend,5,3.55465944,179.7608324,10
GIFT-Long,GIFT-Eval,long,moirai2,trend,5,4.529193975,187.6735246,10
GIFT-Long,GIFT-Eval,long,timesfm2.5,trend,5,3.743769456,202.0225169,10
GIFT-Long,GIFT-Eval,long,toto2.0,trend,5,16.72564778,203.3587348,10
GIFT-Medium,GIFT-Eval,medium,Chronos-2,common_factor,1,0.907390159,8.205196838,4
GIFT-Medium,GIFT-Eval,medium,Timer-3.5,common_factor,1,0.911656576,8.132017081,4
GIFT-Medium,GIFT-Eval,medium,Timer-4.0,common_factor,1,0.9685270083,8.724128087,4
GIFT-Medium,GIFT-Eval,medium,moirai2,common_factor,1,1.279074533,9.23143829,4
GIFT-Medium,GIFT-Eval,medium,timesfm2.5,common_factor,1,0.9170644009,8.318959546,4
GIFT-Medium,GIFT-Eval,medium,toto2.0,common_factor,1,1.127266903,10.48188581,4
GIFT-Medium,GIFT-Eval,medium,Chronos-2,common_factor,2,0.9128609647,8.325004196,4
GIFT-Medium,GIFT-Eval,medium,Timer-3.5,common_factor,2,0.9252636165,8.17859713,4
GIFT-Medium,GIFT-Eval,medium,Timer-4.0,common_factor,2,0.9672414216,8.660183503,4
GIFT-Medium,GIFT-Eval,medium,moirai2,common_factor,2,1.291842151,9.289705242,4
GIFT-Medium,GIFT-Eval,medium,timesfm2.5,common_factor,2,0.9332927134,8.446859157,4
GIFT-Medium,GIFT-Eval,medium,toto2.0,common_factor,2,1.136605732,10.61789483,4
GIFT-Medium,GIFT-Eval,medium,Chronos-2,common_factor,3,0.9174522258,8.438060817,4
GIFT-Medium,GIFT-Eval,medium,Timer-3.5,common_factor,3,0.9443562954,8.246326355,4
GIFT-Medium,GIFT-Eval,medium,Timer-4.0,common_factor,3,0.9804777507,8.694662412,4
GIFT-Medium,GIFT-Eval,medium,moirai2,common_factor,3,1.315827489,9.463256437,4
GIFT-Medium,GIFT-Eval,medium,timesfm2.5,common_factor,3,0.9582975843,8.662512916,4
GIFT-Medium,GIFT-Eval,medium,toto2.0,common_factor,3,1.154607563,10.86757567,4
GIFT-Medium,GIFT-Eval,medium,Chronos-2,common_factor,4,0.9241155447,8.565345603,4
GIFT-Medium,GIFT-Eval,medium,Timer-3.5,common_factor,4,0.9748665507,8.444129125,4
GIFT-Medium,GIFT-Eval,medium,Timer-4.0,common_factor,4,1.008290892,8.829671063,4
GIFT-Medium,GIFT-Eval,medium,moirai2,common_factor,4,1.346701416,9.739339224,4
GIFT-Medium,GIFT-Eval,medium,timesfm2.5,common_factor,4,0.9946790233,8.990481272,4
GIFT-Medium,GIFT-Eval,medium,toto2.0,common_factor,4,1.18437995,11.23399645,4
GIFT-Medium,GIFT-Eval,medium,Chronos-2,common_factor,5,0.9316951618,8.688873241,4
GIFT-Medium,GIFT-Eval,medium,Timer-3.5,common_factor,5,1.003348678,8.671843489,4
GIFT-Medium,GIFT-Eval,medium,Timer-4.0,common_factor,5,1.034213125,9.025571296,4
GIFT-Medium,GIFT-Eval,medium,moirai2,common_factor,5,1.386797695,10.19974482,4
GIFT-Medium,GIFT-Eval,medium,timesfm2.5,common_factor,5,1.025847339,9.307530146,4
GIFT-Medium,GIFT-Eval,medium,toto2.0,common_factor,5,1.210451451,11.53338193,4
GIFT-Medium,GIFT-Eval,medium,Chronos-2,covariate_impulse_response,1,4.477947835,155.3072534,4
GIFT-Medium,GIFT-Eval,medium,Timer-3.5,covariate_impulse_response,1,6.986682562,250.2249272,4
GIFT-Medium,GIFT-Eval,medium,Timer-4.0,covariate_impulse_response,1,6.58584968,278.5140587,4
GIFT-Medium,GIFT-Eval,medium,moirai2,covariate_impulse_response,1,7.96231811,213.8458866,4
GIFT-Medium,GIFT-Eval,medium,timesfm2.5,covariate_impulse_response,1,5.035910911,252.198201,4
GIFT-Medium,GIFT-Eval,medium,toto2.0,covariate_impulse_response,1,17.49541455,236.3297664,4
GIFT-Medium,GIFT-Eval,medium,Chronos-2,covariate_impulse_response,2,4.579860622,139.358568,4
GIFT-Medium,GIFT-Eval,medium,Timer-3.5,covariate_impulse_response,2,7.26920095,244.9259974,4
GIFT-Medium,GIFT-Eval,medium,Timer-4.0,covariate_impulse_response,2,6.269935555,277.1920607,4
GIFT-Medium,GIFT-Eval,medium,moirai2,covariate_impulse_response,2,9.26913312,196.988476,4
GIFT-Medium,GIFT-Eval,medium,timesfm2.5,covariate_impulse_response,2,5.992739435,263.8301216,4
GIFT-Medium,GIFT-Eval,medium,toto2.0,covariate_impulse_response,2,18.27264801,228.7205469,4
GIFT-Medium,GIFT-Eval,medium,Chronos-2,covariate_impulse_response,3,4.983437591,131.2815837,4
GIFT-Medium,GIFT-Eval,medium,Timer-3.5,covariate_impulse_response,3,7.150753905,235.8820095,4
GIFT-Medium,GIFT-Eval,medium,Timer-4.0,covariate_impulse_response,3,8.454406541,300.1948694,4
GIFT-Medium,GIFT-Eval,medium,moirai2,covariate_impulse_response,3,9.653005341,181.8214561,4
GIFT-Medium,GIFT-Eval,medium,timesfm2.5,covariate_impulse_response,3,7.059797817,276.3035823,4
GIFT-Medium,GIFT-Eval,medium,toto2.0,covariate_impulse_response,3,19.34921551,231.9236922,4
GIFT-Medium,GIFT-Eval,medium,Chronos-2,covariate_impulse_response,4,5.519010589,136.6891651,4
GIFT-Medium,GIFT-Eval,medium,Timer-3.5,covariate_impulse_response,4,6.264638981,231.5612747,4
GIFT-Medium,GIFT-Eval,medium,Timer-4.0,covariate_impulse_response,4,10.20594314,315.5906268,4
GIFT-Medium,GIFT-Eval,medium,moirai2,covariate_impulse_response,4,9.847830583,186.0312519,4
GIFT-Medium,GIFT-Eval,medium,timesfm2.5,covariate_impulse_response,4,7.887745963,288.8595085,4
GIFT-Medium,GIFT-Eval,medium,toto2.0,covariate_impulse_response,4,20.10004542,245.8548703,4
GIFT-Medium,GIFT-Eval,medium,Chronos-2,covariate_impulse_response,5,6.193896381,139.3931208,4
GIFT-Medium,GIFT-Eval,medium,Timer-3.5,covariate_impulse_response,5,6.570053233,201.7429422,4
GIFT-Medium,GIFT-Eval,medium,Timer-4.0,covariate_impulse_response,5,11.13624622,313.0014174,4
GIFT-Medium,GIFT-Eval,medium,moirai2,covariate_impulse_response,5,12.13496282,201.4512641,4
GIFT-Medium,GIFT-Eval,medium,timesfm2.5,covariate_impulse_response,5,8.269682617,295.4173479,4
GIFT-Medium,GIFT-Eval,medium,toto2.0,covariate_impulse_response,5,20.14202701,265.2868945,4
GIFT-Medium,GIFT-Eval,medium,Chronos-2,cross_series_dependence,1,4.928078862,148.4434791,6
GIFT-Medium,GIFT-Eval,medium,Timer-3.5,cross_series_dependence,1,5.246977403,190.912699,6
GIFT-Medium,GIFT-Eval,medium,Timer-4.0,cross_series_dependence,1,5.300036591,206.6678317,6
GIFT-Medium,GIFT-Eval,medium,moirai2,cross_series_dependence,1,7.011586711,151.1854602,6
GIFT-Medium,GIFT-Eval,medium,timesfm2.5,cross_series_dependence,1,5.336242997,176.8942908,6
GIFT-Medium,GIFT-Eval,medium,toto2.0,cross_series_dependence,1,12.67357748,174.5504188,6
GIFT-Medium,GIFT-Eval,medium,Chronos-2,cross_series_dependence,2,5.803738244,149.3160332,6
GIFT-Medium,GIFT-Eval,medium,Timer-3.5,cross_series_dependence,2,6.07965616,192.30504,6
GIFT-Medium,GIFT-Eval,medium,Timer-4.0,cross_series_dependence,2,6.215897032,210.0954767,6
GIFT-Medium,GIFT-Eval,medium,moirai2,cross_series_dependence,2,7.945568688,152.4867857,6
GIFT-Medium,GIFT-Eval,medium,timesfm2.5,cross_series_dependence,2,6.214728072,178.2108632,6
GIFT-Medium,GIFT-Eval,medium,toto2.0,cross_series_dependence,2,13.65766813,176.2822699,6
GIFT-Medium,GIFT-Eval,medium,Chronos-2,cross_series_dependence,3,7.348025733,150.6507348,6
GIFT-Medium,GIFT-Eval,medium,Timer-3.5,cross_series_dependence,3,7.722395463,194.2929233,6
GIFT-Medium,GIFT-Eval,medium,Timer-4.0,cross_series_dependence,3,7.78269017,212.7754548,6
GIFT-Medium,GIFT-Eval,medium,moirai2,cross_series_dependence,3,9.514020299,154.3133845,6
GIFT-Medium,GIFT-Eval,medium,timesfm2.5,cross_series_dependence,3,7.748272278,180.1318287,6
GIFT-Medium,GIFT-Eval,medium,toto2.0,cross_series_dependence,3,15.48817409,178.9611251,6
GIFT-Medium,GIFT-Eval,medium,Chronos-2,cross_series_dependence,4,8.865763412,152.6192244,6
GIFT-Medium,GIFT-Eval,medium,Timer-3.5,cross_series_dependence,4,9.244565263,196.8331292,6
GIFT-Medium,GIFT-Eval,medium,Timer-4.0,cross_series_dependence,4,9.31963076,216.0704483,6
GIFT-Medium,GIFT-Eval,medium,moirai2,cross_series_dependence,4,11.07663915,156.5944461,6
GIFT-Medium,GIFT-Eval,medium,timesfm2.5,cross_series_dependence,4,9.24841391,182.7057948,6
GIFT-Medium,GIFT-Eval,medium,toto2.0,cross_series_dependence,4,17.48590509,182.1713494,6
GIFT-Medium,GIFT-Eval,medium,Chronos-2,cross_series_dependence,5,11.50343926,155.9385123,6
GIFT-Medium,GIFT-Eval,medium,Timer-3.5,cross_series_dependence,5,11.91348754,200.6295411,6
GIFT-Medium,GIFT-Eval,medium,Timer-4.0,cross_series_dependence,5,12.00634315,218.8864556,6
GIFT-Medium,GIFT-Eval,medium,moirai2,cross_series_dependence,5,13.9632528,160.4973549,6
GIFT-Medium,GIFT-Eval,medium,timesfm2.5,cross_series_dependence,5,11.89522364,186.5655854,6
GIFT-Medium,GIFT-Eval,medium,toto2.0,cross_series_dependence,5,20.63653529,186.4894091,6
GIFT-Medium,GIFT-Eval,medium,Chronos-2,multi_seasonal,1,4.526437094,144.5488699,11
GIFT-Medium,GIFT-Eval,medium,Timer-3.5,multi_seasonal,1,4.726770039,143.5547659,11
GIFT-Medium,GIFT-Eval,medium,Timer-4.0,multi_seasonal,1,3.375709295,150.4258604,11
GIFT-Medium,GIFT-Eval,medium,moirai2,multi_seasonal,1,16.51001071,165.5919491,11
GIFT-Medium,GIFT-Eval,medium,timesfm2.5,multi_seasonal,1,3.276796398,137.0357188,11
GIFT-Medium,GIFT-Eval,medium,toto2.0,multi_seasonal,1,9.780826247,153.8870228,11
GIFT-Medium,GIFT-Eval,medium,Chronos-2,multi_seasonal,2,4.867800026,154.7466865,11
GIFT-Medium,GIFT-Eval,medium,Timer-3.5,multi_seasonal,2,5.378668605,161.4405464,11
GIFT-Medium,GIFT-Eval,medium,Timer-4.0,multi_seasonal,2,4.450592614,164.76575,11
GIFT-Medium,GIFT-Eval,medium,moirai2,multi_seasonal,2,11.06077484,167.1009581,11
GIFT-Medium,GIFT-Eval,medium,timesfm2.5,multi_seasonal,2,3.570546185,149.2349374,11
GIFT-Medium,GIFT-Eval,medium,toto2.0,multi_seasonal,2,10.17697214,159.0379654,11
GIFT-Medium,GIFT-Eval,medium,Chronos-2,multi_seasonal,3,5.280298924,158.7177784,11
GIFT-Medium,GIFT-Eval,medium,Timer-3.5,multi_seasonal,3,5.449037571,151.8965722,11
GIFT-Medium,GIFT-Eval,medium,Timer-4.0,multi_seasonal,3,5.052893835,167.178989,11
GIFT-Medium,GIFT-Eval,medium,moirai2,multi_seasonal,3,8.011508543,184.1978507,11
GIFT-Medium,GIFT-Eval,medium,timesfm2.5,multi_seasonal,3,3.967201386,154.9726017,11
GIFT-Medium,GIFT-Eval,medium,toto2.0,multi_seasonal,3,10.49627252,157.5405626,11
GIFT-Medium,GIFT-Eval,medium,Chronos-2,multi_seasonal,4,6.016914304,167.6863258,11
GIFT-Medium,GIFT-Eval,medium,Timer-3.5,multi_seasonal,4,5.715836035,163.4889142,11
GIFT-Medium,GIFT-Eval,medium,Timer-4.0,multi_seasonal,4,5.596277661,180.0348017,11
GIFT-Medium,GIFT-Eval,medium,moirai2,multi_seasonal,4,8.806384213,197.0200722,11
GIFT-Medium,GIFT-Eval,medium,timesfm2.5,multi_seasonal,4,4.341418858,148.8728865,11
GIFT-Medium,GIFT-Eval,medium,toto2.0,multi_seasonal,4,10.87413803,169.1720793,11
GIFT-Medium,GIFT-Eval,medium,Chronos-2,multi_seasonal,5,5.855719903,159.9146847,11
GIFT-Medium,GIFT-Eval,medium,Timer-3.5,multi_seasonal,5,6.393154742,155.2543216,11
GIFT-Medium,GIFT-Eval,medium,Timer-4.0,multi_seasonal,5,5.82569577,174.6503214,11
GIFT-Medium,GIFT-Eval,medium,moirai2,multi_seasonal,5,8.965368144,188.1483362,11
GIFT-Medium,GIFT-Eval,medium,timesfm2.5,multi_seasonal,5,4.926026287,151.606253,11
GIFT-Medium,GIFT-Eval,medium,toto2.0,multi_seasonal,5,11.11218289,169.1314052,11
GIFT-Medium,GIFT-Eval,medium,Chronos-2,predictable_intermittency,1,3.456843433,154.7355306,11
GIFT-Medium,GIFT-Eval,medium,Timer-3.5,predictable_intermittency,1,3.658015262,159.5415686,11
GIFT-Medium,GIFT-Eval,medium,Timer-4.0,predictable_intermittency,1,3.781711029,171.9193682,11
GIFT-Medium,GIFT-Eval,medium,moirai2,predictable_intermittency,1,4.111931566,152.6191737,11
GIFT-Medium,GIFT-Eval,medium,timesfm2.5,predictable_intermittency,1,3.69710956,164.9353939,11
GIFT-Medium,GIFT-Eval,medium,toto2.0,predictable_intermittency,1,6.987858098,166.2506581,11
GIFT-Medium,GIFT-Eval,medium,Chronos-2,predictable_intermittency,2,2.862452904,129.6041058,11
GIFT-Medium,GIFT-Eval,medium,Timer-3.5,predictable_intermittency,2,3.104663182,158.3289351,11
GIFT-Medium,GIFT-Eval,medium,Timer-4.0,predictable_intermittency,2,3.189757689,166.3995321,11
GIFT-Medium,GIFT-Eval,medium,moirai2,predictable_intermittency,2,3.60426097,135.3292755,11
GIFT-Medium,GIFT-Eval,medium,timesfm2.5,predictable_intermittency,2,3.129286602,147.4680691,11
GIFT-Medium,GIFT-Eval,medium,toto2.0,predictable_intermittency,2,6.241146467,156.518904,11
GIFT-Medium,GIFT-Eval,medium,Chronos-2,predictable_intermittency,3,2.700623729,134.066556,11
GIFT-Medium,GIFT-Eval,medium,Timer-3.5,predictable_intermittency,3,2.893659202,151.0839615,11
GIFT-Medium,GIFT-Eval,medium,Timer-4.0,predictable_intermittency,3,2.927596586,156.6479154,11
GIFT-Medium,GIFT-Eval,medium,moirai2,predictable_intermittency,3,3.520529329,134.0020451,11
GIFT-Medium,GIFT-Eval,medium,timesfm2.5,predictable_intermittency,3,2.814100428,138.3007625,11
GIFT-Medium,GIFT-Eval,medium,toto2.0,predictable_intermittency,3,6.496391337,153.7094229,11
GIFT-Medium,GIFT-Eval,medium,Chronos-2,predictable_intermittency,4,2.701423791,137.8559713,11
GIFT-Medium,GIFT-Eval,medium,Timer-3.5,predictable_intermittency,4,2.818279995,150.1830379,11
GIFT-Medium,GIFT-Eval,medium,Timer-4.0,predictable_intermittency,4,2.727770602,157.8461983,11
GIFT-Medium,GIFT-Eval,medium,moirai2,predictable_intermittency,4,3.399604654,124.9741336,11
GIFT-Medium,GIFT-Eval,medium,timesfm2.5,predictable_intermittency,4,2.54575626,138.7731024,11
GIFT-Medium,GIFT-Eval,medium,toto2.0,predictable_intermittency,4,6.697282028,154.507196,11
GIFT-Medium,GIFT-Eval,medium,Chronos-2,predictable_intermittency,5,2.534343165,136.0990987,11
GIFT-Medium,GIFT-Eval,medium,Timer-3.5,predictable_intermittency,5,2.722300218,148.3887999,11
GIFT-Medium,GIFT-Eval,medium,Timer-4.0,predictable_intermittency,5,2.784662954,155.9816057,11
GIFT-Medium,GIFT-Eval,medium,moirai2,predictable_intermittency,5,3.323192783,127.9554875,11
GIFT-Medium,GIFT-Eval,medium,timesfm2.5,predictable_intermittency,5,2.494971115,138.2986336,11
GIFT-Medium,GIFT-Eval,medium,toto2.0,predictable_intermittency,5,5.87015059,153.1943913,11
GIFT-Medium,GIFT-Eval,medium,Chronos-2,regime_switching,1,2.346041427,114.9877075,11
GIFT-Medium,GIFT-Eval,medium,Timer-3.5,regime_switching,1,2.414654958,136.2194937,11
GIFT-Medium,GIFT-Eval,medium,Timer-4.0,regime_switching,1,2.411524641,140.0358437,11
GIFT-Medium,GIFT-Eval,medium,moirai2,regime_switching,1,3.263348402,120.6988445,11
GIFT-Medium,GIFT-Eval,medium,timesfm2.5,regime_switching,1,2.516989555,127.2209881,11
GIFT-Medium,GIFT-Eval,medium,toto2.0,regime_switching,1,10.66107921,140.0087578,11
GIFT-Medium,GIFT-Eval,medium,Chronos-2,regime_switching,2,2.378037905,114.839965,11
GIFT-Medium,GIFT-Eval,medium,Timer-3.5,regime_switching,2,2.459595767,136.713169,11
GIFT-Medium,GIFT-Eval,medium,Timer-4.0,regime_switching,2,2.396927979,140.5664193,11
GIFT-Medium,GIFT-Eval,medium,moirai2,regime_switching,2,3.932086869,123.9734477,11
GIFT-Medium,GIFT-Eval,medium,timesfm2.5,regime_switching,2,2.367752341,127.8365072,11
GIFT-Medium,GIFT-Eval,medium,toto2.0,regime_switching,2,7.337793037,141.0033471,11
GIFT-Medium,GIFT-Eval,medium,Chronos-2,regime_switching,3,2.420112679,114.549161,11
GIFT-Medium,GIFT-Eval,medium,Timer-3.5,regime_switching,3,2.491103808,137.6318879,11
GIFT-Medium,GIFT-Eval,medium,Timer-4.0,regime_switching,3,2.428188532,140.8601169,11
GIFT-Medium,GIFT-Eval,medium,moirai2,regime_switching,3,3.904208811,132.5571225,11
GIFT-Medium,GIFT-Eval,medium,timesfm2.5,regime_switching,3,2.342446352,127.3510485,11
GIFT-Medium,GIFT-Eval,medium,toto2.0,regime_switching,3,7.579445168,146.5934095,11
GIFT-Medium,GIFT-Eval,medium,Chronos-2,regime_switching,4,2.326104575,113.0916294,11
GIFT-Medium,GIFT-Eval,medium,Timer-3.5,regime_switching,4,2.623737663,138.5717371,11
GIFT-Medium,GIFT-Eval,medium,Timer-4.0,regime_switching,4,2.468862626,144.1298752,11
GIFT-Medium,GIFT-Eval,medium,moirai2,regime_switching,4,4.454113913,146.1611346,11
GIFT-Medium,GIFT-Eval,medium,timesfm2.5,regime_switching,4,2.357821634,127.3992297,11
GIFT-Medium,GIFT-Eval,medium,toto2.0,regime_switching,4,5.868292581,153.7422272,11
GIFT-Medium,GIFT-Eval,medium,Chronos-2,regime_switching,5,2.421650471,112.4548941,11
GIFT-Medium,GIFT-Eval,medium,Timer-3.5,regime_switching,5,2.915815663,161.8836824,11
GIFT-Medium,GIFT-Eval,medium,Timer-4.0,regime_switching,5,2.814004023,145.3546225,11
GIFT-Medium,GIFT-Eval,medium,moirai2,regime_switching,5,4.574051853,165.0516525,11
GIFT-Medium,GIFT-Eval,medium,timesfm2.5,regime_switching,5,2.677918316,128.7388609,11
GIFT-Medium,GIFT-Eval,medium,toto2.0,regime_switching,5,6.537419424,170.7179114,11
GIFT-Medium,GIFT-Eval,medium,Chronos-2,time_varying_seasonality,1,4.707689236,127.93283,10
GIFT-Medium,GIFT-Eval,medium,Timer-3.5,time_varying_seasonality,1,4.311844371,158.9505367,10
GIFT-Medium,GIFT-Eval,medium,Timer-4.0,time_varying_seasonality,1,4.757933017,167.3033121,10
GIFT-Medium,GIFT-Eval,medium,moirai2,time_varying_seasonality,1,5.787932124,147.5026868,10
GIFT-Medium,GIFT-Eval,medium,timesfm2.5,time_varying_seasonality,1,2.76936071,142.394208,10
GIFT-Medium,GIFT-Eval,medium,toto2.0,time_varying_seasonality,1,10.25925891,160.618385,10
GIFT-Medium,GIFT-Eval,medium,Chronos-2,time_varying_seasonality,2,5.316915212,129.9461603,10
GIFT-Medium,GIFT-Eval,medium,Timer-3.5,time_varying_seasonality,2,5.369791756,165.846444,10
GIFT-Medium,GIFT-Eval,medium,Timer-4.0,time_varying_seasonality,2,5.836882422,171.3918923,10
GIFT-Medium,GIFT-Eval,medium,moirai2,time_varying_seasonality,2,7.581326317,156.1191666,10
GIFT-Medium,GIFT-Eval,medium,timesfm2.5,time_varying_seasonality,2,3.105637755,145.829136,10
GIFT-Medium,GIFT-Eval,medium,toto2.0,time_varying_seasonality,2,10.19361521,164.5669807,10
GIFT-Medium,GIFT-Eval,medium,Chronos-2,time_varying_seasonality,3,6.310003727,133.2315488,10
GIFT-Medium,GIFT-Eval,medium,Timer-3.5,time_varying_seasonality,3,7.440649415,180.2403013,10
GIFT-Medium,GIFT-Eval,medium,Timer-4.0,time_varying_seasonality,3,6.954464116,174.1885068,10
GIFT-Medium,GIFT-Eval,medium,moirai2,time_varying_seasonality,3,10.03661996,174.1948865,10
GIFT-Medium,GIFT-Eval,medium,timesfm2.5,time_varying_seasonality,3,3.64032041,151.5991985,10
GIFT-Medium,GIFT-Eval,medium,toto2.0,time_varying_seasonality,3,9.97893522,171.4545067,10
GIFT-Medium,GIFT-Eval,medium,Chronos-2,time_varying_seasonality,4,7.895265876,138.2817685,10
GIFT-Medium,GIFT-Eval,medium,Timer-3.5,time_varying_seasonality,4,8.277433117,196.3312711,10
GIFT-Medium,GIFT-Eval,medium,Timer-4.0,time_varying_seasonality,4,8.163752839,177.1486735,10
GIFT-Medium,GIFT-Eval,medium,moirai2,time_varying_seasonality,4,13.07285795,197.3402081,10
GIFT-Medium,GIFT-Eval,medium,timesfm2.5,time_varying_seasonality,4,3.882599943,156.285892,10
GIFT-Medium,GIFT-Eval,medium,toto2.0,time_varying_seasonality,4,9.681891696,179.1832997,10
GIFT-Medium,GIFT-Eval,medium,Chronos-2,time_varying_seasonality,5,11.02618998,151.8634707,10
GIFT-Medium,GIFT-Eval,medium,Timer-3.5,time_varying_seasonality,5,11.05961527,225.9469502,10
GIFT-Medium,GIFT-Eval,medium,Timer-4.0,time_varying_seasonality,5,10.29716933,178.4888756,10
GIFT-Medium,GIFT-Eval,medium,moirai2,time_varying_seasonality,5,16.60011525,242.8363459,10
GIFT-Medium,GIFT-Eval,medium,timesfm2.5,time_varying_seasonality,5,4.136883365,163.8073157,10
GIFT-Medium,GIFT-Eval,medium,toto2.0,time_varying_seasonality,5,9.659791432,190.8860403,10
GIFT-Medium,GIFT-Eval,medium,Chronos-2,trend,1,2.645126892,49.61305018,9
GIFT-Medium,GIFT-Eval,medium,Timer-3.5,trend,1,2.556015556,51.81056925,9
GIFT-Medium,GIFT-Eval,medium,Timer-4.0,trend,1,2.567031429,49.73824927,9
GIFT-Medium,GIFT-Eval,medium,moirai2,trend,1,3.552284135,61.34397957,9
GIFT-Medium,GIFT-Eval,medium,timesfm2.5,trend,1,2.583165378,47.56772668,9
GIFT-Medium,GIFT-Eval,medium,toto2.0,trend,1,11.7309966,74.1318319,9
GIFT-Medium,GIFT-Eval,medium,Chronos-2,trend,2,2.78036763,49.64946331,9
GIFT-Medium,GIFT-Eval,medium,Timer-3.5,trend,2,2.695658535,52.03269451,9
GIFT-Medium,GIFT-Eval,medium,Timer-4.0,trend,2,2.616727408,49.98601063,9
GIFT-Medium,GIFT-Eval,medium,moirai2,trend,2,3.41313695,61.94267358,9
GIFT-Medium,GIFT-Eval,medium,timesfm2.5,trend,2,2.727774543,47.69697944,9
GIFT-Medium,GIFT-Eval,medium,toto2.0,trend,2,12.08952222,74.33156626,9
GIFT-Medium,GIFT-Eval,medium,Chronos-2,trend,3,2.92626624,49.69214341,9
GIFT-Medium,GIFT-Eval,medium,Timer-3.5,trend,3,2.730027305,52.41398726,9
GIFT-Medium,GIFT-Eval,medium,Timer-4.0,trend,3,2.66347758,50.29285095,9
GIFT-Medium,GIFT-Eval,medium,moirai2,trend,3,3.34081882,63.16769937,9
GIFT-Medium,GIFT-Eval,medium,timesfm2.5,trend,3,2.867648637,47.86337028,9
GIFT-Medium,GIFT-Eval,medium,toto2.0,trend,3,12.59205924,74.48338363,9
GIFT-Medium,GIFT-Eval,medium,Chronos-2,trend,4,3.0794218,49.76601839,9
GIFT-Medium,GIFT-Eval,medium,Timer-3.5,trend,4,2.963317241,52.86496641,9
GIFT-Medium,GIFT-Eval,medium,Timer-4.0,trend,4,2.702925789,50.81045243,9
GIFT-Medium,GIFT-Eval,medium,moirai2,trend,4,3.413343934,65.44037344,9
GIFT-Medium,GIFT-Eval,medium,timesfm2.5,trend,4,2.996880604,48.10464894,9
GIFT-Medium,GIFT-Eval,medium,toto2.0,trend,4,13.2392898,74.27627271,9
GIFT-Medium,GIFT-Eval,medium,Chronos-2,trend,5,3.479661009,50.02051084,9
GIFT-Medium,GIFT-Eval,medium,Timer-3.5,trend,5,3.092811003,53.3268272,9
GIFT-Medium,GIFT-Eval,medium,Timer-4.0,trend,5,2.904442801,51.53382651,9
GIFT-Medium,GIFT-Eval,medium,moirai2,trend,5,3.623190788,68.96627119,9
GIFT-Medium,GIFT-Eval,medium,timesfm2.5,trend,5,3.226983977,48.48939518,9
GIFT-Medium,GIFT-Eval,medium,toto2.0,trend,5,14.27471091,74.19231792,9
GIFT-Short,GIFT-Eval,short,Chronos-2,common_factor,1,0.6152034154,5.990145534,4
GIFT-Short,GIFT-Eval,short,Timer-3.5,common_factor,1,0.6375993608,6.23419657,4
GIFT-Short,GIFT-Eval,short,Timer-4.0,common_factor,1,0.6626323161,6.453350472,4
GIFT-Short,GIFT-Eval,short,moirai2,common_factor,1,0.6887924343,6.451968073,4
GIFT-Short,GIFT-Eval,short,timesfm2.5,common_factor,1,0.6377643872,6.207232851,4
GIFT-Short,GIFT-Eval,short,tirex2,common_factor,1,0.6511138921,6.277310661,4
GIFT-Short,GIFT-Eval,short,toto2.0,common_factor,1,0.6199222657,5.95029344,4
GIFT-Short,GIFT-Eval,short,Chronos-2,common_factor,2,0.6163592339,6.027066586,4
GIFT-Short,GIFT-Eval,short,Timer-3.5,common_factor,2,0.6403374849,6.239265398,4
GIFT-Short,GIFT-Eval,short,Timer-4.0,common_factor,2,0.6616858407,6.449384861,4
GIFT-Short,GIFT-Eval,short,moirai2,common_factor,2,0.6915429524,6.470669892,4
GIFT-Short,GIFT-Eval,short,timesfm2.5,common_factor,2,0.6428199417,6.257572125,4
GIFT-Short,GIFT-Eval,short,tirex2,common_factor,2,0.6542576761,6.305016383,4
GIFT-Short,GIFT-Eval,short,toto2.0,common_factor,2,0.6217272337,5.969344065,4
GIFT-Short,GIFT-Eval,short,Chronos-2,common_factor,3,0.6181088122,6.068724908,4
GIFT-Short,GIFT-Eval,short,Timer-3.5,common_factor,3,0.6437245125,6.256067246,4
GIFT-Short,GIFT-Eval,short,Timer-4.0,common_factor,3,0.6582878392,6.417764569,4
GIFT-Short,GIFT-Eval,short,moirai2,common_factor,3,0.6937349133,6.484149191,4
GIFT-Short,GIFT-Eval,short,timesfm2.5,common_factor,3,0.6487434986,6.297565173,4
GIFT-Short,GIFT-Eval,short,tirex2,common_factor,3,0.6572964457,6.329732582,4
GIFT-Short,GIFT-Eval,short,toto2.0,common_factor,3,0.6244027432,6.000317941,4
GIFT-Short,GIFT-Eval,short,Chronos-2,common_factor,4,0.6180555042,6.092506891,4
GIFT-Short,GIFT-Eval,short,Timer-3.5,common_factor,4,0.6457547963,6.242240365,4
GIFT-Short,GIFT-Eval,short,Timer-4.0,common_factor,4,0.6564114643,6.404383317,4
GIFT-Short,GIFT-Eval,short,moirai2,common_factor,4,0.6974884847,6.516340941,4
GIFT-Short,GIFT-Eval,short,timesfm2.5,common_factor,4,0.6538701581,6.339108961,4
GIFT-Short,GIFT-Eval,short,tirex2,common_factor,4,0.6602477672,6.361296682,4
GIFT-Short,GIFT-Eval,short,toto2.0,common_factor,4,0.6275214241,6.043285645,4
GIFT-Short,GIFT-Eval,short,Chronos-2,common_factor,5,0.6201297872,6.136673404,4
GIFT-Short,GIFT-Eval,short,Timer-3.5,common_factor,5,0.6513328978,6.289582336,4
GIFT-Short,GIFT-Eval,short,Timer-4.0,common_factor,5,0.6533486431,6.383179667,4
GIFT-Short,GIFT-Eval,short,moirai2,common_factor,5,0.7034372735,6.579348259,4
GIFT-Short,GIFT-Eval,short,timesfm2.5,common_factor,5,0.6571679292,6.375705142,4
GIFT-Short,GIFT-Eval,short,tirex2,common_factor,5,0.6652357462,6.415131804,4
GIFT-Short,GIFT-Eval,short,toto2.0,common_factor,5,0.6308442434,6.097381568,4
GIFT-Short,GIFT-Eval,short,Chronos-2,covariate_impulse_response,1,3.553714861,161.774747,6
GIFT-Short,GIFT-Eval,short,Timer-3.5,covariate_impulse_response,1,3.610814096,158.8523087,6
GIFT-Short,GIFT-Eval,short,Timer-4.0,covariate_impulse_response,1,3.621838468,169.3168741,6
GIFT-Short,GIFT-Eval,short,moirai2,covariate_impulse_response,1,4.597261582,176.7167347,6
GIFT-Short,GIFT-Eval,short,timesfm2.5,covariate_impulse_response,1,3.408644357,161.3949368,6
GIFT-Short,GIFT-Eval,short,tirex2,covariate_impulse_response,1,3.327336827,149.2384654,6
GIFT-Short,GIFT-Eval,short,toto2.0,covariate_impulse_response,1,3.373080516,151.6359085,6
GIFT-Short,GIFT-Eval,short,Chronos-2,covariate_impulse_response,2,3.592702434,165.4674815,6
GIFT-Short,GIFT-Eval,short,Timer-3.5,covariate_impulse_response,2,3.718854439,164.7168682,6
GIFT-Short,GIFT-Eval,short,Timer-4.0,covariate_impulse_response,2,3.672017499,171.0605906,6
GIFT-Short,GIFT-Eval,short,moirai2,covariate_impulse_response,2,5.055084259,184.1274992,6
GIFT-Short,GIFT-Eval,short,timesfm2.5,covariate_impulse_response,2,3.452545755,164.5952947,6
GIFT-Short,GIFT-Eval,short,tirex2,covariate_impulse_response,2,3.411758833,152.8437319,6
GIFT-Short,GIFT-Eval,short,toto2.0,covariate_impulse_response,2,3.45923245,154.0223479,6
GIFT-Short,GIFT-Eval,short,Chronos-2,covariate_impulse_response,3,3.61948307,163.4432511,6
GIFT-Short,GIFT-Eval,short,Timer-3.5,covariate_impulse_response,3,3.805380077,172.3477311,6
GIFT-Short,GIFT-Eval,short,Timer-4.0,covariate_impulse_response,3,3.719919636,176.5779189,6
GIFT-Short,GIFT-Eval,short,moirai2,covariate_impulse_response,3,5.635906527,196.7511065,6
GIFT-Short,GIFT-Eval,short,timesfm2.5,covariate_impulse_response,3,3.484606792,166.8414918,6
GIFT-Short,GIFT-Eval,short,tirex2,covariate_impulse_response,3,3.475040371,157.1749755,6
GIFT-Short,GIFT-Eval,short,toto2.0,covariate_impulse_response,3,3.51737014,156.5206715,6
GIFT-Short,GIFT-Eval,short,Chronos-2,covariate_impulse_response,4,3.68361778,164.6593649,6
GIFT-Short,GIFT-Eval,short,Timer-3.5,covariate_impulse_response,4,3.950709897,178.9750145,6
GIFT-Short,GIFT-Eval,short,Timer-4.0,covariate_impulse_response,4,3.783000463,180.0246859,6
GIFT-Short,GIFT-Eval,short,moirai2,covariate_impulse_response,4,6.664839795,221.0437524,6
GIFT-Short,GIFT-Eval,short,timesfm2.5,covariate_impulse_response,4,3.521179726,169.9304519,6
GIFT-Short,GIFT-Eval,short,tirex2,covariate_impulse_response,4,3.553155775,160.0822404,6
GIFT-Short,GIFT-Eval,short,toto2.0,covariate_impulse_response,4,3.601156535,158.5734995,6
GIFT-Short,GIFT-Eval,short,Chronos-2,covariate_impulse_response,5,3.742655448,166.3646077,6
GIFT-Short,GIFT-Eval,short,Timer-3.5,covariate_impulse_response,5,4.080707643,178.178729,6
GIFT-Short,GIFT-Eval,short,Timer-4.0,covariate_impulse_response,5,3.84328878,180.4057249,6
GIFT-Short,GIFT-Eval,short,moirai2,covariate_impulse_response,5,7.582936686,243.8325376,6
GIFT-Short,GIFT-Eval,short,timesfm2.5,covariate_impulse_response,5,3.585739352,176.6453339,6
GIFT-Short,GIFT-Eval,short,tirex2,covariate_impulse_response,5,3.655406317,162.3031695,6
GIFT-Short,GIFT-Eval,short,toto2.0,covariate_impulse_response,5,3.659282274,161.5733889,6
GIFT-Short,GIFT-Eval,short,Chronos-2,cross_series_dependence,1,2.265290641,112.7745476,8
GIFT-Short,GIFT-Eval,short,Timer-3.5,cross_series_dependence,1,2.34746346,111.4219837,8
GIFT-Short,GIFT-Eval,short,Timer-4.0,cross_series_dependence,1,2.32391587,121.3157599,8
GIFT-Short,GIFT-Eval,short,moirai2,cross_series_dependence,1,2.442602673,119.3123229,8
GIFT-Short,GIFT-Eval,short,timesfm2.5,cross_series_dependence,1,2.270501948,113.6390338,8
GIFT-Short,GIFT-Eval,short,tirex2,cross_series_dependence,1,2.231834771,102.0621381,8
GIFT-Short,GIFT-Eval,short,toto2.0,cross_series_dependence,1,2.12309107,103.9644548,8
GIFT-Short,GIFT-Eval,short,Chronos-2,cross_series_dependence,2,2.480378859,113.4407897,8
GIFT-Short,GIFT-Eval,short,Timer-3.5,cross_series_dependence,2,2.553705192,112.3309733,8
GIFT-Short,GIFT-Eval,short,Timer-4.0,cross_series_dependence,2,2.527753838,122.6996469,8
GIFT-Short,GIFT-Eval,short,moirai2,cross_series_dependence,2,2.633478936,120.5108395,8
GIFT-Short,GIFT-Eval,short,timesfm2.5,cross_series_dependence,2,2.475299675,114.0535939,8
GIFT-Short,GIFT-Eval,short,tirex2,cross_series_dependence,2,2.442671645,103.1111128,8
GIFT-Short,GIFT-Eval,short,toto2.0,cross_series_dependence,2,2.32708613,104.7403886,8
GIFT-Short,GIFT-Eval,short,Chronos-2,cross_series_dependence,3,2.772398402,115.0886543,8
GIFT-Short,GIFT-Eval,short,Timer-3.5,cross_series_dependence,3,2.865625611,114.1600469,8
GIFT-Short,GIFT-Eval,short,Timer-4.0,cross_series_dependence,3,2.816392428,125.6072925,8
GIFT-Short,GIFT-Eval,short,moirai2,cross_series_dependence,3,2.926731875,121.9447036,8
GIFT-Short,GIFT-Eval,short,timesfm2.5,cross_series_dependence,3,2.777932048,115.0436513,8
GIFT-Short,GIFT-Eval,short,tirex2,cross_series_dependence,3,2.741801919,104.8578462,8
GIFT-Short,GIFT-Eval,short,toto2.0,cross_series_dependence,3,2.618379382,106.7654997,8
GIFT-Short,GIFT-Eval,short,Chronos-2,cross_series_dependence,4,3.183142184,117.5692677,8
GIFT-Short,GIFT-Eval,short,Timer-3.5,cross_series_dependence,4,3.284820703,117.0198551,8
GIFT-Short,GIFT-Eval,short,Timer-4.0,cross_series_dependence,4,3.228010725,127.3936866,8
GIFT-Short,GIFT-Eval,short,moirai2,cross_series_dependence,4,3.332500088,124.1915019,8
GIFT-Short,GIFT-Eval,short,timesfm2.5,cross_series_dependence,4,3.177054384,117.0971583,8
GIFT-Short,GIFT-Eval,short,tirex2,cross_series_dependence,4,3.153088344,107.1738969,8
GIFT-Short,GIFT-Eval,short,toto2.0,cross_series_dependence,4,3.034294058,109.4955396,8
GIFT-Short,GIFT-Eval,short,Chronos-2,cross_series_dependence,5,3.776273009,121.1741938,8
GIFT-Short,GIFT-Eval,short,Timer-3.5,cross_series_dependence,5,3.857395845,121.1824035,8
GIFT-Short,GIFT-Eval,short,Timer-4.0,cross_series_dependence,5,3.807272817,129.5665486,8
GIFT-Short,GIFT-Eval,short,moirai2,cross_series_dependence,5,3.964336209,127.9292462,8
GIFT-Short,GIFT-Eval,short,timesfm2.5,cross_series_dependence,5,3.77953617,121.2411391,8
GIFT-Short,GIFT-Eval,short,tirex2,cross_series_dependence,5,3.754917028,111.2624559,8
GIFT-Short,GIFT-Eval,short,toto2.0,cross_series_dependence,5,3.627243439,113.667235,8
GIFT-Short,GIFT-Eval,short,Chronos-2,multi_seasonal,1,2.071207839,97.63273031,20
GIFT-Short,GIFT-Eval,short,Timer-3.5,multi_seasonal,1,2.225173359,105.123193,20
GIFT-Short,GIFT-Eval,short,Timer-4.0,multi_seasonal,1,2.044767808,104.2423723,20
GIFT-Short,GIFT-Eval,short,moirai2,multi_seasonal,1,3.814559165,132.2559904,20
GIFT-Short,GIFT-Eval,short,timesfm2.5,multi_seasonal,1,2.162874996,103.3295051,20
GIFT-Short,GIFT-Eval,short,tirex2,multi_seasonal,1,2.122245182,93.04145064,20
GIFT-Short,GIFT-Eval,short,toto2.0,multi_seasonal,1,1.794784842,87.27801248,20
GIFT-Short,GIFT-Eval,short,Chronos-2,multi_seasonal,2,2.232674797,99.6394987,20
GIFT-Short,GIFT-Eval,short,Timer-3.5,multi_seasonal,2,2.533392906,113.2642794,20
GIFT-Short,GIFT-Eval,short,Timer-4.0,multi_seasonal,2,2.209838926,111.3971913,20
GIFT-Short,GIFT-Eval,short,moirai2,multi_seasonal,2,3.994585402,138.7750372,20
GIFT-Short,GIFT-Eval,short,timesfm2.5,multi_seasonal,2,2.355335742,106.9658174,20
GIFT-Short,GIFT-Eval,short,tirex2,multi_seasonal,2,2.366194959,96.93924031,20
GIFT-Short,GIFT-Eval,short,toto2.0,multi_seasonal,2,1.866246218,87.93600153,20
GIFT-Short,GIFT-Eval,short,Chronos-2,multi_seasonal,3,2.366949021,104.9325024,20
GIFT-Short,GIFT-Eval,short,Timer-3.5,multi_seasonal,3,2.776962123,121.4601592,20
GIFT-Short,GIFT-Eval,short,Timer-4.0,multi_seasonal,3,2.448972933,116.6823368,20
GIFT-Short,GIFT-Eval,short,moirai2,multi_seasonal,3,4.205204278,144.6403855,20
GIFT-Short,GIFT-Eval,short,timesfm2.5,multi_seasonal,3,2.496703999,115.3788587,20
GIFT-Short,GIFT-Eval,short,tirex2,multi_seasonal,3,2.582734113,100.8056447,20
GIFT-Short,GIFT-Eval,short,toto2.0,multi_seasonal,3,1.926916957,89.51801221,20
GIFT-Short,GIFT-Eval,short,Chronos-2,multi_seasonal,4,2.50647847,106.9192783,20
GIFT-Short,GIFT-Eval,short,Timer-3.5,multi_seasonal,4,3.019957385,120.5554593,20
GIFT-Short,GIFT-Eval,short,Timer-4.0,multi_seasonal,4,2.663452009,116.3540445,20
GIFT-Short,GIFT-Eval,short,moirai2,multi_seasonal,4,4.353131122,143.8694182,20
GIFT-Short,GIFT-Eval,short,timesfm2.5,multi_seasonal,4,2.666437655,115.7851992,20
GIFT-Short,GIFT-Eval,short,tirex2,multi_seasonal,4,2.724489536,104.7561359,20
GIFT-Short,GIFT-Eval,short,toto2.0,multi_seasonal,4,2.005864487,91.36616253,20
GIFT-Short,GIFT-Eval,short,Chronos-2,multi_seasonal,5,2.671456113,110.7915669,20
GIFT-Short,GIFT-Eval,short,Timer-3.5,multi_seasonal,5,3.235944571,127.2591628,20
GIFT-Short,GIFT-Eval,short,Timer-4.0,multi_seasonal,5,2.918107107,119.3242892,20
GIFT-Short,GIFT-Eval,short,moirai2,multi_seasonal,5,4.489185281,144.0415986,20
GIFT-Short,GIFT-Eval,short,timesfm2.5,multi_seasonal,5,2.814923064,119.7507091,20
GIFT-Short,GIFT-Eval,short,tirex2,multi_seasonal,5,2.863163715,106.3061552,20
GIFT-Short,GIFT-Eval,short,toto2.0,multi_seasonal,5,2.076883482,93.57819068,20
GIFT-Short,GIFT-Eval,short,Chronos-2,predictable_intermittency,1,3.342925519,111.2772226,20
GIFT-Short,GIFT-Eval,short,Timer-3.5,predictable_intermittency,1,3.248411347,116.8859497,20
GIFT-Short,GIFT-Eval,short,Timer-4.0,predictable_intermittency,1,3.310163143,117.9544578,20
GIFT-Short,GIFT-Eval,short,moirai2,predictable_intermittency,1,5.972589715,139.5323762,20
GIFT-Short,GIFT-Eval,short,timesfm2.5,predictable_intermittency,1,3.088706253,115.5749881,20
GIFT-Short,GIFT-Eval,short,tirex2,predictable_intermittency,1,3.057023052,108.6620459,20
GIFT-Short,GIFT-Eval,short,toto2.0,predictable_intermittency,1,2.924330515,106.764541,20
GIFT-Short,GIFT-Eval,short,Chronos-2,predictable_intermittency,2,3.283691342,115.2857442,20
GIFT-Short,GIFT-Eval,short,Timer-3.5,predictable_intermittency,2,3.201025706,119.2526891,20
GIFT-Short,GIFT-Eval,short,Timer-4.0,predictable_intermittency,2,3.133117652,121.6438998,20
GIFT-Short,GIFT-Eval,short,moirai2,predictable_intermittency,2,5.731623673,146.1003288,20
GIFT-Short,GIFT-Eval,short,timesfm2.5,predictable_intermittency,2,3.062309996,118.9985843,20
GIFT-Short,GIFT-Eval,short,tirex2,predictable_intermittency,2,2.949100286,110.2501653,20
GIFT-Short,GIFT-Eval,short,toto2.0,predictable_intermittency,2,2.89670177,109.8670093,20
GIFT-Short,GIFT-Eval,short,Chronos-2,predictable_intermittency,3,2.896559783,113.466687,20
GIFT-Short,GIFT-Eval,short,Timer-3.5,predictable_intermittency,3,2.853465004,113.1268482,20
GIFT-Short,GIFT-Eval,short,Timer-4.0,predictable_intermittency,3,2.961347566,117.4961822,20
GIFT-Short,GIFT-Eval,short,moirai2,predictable_intermittency,3,3.663562735,133.5159999,20
GIFT-Short,GIFT-Eval,short,timesfm2.5,predictable_intermittency,3,2.924679368,117.0302594,20
GIFT-Short,GIFT-Eval,short,tirex2,predictable_intermittency,3,2.800365073,107.2727912,20
GIFT-Short,GIFT-Eval,short,toto2.0,predictable_intermittency,3,2.760975461,111.7711317,20
GIFT-Short,GIFT-Eval,short,Chronos-2,predictable_intermittency,4,2.574930478,110.2020208,20
GIFT-Short,GIFT-Eval,short,Timer-3.5,predictable_intermittency,4,2.581457573,106.0914928,20
GIFT-Short,GIFT-Eval,short,Timer-4.0,predictable_intermittency,4,2.595944282,112.0172525,20
GIFT-Short,GIFT-Eval,short,moirai2,predictable_intermittency,4,3.098448106,122.1989671,20
GIFT-Short,GIFT-Eval,short,timesfm2.5,predictable_intermittency,4,2.560337442,110.5027366,20
GIFT-Short,GIFT-Eval,short,tirex2,predictable_intermittency,4,2.459450597,102.8247292,20
GIFT-Short,GIFT-Eval,short,toto2.0,predictable_intermittency,4,2.431715238,102.8534172,20
GIFT-Short,GIFT-Eval,short,Chronos-2,predictable_intermittency,5,2.546469599,105.5095077,20
GIFT-Short,GIFT-Eval,short,Timer-3.5,predictable_intermittency,5,2.473759033,99.79859156,20
GIFT-Short,GIFT-Eval,short,Timer-4.0,predictable_intermittency,5,2.529737032,102.8062072,20
GIFT-Short,GIFT-Eval,short,moirai2,predictable_intermittency,5,2.590359749,115.2429965,20
GIFT-Short,GIFT-Eval,short,timesfm2.5,predictable_intermittency,5,2.527175742,103.2325993,20
GIFT-Short,GIFT-Eval,short,tirex2,predictable_intermittency,5,2.461277352,99.28232056,20
GIFT-Short,GIFT-Eval,short,toto2.0,predictable_intermittency,5,2.479555519,102.9666934,20
GIFT-Short,GIFT-Eval,short,Chronos-2,regime_switching,1,1.711631332,83.77091165,20
GIFT-Short,GIFT-Eval,short,Timer-3.5,regime_switching,1,1.671506744,80.83912204,20
GIFT-Short,GIFT-Eval,short,Timer-4.0,regime_switching,1,1.674987988,83.87701235,20
GIFT-Short,GIFT-Eval,short,moirai2,regime_switching,1,1.82188107,90.0766411,20
GIFT-Short,GIFT-Eval,short,timesfm2.5,regime_switching,1,1.606538879,82.10766901,20
GIFT-Short,GIFT-Eval,short,tirex2,regime_switching,1,1.576841033,76.67759424,20
GIFT-Short,GIFT-Eval,short,toto2.0,regime_switching,1,1.570163124,78.41128394,20
GIFT-Short,GIFT-Eval,short,Chronos-2,regime_switching,2,1.684370443,82.74615729,20
GIFT-Short,GIFT-Eval,short,Timer-3.5,regime_switching,2,1.674343887,80.98776066,20
GIFT-Short,GIFT-Eval,short,Timer-4.0,regime_switching,2,1.68574204,83.76651703,20
GIFT-Short,GIFT-Eval,short,moirai2,regime_switching,2,1.892881341,91.88584766,20
GIFT-Short,GIFT-Eval,short,timesfm2.5,regime_switching,2,1.60952262,79.94914118,20
GIFT-Short,GIFT-Eval,short,tirex2,regime_switching,2,1.580401684,76.27387467,20
GIFT-Short,GIFT-Eval,short,toto2.0,regime_switching,2,1.570973428,78.96463406,20
GIFT-Short,GIFT-Eval,short,Chronos-2,regime_switching,3,1.699353116,84.77708227,20
GIFT-Short,GIFT-Eval,short,Timer-3.5,regime_switching,3,1.692415171,82.17806102,20
GIFT-Short,GIFT-Eval,short,Timer-4.0,regime_switching,3,1.679082655,85.02414129,20
GIFT-Short,GIFT-Eval,short,moirai2,regime_switching,3,1.950257215,93.81151958,20
GIFT-Short,GIFT-Eval,short,timesfm2.5,regime_switching,3,1.612345259,82.14999664,20
GIFT-Short,GIFT-Eval,short,tirex2,regime_switching,3,1.582930636,79.62363691,20
GIFT-Short,GIFT-Eval,short,toto2.0,regime_switching,3,1.566341038,78.82234364,20
GIFT-Short,GIFT-Eval,short,Chronos-2,regime_switching,4,1.693715095,81.72819383,20
GIFT-Short,GIFT-Eval,short,Timer-3.5,regime_switching,4,1.731545544,81.22826366,20
GIFT-Short,GIFT-Eval,short,Timer-4.0,regime_switching,4,1.678350601,81.90940632,20
GIFT-Short,GIFT-Eval,short,moirai2,regime_switching,4,1.908262164,96.14403167,20
GIFT-Short,GIFT-Eval,short,timesfm2.5,regime_switching,4,1.62602679,82.45807863,20
GIFT-Short,GIFT-Eval,short,tirex2,regime_switching,4,1.591162506,77.3343215,20
GIFT-Short,GIFT-Eval,short,toto2.0,regime_switching,4,1.564838093,78.17772671,20
GIFT-Short,GIFT-Eval,short,Chronos-2,regime_switching,5,1.725131254,85.91294072,20
GIFT-Short,GIFT-Eval,short,Timer-3.5,regime_switching,5,1.814655082,87.0300211,20
GIFT-Short,GIFT-Eval,short,Timer-4.0,regime_switching,5,1.769689586,86.17479874,20
GIFT-Short,GIFT-Eval,short,moirai2,regime_switching,5,1.976125088,99.62435509,20
GIFT-Short,GIFT-Eval,short,timesfm2.5,regime_switching,5,1.679548188,91.80993606,20
GIFT-Short,GIFT-Eval,short,tirex2,regime_switching,5,1.655915415,82.65895408,20
GIFT-Short,GIFT-Eval,short,toto2.0,regime_switching,5,1.59586624,80.0090764,20
GIFT-Short,GIFT-Eval,short,Chronos-2,time_varying_seasonality,1,1.448356383,80.0496982,19
GIFT-Short,GIFT-Eval,short,Timer-3.5,time_varying_seasonality,1,1.544127417,77.25369662,19
GIFT-Short,GIFT-Eval,short,Timer-4.0,time_varying_seasonality,1,1.583842633,77.2686225,19
GIFT-Short,GIFT-Eval,short,moirai2,time_varying_seasonality,1,1.663789305,86.70354437,19
GIFT-Short,GIFT-Eval,short,timesfm2.5,time_varying_seasonality,1,1.409474696,81.3219052,19
GIFT-Short,GIFT-Eval,short,tirex2,time_varying_seasonality,1,1.407393491,79.18148471,19
GIFT-Short,GIFT-Eval,short,toto2.0,time_varying_seasonality,1,1.455546339,75.72591471,19
GIFT-Short,GIFT-Eval,short,Chronos-2,time_varying_seasonality,2,1.484998468,84.1140418,19
GIFT-Short,GIFT-Eval,short,Timer-3.5,time_varying_seasonality,2,1.608804611,81.64081754,19
GIFT-Short,GIFT-Eval,short,Timer-4.0,time_varying_seasonality,2,1.63598415,82.07589415,19
GIFT-Short,GIFT-Eval,short,moirai2,time_varying_seasonality,2,1.741893566,91.98817572,19
GIFT-Short,GIFT-Eval,short,timesfm2.5,time_varying_seasonality,2,1.430118034,86.64585961,19
GIFT-Short,GIFT-Eval,short,tirex2,time_varying_seasonality,2,1.434686762,85.73266861,19
GIFT-Short,GIFT-Eval,short,toto2.0,time_varying_seasonality,2,1.498244593,76.56078917,19
GIFT-Short,GIFT-Eval,short,Chronos-2,time_varying_seasonality,3,1.538144495,87.80186272,19
GIFT-Short,GIFT-Eval,short,Timer-3.5,time_varying_seasonality,3,1.705044186,85.98549222,19
GIFT-Short,GIFT-Eval,short,Timer-4.0,time_varying_seasonality,3,1.685584802,86.33377753,19
GIFT-Short,GIFT-Eval,short,moirai2,time_varying_seasonality,3,1.837162778,100.8990131,19
GIFT-Short,GIFT-Eval,short,timesfm2.5,time_varying_seasonality,3,1.455998733,93.28216031,19
GIFT-Short,GIFT-Eval,short,tirex2,time_varying_seasonality,3,1.469787725,89.62990751,19
GIFT-Short,GIFT-Eval,short,toto2.0,time_varying_seasonality,3,1.546902917,77.946254,19
GIFT-Short,GIFT-Eval,short,Chronos-2,time_varying_seasonality,4,1.54885418,91.22436458,19
GIFT-Short,GIFT-Eval,short,Timer-3.5,time_varying_seasonality,4,1.836551825,90.76264016,19
GIFT-Short,GIFT-Eval,short,Timer-4.0,time_varying_seasonality,4,1.730446177,89.90613161,19
GIFT-Short,GIFT-Eval,short,moirai2,time_varying_seasonality,4,1.944616184,112.6009244,19
GIFT-Short,GIFT-Eval,short,timesfm2.5,time_varying_seasonality,4,1.489592382,99.2892942,19
GIFT-Short,GIFT-Eval,short,tirex2,time_varying_seasonality,4,1.520291463,93.00689586,19
GIFT-Short,GIFT-Eval,short,toto2.0,time_varying_seasonality,4,1.627998346,79.67269599,19
GIFT-Short,GIFT-Eval,short,Chronos-2,time_varying_seasonality,5,1.608140771,94.25863362,19
GIFT-Short,GIFT-Eval,short,Timer-3.5,time_varying_seasonality,5,1.997050297,96.8889405,19
GIFT-Short,GIFT-Eval,short,Timer-4.0,time_varying_seasonality,5,1.811683737,94.54195215,19
GIFT-Short,GIFT-Eval,short,moirai2,time_varying_seasonality,5,2.078458683,124.5904229,19
GIFT-Short,GIFT-Eval,short,timesfm2.5,time_varying_seasonality,5,1.526459165,99.78882858,19
GIFT-Short,GIFT-Eval,short,tirex2,time_varying_seasonality,5,1.586225038,95.93070758,19
GIFT-Short,GIFT-Eval,short,toto2.0,time_varying_seasonality,5,1.731177314,80.67712718,19
GIFT-Short,GIFT-Eval,short,Chronos-2,trend,1,2.099198957,73.80391128,18
GIFT-Short,GIFT-Eval,short,Timer-3.5,trend,1,1.94909,60.21970432,18
GIFT-Short,GIFT-Eval,short,Timer-4.0,trend,1,2.017614598,66.87822124,18
GIFT-Short,GIFT-Eval,short,moirai2,trend,1,2.127871858,75.05207353,18
GIFT-Short,GIFT-Eval,short,timesfm2.5,trend,1,1.893470033,65.01421735,18
GIFT-Short,GIFT-Eval,short,tirex2,trend,1,1.832869525,64.53592934,18
GIFT-Short,GIFT-Eval,short,toto2.0,trend,1,1.869246981,62.1406542,18
GIFT-Short,GIFT-Eval,short,Chronos-2,trend,2,2.105281678,74.84857367,18
GIFT-Short,GIFT-Eval,short,Timer-3.5,trend,2,1.946816182,60.24049204,18
GIFT-Short,GIFT-Eval,short,Timer-4.0,trend,2,2.013203014,66.52532866,18
GIFT-Short,GIFT-Eval,short,moirai2,trend,2,2.123445894,75.03174177,18
GIFT-Short,GIFT-Eval,short,timesfm2.5,trend,2,1.896011679,64.60612885,18
GIFT-Short,GIFT-Eval,short,tirex2,trend,2,1.840711464,64.27022204,18
GIFT-Short,GIFT-Eval,short,toto2.0,trend,2,1.867479319,62.54066903,18
GIFT-Short,GIFT-Eval,short,Chronos-2,trend,3,2.122825841,75.7072231,18
GIFT-Short,GIFT-Eval,short,Timer-3.5,trend,3,1.947871982,60.67937926,18
GIFT-Short,GIFT-Eval,short,Timer-4.0,trend,3,2.029745844,66.59608959,18
GIFT-Short,GIFT-Eval,short,moirai2,trend,3,2.140031183,74.96808678,18
GIFT-Short,GIFT-Eval,short,timesfm2.5,trend,3,1.896882809,63.85876333,18
GIFT-Short,GIFT-Eval,short,tirex2,trend,3,1.84666747,64.20232326,18
GIFT-Short,GIFT-Eval,short,toto2.0,trend,3,1.866061918,62.56560226,18
GIFT-Short,GIFT-Eval,short,Chronos-2,trend,4,2.153225043,75.73991737,18
GIFT-Short,GIFT-Eval,short,Timer-3.5,trend,4,1.975673119,60.6367473,18
GIFT-Short,GIFT-Eval,short,Timer-4.0,trend,4,2.05626211,66.45023782,18
GIFT-Short,GIFT-Eval,short,moirai2,trend,4,2.163135149,74.6199135,18
GIFT-Short,GIFT-Eval,short,timesfm2.5,trend,4,1.900550601,63.76985413,18
GIFT-Short,GIFT-Eval,short,tirex2,trend,4,1.846773596,64.564353,18
GIFT-Short,GIFT-Eval,short,toto2.0,trend,4,1.874584045,62.4637873,18
GIFT-Short,GIFT-Eval,short,Chronos-2,trend,5,2.18006967,74.88354165,18
GIFT-Short,GIFT-Eval,short,Timer-3.5,trend,5,2.012639497,60.94609709,18
GIFT-Short,GIFT-Eval,short,Timer-4.0,trend,5,2.080958206,67.13704191,18
GIFT-Short,GIFT-Eval,short,moirai2,trend,5,2.20490235,74.51485993,18
GIFT-Short,GIFT-Eval,short,timesfm2.5,trend,5,1.903391974,63.82920712,18
GIFT-Short,GIFT-Eval,short,tirex2,trend,5,1.848037266,65.90992609,18
GIFT-Short,GIFT-Eval,short,toto2.0,trend,5,1.904637784,62.45389633,18
