suite,benchmark,horizon_group,model_id,capability_id,level_averaged_treatment_mase,task_count,level_averaged_effect_nrmse,capability_rank,treatment_mase_rank,same_winner
FEV-Mini20,FEV-Bench,native,Chronos-2,common_factor,1.766226049,9,0.2861930493,1,3,False
FEV-Mini20,FEV-Bench,native,tirex2,common_factor,1.81939626,9,0.2910784938,2,5,False
FEV-Mini20,FEV-Bench,native,toto2.0,common_factor,1.662659422,9,0.2951707795,3,2,False
FEV-Mini20,FEV-Bench,native,timesfm2.5,common_factor,1.629707924,9,0.3011025411,4,1,False
FEV-Mini20,FEV-Bench,native,Timer-3.5,common_factor,2.043573782,9,0.3589430479,5,6,False
FEV-Mini20,FEV-Bench,native,moirai2,common_factor,1.791259418,9,0.3802409627,6,4,False
FEV-Mini20,FEV-Bench,native,toto2.0,covariate_impulse_response,2.302633004,8,0.5506950119,1,1,True
FEV-Mini20,FEV-Bench,native,Timer-3.5,covariate_impulse_response,3.046433485,8,0.6419192902,2,5,False
FEV-Mini20,FEV-Bench,native,tirex2,covariate_impulse_response,2.971775059,8,0.6506887495,3,3,False
FEV-Mini20,FEV-Bench,native,moirai2,covariate_impulse_response,3.024641324,8,0.6744868031,4,4,False
FEV-Mini20,FEV-Bench,native,timesfm2.5,covariate_impulse_response,2.479529077,8,0.6906901586,5,2,False
FEV-Mini20,FEV-Bench,native,Chronos-2,covariate_impulse_response,3.073196168,8,0.7763432392,6,6,False
FEV-Mini20,FEV-Bench,native,tirex2,cross_series_dependence,1.69340718,9,0.7172170315,1,2,False
FEV-Mini20,FEV-Bench,native,Chronos-2,cross_series_dependence,1.766140833,9,0.7181094174,2,4,False
FEV-Mini20,FEV-Bench,native,toto2.0,cross_series_dependence,1.825859807,9,0.7517081094,3,5,False
FEV-Mini20,FEV-Bench,native,timesfm2.5,cross_series_dependence,1.677701588,9,0.7629443771,4,1,False
FEV-Mini20,FEV-Bench,native,Timer-3.5,cross_series_dependence,2.100258468,9,0.7818999719,5,6,False
FEV-Mini20,FEV-Bench,native,moirai2,cross_series_dependence,1.711298697,9,0.8342275577,6,3,False
FEV-Mini20,FEV-Bench,native,toto2.0,multi_seasonal,1.839354782,20,0.8093271822,1,1,True
FEV-Mini20,FEV-Bench,native,timesfm2.5,multi_seasonal,2.581752642,20,0.9536108276,2,2,False
FEV-Mini20,FEV-Bench,native,tirex2,multi_seasonal,2.70309578,20,1.042206528,3,4,False
FEV-Mini20,FEV-Bench,native,Timer-3.5,multi_seasonal,3.003238014,20,1.142927293,4,5,False
FEV-Mini20,FEV-Bench,native,Chronos-2,multi_seasonal,2.655597812,20,1.201830313,5,3,False
FEV-Mini20,FEV-Bench,native,moirai2,multi_seasonal,3.144378708,20,1.212573087,6,6,False
FEV-Mini20,FEV-Bench,native,toto2.0,predictable_intermittency,1.730909729,18,0.8516150684,1,2,False
FEV-Mini20,FEV-Bench,native,timesfm2.5,predictable_intermittency,1.711703102,18,0.8644769747,2,1,False
FEV-Mini20,FEV-Bench,native,tirex2,predictable_intermittency,2.15379304,18,0.8940457383,3,5,False
FEV-Mini20,FEV-Bench,native,Chronos-2,predictable_intermittency,2.187852014,18,0.9338045566,4,6,False
FEV-Mini20,FEV-Bench,native,Timer-3.5,predictable_intermittency,1.987160354,18,0.9629794435,5,3,False
FEV-Mini20,FEV-Bench,native,moirai2,predictable_intermittency,2.055149493,18,1.062224065,6,4,False
FEV-Mini20,FEV-Bench,native,moirai2,regime_switching,1.647004359,20,0.1026859614,1,3,False
FEV-Mini20,FEV-Bench,native,toto2.0,regime_switching,1.603040457,20,0.1100236796,2,2,False
FEV-Mini20,FEV-Bench,native,timesfm2.5,regime_switching,1.561859793,20,0.1197441879,3,1,False
FEV-Mini20,FEV-Bench,native,tirex2,regime_switching,1.853036877,20,0.1362862374,4,4,False
FEV-Mini20,FEV-Bench,native,Timer-3.5,regime_switching,1.917040952,20,0.1632377905,5,6,False
FEV-Mini20,FEV-Bench,native,Chronos-2,regime_switching,1.912631364,20,0.2125384652,6,5,False
FEV-Mini20,FEV-Bench,native,toto2.0,time_varying_seasonality,1.659290503,20,0.6626374434,1,1,True
FEV-Mini20,FEV-Bench,native,timesfm2.5,time_varying_seasonality,1.74382642,20,0.7335717233,2,2,False
FEV-Mini20,FEV-Bench,native,Timer-3.5,time_varying_seasonality,2.139602099,20,0.7555655496,3,5,False
FEV-Mini20,FEV-Bench,native,tirex2,time_varying_seasonality,2.040453223,20,0.7938957873,4,3,False
FEV-Mini20,FEV-Bench,native,moirai2,time_varying_seasonality,2.045397184,20,0.7974517024,5,4,False
FEV-Mini20,FEV-Bench,native,Chronos-2,time_varying_seasonality,2.189601456,20,0.8119565624,6,6,False
FEV-Mini20,FEV-Bench,native,moirai2,trend,1.624959026,18,0.08749395196,1,3,False
FEV-Mini20,FEV-Bench,native,timesfm2.5,trend,1.468847712,18,0.1112489369,2,1,False
FEV-Mini20,FEV-Bench,native,toto2.0,trend,1.590666872,18,0.1235699418,3,2,False
FEV-Mini20,FEV-Bench,native,tirex2,trend,1.736174316,18,0.1302019242,4,4,False
FEV-Mini20,FEV-Bench,native,Chronos-2,trend,1.938493466,18,0.1764511114,5,6,False
FEV-Mini20,FEV-Bench,native,Timer-3.5,trend,1.80740293,18,0.1807181212,6,5,False
GIFT-Long,GIFT-Eval,long,Chronos-2,common_factor,1.039259628,4,0.3851945981,1,1,True
GIFT-Long,GIFT-Eval,long,toto2.0,common_factor,1.323830949,4,0.6630805599,2,4,False
GIFT-Long,GIFT-Eval,long,Timer-3.5,common_factor,1.144131438,4,0.7386587285,3,3,False
GIFT-Long,GIFT-Eval,long,timesfm2.5,common_factor,1.113222223,4,0.7718095496,4,2,False
GIFT-Long,GIFT-Eval,long,moirai2,common_factor,1.74857511,4,1.084236115,5,5,False
GIFT-Long,GIFT-Eval,long,timesfm2.5,covariate_impulse_response,9.512388622,3,0.3351343653,1,1,True
GIFT-Long,GIFT-Eval,long,Chronos-2,covariate_impulse_response,9.909024957,3,0.3974530593,2,2,False
GIFT-Long,GIFT-Eval,long,moirai2,covariate_impulse_response,14.30034505,3,0.4903511629,3,4,False
GIFT-Long,GIFT-Eval,long,Timer-3.5,covariate_impulse_response,13.45873229,3,0.5936593505,4,3,False
GIFT-Long,GIFT-Eval,long,toto2.0,covariate_impulse_response,53.23788292,3,0.8574889064,5,5,False
GIFT-Long,GIFT-Eval,long,Chronos-2,cross_series_dependence,6.668801933,6,0.8932563752,1,1,True
GIFT-Long,GIFT-Eval,long,Timer-3.5,cross_series_dependence,7.004638977,6,0.9945917008,2,2,False
GIFT-Long,GIFT-Eval,long,moirai2,cross_series_dependence,10.12800026,6,1.018634786,3,4,False
GIFT-Long,GIFT-Eval,long,timesfm2.5,cross_series_dependence,7.445994404,6,1.058004421,4,3,False
GIFT-Long,GIFT-Eval,long,toto2.0,cross_series_dependence,36.76057018,6,1.325611073,5,5,False
GIFT-Long,GIFT-Eval,long,Chronos-2,multi_seasonal,6.252351672,11,0.9144960364,1,2,False
GIFT-Long,GIFT-Eval,long,timesfm2.5,multi_seasonal,4.889913785,11,0.965956275,2,1,False
GIFT-Long,GIFT-Eval,long,toto2.0,multi_seasonal,21.86892757,11,0.9977196969,3,5,False
GIFT-Long,GIFT-Eval,long,Timer-3.5,multi_seasonal,6.779557258,11,1.167812185,4,3,False
GIFT-Long,GIFT-Eval,long,moirai2,multi_seasonal,9.54247896,11,1.637531213,5,4,False
GIFT-Long,GIFT-Eval,long,Chronos-2,predictable_intermittency,3.13067106,11,1.05107737,1,2,False
GIFT-Long,GIFT-Eval,long,timesfm2.5,predictable_intermittency,3.185470576,11,1.068544321,2,3,False
GIFT-Long,GIFT-Eval,long,Timer-3.5,predictable_intermittency,3.087437983,11,1.118298715,3,1,False
GIFT-Long,GIFT-Eval,long,toto2.0,predictable_intermittency,16.40711439,11,1.184021371,4,5,False
GIFT-Long,GIFT-Eval,long,moirai2,predictable_intermittency,4.635746237,11,1.68312581,5,4,False
GIFT-Long,GIFT-Eval,long,Chronos-2,regime_switching,2.934148746,11,0.06447970995,1,1,True
GIFT-Long,GIFT-Eval,long,timesfm2.5,regime_switching,3.253290489,11,0.1055890894,2,3,False
GIFT-Long,GIFT-Eval,long,Timer-3.5,regime_switching,3.099932621,11,0.174551316,3,2,False
GIFT-Long,GIFT-Eval,long,toto2.0,regime_switching,16.99420667,11,0.2649193968,4,5,False
GIFT-Long,GIFT-Eval,long,moirai2,regime_switching,4.44188103,11,0.3262622664,5,4,False
GIFT-Long,GIFT-Eval,long,Chronos-2,time_varying_seasonality,4.859883719,10,0.85926337,1,1,True
GIFT-Long,GIFT-Eval,long,timesfm2.5,time_varying_seasonality,5.632105256,10,0.9610404233,2,2,False
GIFT-Long,GIFT-Eval,long,toto2.0,time_varying_seasonality,23.43193915,10,1.118731231,3,5,False
GIFT-Long,GIFT-Eval,long,moirai2,time_varying_seasonality,9.716692348,10,1.18995801,4,4,False
GIFT-Long,GIFT-Eval,long,Timer-3.5,time_varying_seasonality,8.02067247,10,1.222656776,5,3,False
GIFT-Long,GIFT-Eval,long,Chronos-2,trend,3.596896524,10,0.06226991482,1,2,False
GIFT-Long,GIFT-Eval,long,timesfm2.5,trend,3.681873234,10,0.124415789,2,3,False
GIFT-Long,GIFT-Eval,long,Timer-3.5,trend,3.549016259,10,0.1909827222,3,1,False
GIFT-Long,GIFT-Eval,long,moirai2,trend,4.608732136,10,0.2132425505,4,4,False
GIFT-Long,GIFT-Eval,long,toto2.0,trend,16.11520207,10,0.2572961598,5,5,False
GIFT-Medium,GIFT-Eval,medium,Chronos-2,common_factor,0.9187028112,4,0.2568179967,1,1,True
GIFT-Medium,GIFT-Eval,medium,toto2.0,common_factor,1.16266232,4,0.3771920467,2,4,False
GIFT-Medium,GIFT-Eval,medium,Timer-3.5,common_factor,0.9518983433,4,0.473736308,3,2,False
GIFT-Medium,GIFT-Eval,medium,timesfm2.5,common_factor,0.9658362122,4,0.5244791105,4,3,False
GIFT-Medium,GIFT-Eval,medium,moirai2,common_factor,1.324048657,4,0.5709222302,5,5,False
GIFT-Medium,GIFT-Eval,medium,timesfm2.5,covariate_impulse_response,6.849175349,4,0.3726284925,1,3,False
GIFT-Medium,GIFT-Eval,medium,moirai2,covariate_impulse_response,9.773449995,4,0.4573683056,2,4,False
GIFT-Medium,GIFT-Eval,medium,Timer-3.5,covariate_impulse_response,6.848265926,4,0.4975378205,3,2,False
GIFT-Medium,GIFT-Eval,medium,Chronos-2,covariate_impulse_response,5.150830604,4,0.533018195,4,1,False
GIFT-Medium,GIFT-Eval,medium,toto2.0,covariate_impulse_response,19.0718701,4,0.54968864,5,5,False
GIFT-Medium,GIFT-Eval,medium,Chronos-2,cross_series_dependence,7.689809102,6,0.9922667515,1,1,True
GIFT-Medium,GIFT-Eval,medium,moirai2,cross_series_dependence,9.902213529,6,1.050639156,2,4,False
GIFT-Medium,GIFT-Eval,medium,timesfm2.5,cross_series_dependence,8.08857618,6,1.0530052,3,3,False
GIFT-Medium,GIFT-Eval,medium,Timer-3.5,cross_series_dependence,8.041416366,6,1.070118509,4,2,False
GIFT-Medium,GIFT-Eval,medium,toto2.0,cross_series_dependence,15.98837202,6,1.188800212,5,5,False
GIFT-Medium,GIFT-Eval,medium,timesfm2.5,multi_seasonal,4.016397823,11,0.9607989633,1,1,True
GIFT-Medium,GIFT-Eval,medium,Chronos-2,multi_seasonal,5.30943405,11,1.101720225,2,2,False
GIFT-Medium,GIFT-Eval,medium,toto2.0,multi_seasonal,10.48807836,11,1.130957184,3,4,False
GIFT-Medium,GIFT-Eval,medium,Timer-3.5,multi_seasonal,5.532693398,11,1.206342877,4,3,False
GIFT-Medium,GIFT-Eval,medium,moirai2,multi_seasonal,10.67080929,11,1.728902861,5,5,False
GIFT-Medium,GIFT-Eval,medium,moirai2,predictable_intermittency,3.59190386,11,1.115235624,1,4,False
GIFT-Medium,GIFT-Eval,medium,timesfm2.5,predictable_intermittency,2.936244793,11,1.321852674,2,2,False
GIFT-Medium,GIFT-Eval,medium,Chronos-2,predictable_intermittency,2.851137405,11,1.402336979,3,1,False
GIFT-Medium,GIFT-Eval,medium,toto2.0,predictable_intermittency,6.458565704,11,1.556277288,4,5,False
GIFT-Medium,GIFT-Eval,medium,Timer-3.5,predictable_intermittency,3.039383572,11,1.738459405,5,3,False
GIFT-Medium,GIFT-Eval,medium,Chronos-2,regime_switching,2.378389411,11,0.0532803791,1,1,True
GIFT-Medium,GIFT-Eval,medium,timesfm2.5,regime_switching,2.45258564,11,0.1305952409,2,2,False
GIFT-Medium,GIFT-Eval,medium,toto2.0,regime_switching,7.596805884,11,0.175896607,3,5,False
GIFT-Medium,GIFT-Eval,medium,Timer-3.5,regime_switching,2.580981572,11,0.19087616,4,3,False
GIFT-Medium,GIFT-Eval,medium,moirai2,regime_switching,4.02556197,11,0.2761034234,5,4,False
GIFT-Medium,GIFT-Eval,medium,Chronos-2,time_varying_seasonality,7.051212805,10,0.7866182767,1,2,False
GIFT-Medium,GIFT-Eval,medium,timesfm2.5,time_varying_seasonality,3.506960436,10,0.9795761154,2,1,False
GIFT-Medium,GIFT-Eval,medium,Timer-3.5,time_varying_seasonality,7.291866785,10,1.129569408,3,3,False
GIFT-Medium,GIFT-Eval,medium,toto2.0,time_varying_seasonality,9.954698494,10,1.295987657,4,4,False
GIFT-Medium,GIFT-Eval,medium,moirai2,time_varying_seasonality,10.61577032,10,1.564713792,5,5,False
GIFT-Medium,GIFT-Eval,medium,Chronos-2,trend,2.982168714,9,0.0510702675,1,3,False
GIFT-Medium,GIFT-Eval,medium,timesfm2.5,trend,2.880490628,9,0.2592673928,2,2,False
GIFT-Medium,GIFT-Eval,medium,Timer-3.5,trend,2.807565928,9,0.2637150076,3,1,False
GIFT-Medium,GIFT-Eval,medium,moirai2,trend,3.468554925,9,0.2933982087,4,4,False
GIFT-Medium,GIFT-Eval,medium,toto2.0,trend,12.78531575,9,0.5904974291,5,5,False
GIFT-Short,GIFT-Eval,short,Chronos-2,common_factor,0.6175713506,4,0.2568654659,1,1,True
GIFT-Short,GIFT-Eval,short,tirex2,common_factor,0.6576303055,4,0.2587081813,2,5,False
GIFT-Short,GIFT-Eval,short,toto2.0,common_factor,0.624883582,4,0.2906639314,3,2,False
GIFT-Short,GIFT-Eval,short,Timer-3.5,common_factor,0.6437498105,4,0.300933994,4,3,False
GIFT-Short,GIFT-Eval,short,timesfm2.5,common_factor,0.6480731829,4,0.333317783,5,4,False
GIFT-Short,GIFT-Eval,short,moirai2,common_factor,0.6949992116,4,0.3532650474,6,6,False
GIFT-Short,GIFT-Eval,short,timesfm2.5,covariate_impulse_response,3.490543197,6,0.4949171461,1,2,False
GIFT-Short,GIFT-Eval,short,Timer-3.5,covariate_impulse_response,3.83329323,6,0.5540589657,2,5,False
GIFT-Short,GIFT-Eval,short,Chronos-2,covariate_impulse_response,3.638434719,6,0.6260923706,3,4,False
GIFT-Short,GIFT-Eval,short,toto2.0,covariate_impulse_response,3.522024383,6,0.6319093917,4,3,False
GIFT-Short,GIFT-Eval,short,moirai2,covariate_impulse_response,5.90720577,6,0.6844056371,5,6,False
GIFT-Short,GIFT-Eval,short,tirex2,covariate_impulse_response,3.484539625,6,0.8503045596,6,1,False
GIFT-Short,GIFT-Eval,short,Chronos-2,cross_series_dependence,2.895496619,8,0.9892779551,1,3,False
GIFT-Short,GIFT-Eval,short,tirex2,cross_series_dependence,2.864862741,8,1.004575419,2,2,False
GIFT-Short,GIFT-Eval,short,Timer-3.5,cross_series_dependence,2.981802162,8,1.042653482,3,5,False
GIFT-Short,GIFT-Eval,short,moirai2,cross_series_dependence,3.059929956,8,1.043956985,4,6,False
GIFT-Short,GIFT-Eval,short,timesfm2.5,cross_series_dependence,2.896064845,8,1.186692824,5,4,False
GIFT-Short,GIFT-Eval,short,toto2.0,cross_series_dependence,2.746018816,8,1.459781414,6,1,False
GIFT-Short,GIFT-Eval,short,toto2.0,multi_seasonal,1.934139197,20,0.6367942715,1,1,True
GIFT-Short,GIFT-Eval,short,Chronos-2,multi_seasonal,2.369753248,20,0.7794513562,2,2,False
GIFT-Short,GIFT-Eval,short,timesfm2.5,multi_seasonal,2.499255091,20,0.8016590865,3,3,False
GIFT-Short,GIFT-Eval,short,tirex2,multi_seasonal,2.531765501,20,0.8441032903,4,4,False
GIFT-Short,GIFT-Eval,short,Timer-3.5,multi_seasonal,2.758286069,20,0.9456936794,5,5,False
GIFT-Short,GIFT-Eval,short,moirai2,multi_seasonal,4.17133305,20,1.010156064,6,6,False
GIFT-Short,GIFT-Eval,short,timesfm2.5,predictable_intermittency,2.83264176,20,0.8373530645,1,3,False
GIFT-Short,GIFT-Eval,short,Chronos-2,predictable_intermittency,2.928915344,20,0.9051413851,2,5,False
GIFT-Short,GIFT-Eval,short,Timer-3.5,predictable_intermittency,2.871623733,20,0.9144081965,3,4,False
GIFT-Short,GIFT-Eval,short,toto2.0,predictable_intermittency,2.698655701,20,0.9554846889,4,1,False
GIFT-Short,GIFT-Eval,short,moirai2,predictable_intermittency,4.211316795,20,0.9653250416,5,6,False
GIFT-Short,GIFT-Eval,short,tirex2,predictable_intermittency,2.745443272,20,0.9724890379,6,2,False
GIFT-Short,GIFT-Eval,short,tirex2,regime_switching,1.597450255,20,0.07083173108,1,2,False
GIFT-Short,GIFT-Eval,short,timesfm2.5,regime_switching,1.626796347,20,0.0909547536,2,3,False
GIFT-Short,GIFT-Eval,short,Chronos-2,regime_switching,1.702840248,20,0.09638508679,3,4,False
GIFT-Short,GIFT-Eval,short,Timer-3.5,regime_switching,1.716893286,20,0.1329371331,4,5,False
GIFT-Short,GIFT-Eval,short,moirai2,regime_switching,1.909881376,20,0.134159986,5,6,False
GIFT-Short,GIFT-Eval,short,toto2.0,regime_switching,1.573636385,20,0.144387832,6,1,False
GIFT-Short,GIFT-Eval,short,Chronos-2,time_varying_seasonality,1.525698859,19,0.5294781747,1,3,False
GIFT-Short,GIFT-Eval,short,toto2.0,time_varying_seasonality,1.571973902,19,0.5711975157,2,4,False
GIFT-Short,GIFT-Eval,short,tirex2,time_varying_seasonality,1.483676896,19,0.5802932687,3,2,False
GIFT-Short,GIFT-Eval,short,Timer-3.5,time_varying_seasonality,1.738315667,19,0.6743320698,4,5,False
GIFT-Short,GIFT-Eval,short,timesfm2.5,time_varying_seasonality,1.462328602,19,0.6794172013,5,1,False
GIFT-Short,GIFT-Eval,short,moirai2,time_varying_seasonality,1.853184103,19,0.7404839685,6,6,False
GIFT-Short,GIFT-Eval,short,Chronos-2,trend,2.132120238,18,0.08208250936,1,5,False
GIFT-Short,GIFT-Eval,short,moirai2,trend,2.151877287,18,0.2149589024,2,6,False
GIFT-Short,GIFT-Eval,short,timesfm2.5,trend,1.898061419,18,0.2155851914,3,3,False
GIFT-Short,GIFT-Eval,short,Timer-3.5,trend,1.966418156,18,0.2430601202,4,4,False
GIFT-Short,GIFT-Eval,short,toto2.0,trend,1.87640201,18,0.2431896043,5,2,False
GIFT-Short,GIFT-Eval,short,tirex2,trend,1.843011864,18,0.2562364899,6,1,False
