metric,model_id,capability_id,capability_level,n,mean,std,cv,median,min,max,range,desired_direction_rate,direction_agreement,direction_unanimous
input_ablation_mase_degradation,Chronos-2,common_factor,1,10,0.019910935548136936,0.009238296043852588,0.46398101292216853,0.02048312774499856,0.003989083123017271,0.03263324700003489,0.028644163877017622,1.0,1.0,True
input_ablation_mase_degradation,Chronos-2,common_factor,2,10,0.021367745626184702,0.007840279652534744,0.366921236788172,0.022806159587779387,0.009491167553846071,0.03341222745706465,0.02392105990321858,1.0,1.0,True
input_ablation_mase_degradation,Chronos-2,common_factor,3,10,0.02801333459521656,0.010921588778728104,0.38987107163575696,0.027414512195892284,0.013415280726273135,0.051099431925773285,0.03768415119950015,1.0,1.0,True
input_ablation_mase_degradation,Chronos-2,common_factor,4,10,0.031073966305229773,0.014150099093756795,0.45536829623759106,0.027517199497100138,0.011425331357808759,0.05687243624686121,0.04544710488905245,1.0,1.0,True
input_ablation_mase_degradation,Chronos-2,common_factor,5,10,0.02881928412947245,0.010928758293338805,0.37921685508358466,0.025391030991329416,0.013905965659082607,0.04537205359239007,0.03146608793330746,1.0,1.0,True
input_ablation_mase_degradation,Chronos-2,covariate_impulse_response,1,10,0.0010520998462790758,0.001304895925802657,1.2402776508499986,0.0010394293055298598,-0.0012320230786491283,0.002653866422573818,0.003885889501222946,0.8,0.8,False
input_ablation_mase_degradation,Chronos-2,covariate_impulse_response,2,10,0.0003498387815161545,0.0012229889033106654,3.4958642892888974,0.00022670673417999498,-0.001692584465692956,0.001928106479997871,0.003620690945690827,0.5,0.5,False
input_ablation_mase_degradation,Chronos-2,covariate_impulse_response,3,10,8.480221208595628e-05,0.0014692171200037076,17.325221640615883,-0.0003142960153256595,-0.0015081905077156989,0.0030637074761301515,0.00457189798384585,0.4,0.6,False
input_ablation_mase_degradation,Chronos-2,covariate_impulse_response,4,10,0.0014746290242539186,0.0020703761942940458,1.4039979955918354,0.001626536517579693,-0.002713892507049133,0.004899091353548038,0.00761298386059717,0.8,0.8,False
input_ablation_mase_degradation,Chronos-2,covariate_impulse_response,5,10,0.00121670631634406,0.0018824092515703841,1.5471352669776695,0.001656314688725023,-0.001656145167461756,0.0031953732778458046,0.004851518445307561,0.7,0.7,False
input_ablation_mase_degradation,Chronos-2,cross_series_dependence,1,10,0.0030017422623671544,0.003103431317781126,1.033876677784381,0.0027992809615851686,-0.0028950439674126824,0.008124924284618994,0.011019968252031677,0.9,0.9,False
input_ablation_mase_degradation,Chronos-2,cross_series_dependence,2,10,0.004071752322224424,0.002396020510553021,0.5884494735780147,0.0043321494031566075,-0.0005831759901533565,0.007497903318947735,0.008081079309101092,0.9,0.9,False
input_ablation_mase_degradation,Chronos-2,cross_series_dependence,3,10,0.0035203664954407904,0.0027717917014805785,0.7873588460378521,0.0032532345391152523,-0.00019419547650050917,0.007854304608333525,0.008048500084834034,0.9,0.9,False
input_ablation_mase_degradation,Chronos-2,cross_series_dependence,4,10,0.00022917298252854678,0.00329419507832784,14.374273275941245,-0.0002068240619143117,-0.0048387187908189465,0.005600130236837942,0.010438849027656887,0.5,0.5,False
input_ablation_mase_degradation,Chronos-2,cross_series_dependence,5,10,-0.0008016019485124822,0.003291532701588357,4.106193488796269,-0.0020385889102204286,-0.004999581329914475,0.005332009586222585,0.01033159091613706,0.3,0.7,False
input_ablation_mase_degradation,Timer-3.5,common_factor,1,10,-0.00034641138179212605,0.0007889746163105299,2.277565512509564,-9.741073399487484e-05,-0.001762650451884262,0.0003957052985891747,0.0021583557504734367,0.4,0.6,False
input_ablation_mase_degradation,Timer-3.5,common_factor,2,10,0.00011957841977533378,0.00039548312241600205,3.307311830671816,0.0001333214775524288,-0.0004897316167411698,0.0006106832038028284,0.0011004148205439983,0.5,0.5,False
input_ablation_mase_degradation,Timer-3.5,common_factor,3,10,7.509118723708807e-05,0.001326230740590646,17.661603037428222,5.487021402100021e-05,-0.0021220893869355263,0.0021660342887560914,0.004288123675691618,0.5,0.5,False
input_ablation_mase_degradation,Timer-3.5,common_factor,4,10,-4.611026066586213e-05,0.0004813024039291226,10.4380759722197,-7.959181326426879e-05,-0.0007294631514766687,0.0008610494378132921,0.0015905125892899609,0.3,0.7,False
input_ablation_mase_degradation,Timer-3.5,common_factor,5,10,0.00012379221506829389,0.0005932142786512771,4.792016027211498,7.955531166561953e-05,-0.0007521859464423578,0.0012825806689014516,0.0020347666153438092,0.5,0.5,False
input_ablation_mase_degradation,Timer-3.5,covariate_impulse_response,1,10,0.0009793057258845048,0.0019466860281448816,1.987822573371194,0.00030705894209110806,-0.001132936160264979,0.005613001172352809,0.006745937332617788,0.7,0.7,False
input_ablation_mase_degradation,Timer-3.5,covariate_impulse_response,2,10,-0.0011301952845882252,0.004341487222804479,3.8413602339406805,-0.0008958361383163248,-0.011172972684668934,0.00499660398045851,0.016169576665127444,0.5,0.5,False
input_ablation_mase_degradation,Timer-3.5,covariate_impulse_response,3,10,0.002208835503725858,0.004455274945671195,2.0170243271425368,0.0012341856472318424,-0.004681353890733164,0.01049335368051013,0.015174707571243295,0.6,0.6,False
input_ablation_mase_degradation,Timer-3.5,covariate_impulse_response,4,10,-0.0006608564279471318,0.004713400326231928,7.132260695221683,0.0009303754479715305,-0.008556001167860814,0.005244912118706781,0.013800913286567596,0.6,0.6,False
input_ablation_mase_degradation,Timer-3.5,covariate_impulse_response,5,10,0.0010693039478409249,0.004139254055533461,3.8709798686250037,0.0013059462946211505,-0.004316322294488166,0.009916572028490276,0.014232894322978442,0.6,0.6,False
input_ablation_mase_degradation,Timer-3.5,cross_series_dependence,1,10,0.00017314253361694402,0.00044346170875279986,2.561252278622091,0.00018285806636222538,-0.00036997616907227836,0.0009413009317680754,0.0013112771008403539,0.6,0.6,False
input_ablation_mase_degradation,Timer-3.5,cross_series_dependence,2,10,-0.0005090798097304735,0.000716521906725464,1.4074844317727282,-0.0005178328394140005,-0.0018353399577752817,0.00039300075102007763,0.0022283407087953593,0.3,0.7,False
input_ablation_mase_degradation,Timer-3.5,cross_series_dependence,3,10,4.677091439466282e-05,0.0011800063702659524,25.229491138633943,0.0001314358988057388,-0.00248362111342755,0.0018387042486606026,0.004322325362088153,0.5,0.5,False
input_ablation_mase_degradation,Timer-3.5,cross_series_dependence,4,10,0.0003690812401141869,0.0007943090432419495,2.152125215023676,0.00017358701590978592,-0.00035948676580243276,0.0022678513528658632,0.002627338118668296,0.6,0.6,False
input_ablation_mase_degradation,Timer-3.5,cross_series_dependence,5,10,0.0002607561320571325,0.0010688507634332624,4.099043635142869,0.00011297695429973351,-0.001557514762061958,0.0027200624272423757,0.004277577189304334,0.7,0.7,False
input_ablation_mase_degradation,Timer-4.0,common_factor,1,10,-0.004710796785366589,0.006767316999991511,1.4365546442192552,-0.00531578884962045,-0.016468526597503662,0.004546014179916093,0.021014540777419755,0.3,0.7,False
input_ablation_mase_degradation,Timer-4.0,common_factor,2,10,-0.0058817161047226224,0.006118800376659447,1.0403086901366188,-0.004861010980121112,-0.01890714403781854,0.0022764828412989643,0.021183626879117505,0.1,0.9,False
input_ablation_mase_degradation,Timer-4.0,common_factor,3,10,-0.004364392153427888,0.006340481203583551,1.4527753191480741,-0.004957196468684308,-0.016261740611963726,0.004263677700694335,0.020525418312658063,0.3,0.7,False
input_ablation_mase_degradation,Timer-4.0,common_factor,4,10,-0.005858786470869142,0.006822553265128197,1.164499388918006,-0.00512370818419329,-0.018487658518889657,0.0033917751371042235,0.02187943365599388,0.2,0.8,False
input_ablation_mase_degradation,Timer-4.0,common_factor,5,10,0.00023468964543927473,0.006591281198479253,28.08509589821136,0.0005798957673327776,-0.01139899987810305,0.010510568092825648,0.021909567970928696,0.6,0.6,False
input_ablation_mase_degradation,Timer-4.0,covariate_impulse_response,1,10,0.002019408342476156,0.0042806853134793234,2.119772026013539,0.0025769387315538643,-0.005159277646224907,0.01001016146609193,0.015169439112316838,0.8,0.8,False
input_ablation_mase_degradation,Timer-4.0,covariate_impulse_response,2,10,2.728291066506209e-06,0.004821191450124416,1767.1103751764763,0.0004211313425796725,-0.010822101892784042,0.005432281896944072,0.016254383789728113,0.5,0.5,False
input_ablation_mase_degradation,Timer-4.0,covariate_impulse_response,3,10,-0.00029584403957080027,0.004977952338756163,16.826272200643267,0.0016091461040541005,-0.009377001055264575,0.005293793194924058,0.014670794250188635,0.6,0.6,False
input_ablation_mase_degradation,Timer-4.0,covariate_impulse_response,4,10,-0.00180649652978194,0.008858610113479676,4.903751525362182,-0.0022240789433064234,-0.01682452170593671,0.008095030602973457,0.024919552308910166,0.4,0.6,False
input_ablation_mase_degradation,Timer-4.0,covariate_impulse_response,5,10,0.0006061358217394584,0.005327127643485935,8.788669886228483,0.0004112294808852233,-0.0056107047213723,0.009634217486571638,0.015244922207943937,0.5,0.5,False
input_ablation_mase_degradation,Timer-4.0,cross_series_dependence,1,10,-0.008732656551362218,0.010877212791082677,1.2455789056980522,-0.008773163975696037,-0.02700955790037031,0.006953197311709186,0.0339627552120795,0.3,0.7,False
input_ablation_mase_degradation,Timer-4.0,cross_series_dependence,2,10,0.00042330578390056166,0.00970931388708007,22.936879807342475,0.0016066688457859436,-0.02202045301167166,0.014390293864279095,0.03641074687595075,0.6,0.6,False
input_ablation_mase_degradation,Timer-4.0,cross_series_dependence,3,10,0.016735704959841648,0.013624438735238326,0.814094104068577,0.01982216460879646,-0.011106333287231965,0.03117227697896038,0.04227861026619235,0.9,0.9,False
input_ablation_mase_degradation,Timer-4.0,cross_series_dependence,4,10,0.02923455671192169,0.01665583960870565,0.5697312181892429,0.03345517445811616,0.0013355158241421046,0.05382645371136438,0.052490937887222276,1.0,1.0,True
input_ablation_mase_degradation,Timer-4.0,cross_series_dependence,5,10,0.048155627038411364,0.012097251378743176,0.25121158466265625,0.04572454075606851,0.0294136288057861,0.06868418792824285,0.03927055912245675,1.0,1.0,True
input_ablation_mase_degradation,moirai2,common_factor,1,10,0.0,0.0,,0.0,0.0,0.0,0.0,0.0,1.0,True
input_ablation_mase_degradation,moirai2,common_factor,2,10,0.0,0.0,,0.0,0.0,0.0,0.0,0.0,1.0,True
input_ablation_mase_degradation,moirai2,common_factor,3,10,0.0,0.0,,0.0,0.0,0.0,0.0,0.0,1.0,True
input_ablation_mase_degradation,moirai2,common_factor,4,10,0.0,0.0,,0.0,0.0,0.0,0.0,0.0,1.0,True
input_ablation_mase_degradation,moirai2,common_factor,5,10,0.0,0.0,,0.0,0.0,0.0,0.0,0.0,1.0,True
input_ablation_mase_degradation,moirai2,covariate_impulse_response,1,10,-1.0599829862610753e-11,1.0229793486620044e-10,9.650903476011484,-3.5633703703790648e-12,-1.4326815490134986e-10,1.3562275345978413e-10,2.78890908361134e-10,0.4,0.6,False
input_ablation_mase_degradation,moirai2,covariate_impulse_response,2,10,-5.589110825080882e-11,1.0302480093189549e-10,1.843312901751319,-6.084611806684354e-11,-2.173057102471275e-10,1.3554023483821866e-10,3.528459450853462e-10,0.4,0.6,False
input_ablation_mase_degradation,moirai2,covariate_impulse_response,3,10,-3.4813737193907273e-10,3.4648001329804275e-09,9.952393544197834,8.778680130148663e-10,-6.662360891048325e-09,3.4569043942550607e-09,1.0119265285303386e-08,0.7,0.7,False
input_ablation_mase_degradation,moirai2,covariate_impulse_response,4,10,-1.233411553315817e-10,5.63067134851275e-09,45.65119674269022,8.504193750029185e-10,-9.109475914995536e-09,6.533053028642598e-09,1.5642528943638132e-08,0.6,0.6,False
input_ablation_mase_degradation,moirai2,covariate_impulse_response,5,10,2.278611279406434e-09,5.377801490695771e-08,23.60122386516343,1.2094871476239811e-08,-8.84994504681216e-08,8.681995000881138e-08,1.7531940047693297e-07,0.7,0.7,False
input_ablation_mase_degradation,moirai2,cross_series_dependence,1,10,0.0,0.0,,0.0,0.0,0.0,0.0,0.0,1.0,True
input_ablation_mase_degradation,moirai2,cross_series_dependence,2,10,0.0,0.0,,0.0,0.0,0.0,0.0,0.0,1.0,True
input_ablation_mase_degradation,moirai2,cross_series_dependence,3,10,0.0,0.0,,0.0,0.0,0.0,0.0,0.0,1.0,True
input_ablation_mase_degradation,moirai2,cross_series_dependence,4,10,0.0,0.0,,0.0,0.0,0.0,0.0,0.0,1.0,True
input_ablation_mase_degradation,moirai2,cross_series_dependence,5,10,0.0,0.0,,0.0,0.0,0.0,0.0,0.0,1.0,True
input_ablation_mase_degradation,timesfm2.5,common_factor,1,10,0.0,0.0,,0.0,0.0,0.0,0.0,0.0,1.0,True
input_ablation_mase_degradation,timesfm2.5,common_factor,2,10,0.0,0.0,,0.0,0.0,0.0,0.0,0.0,1.0,True
input_ablation_mase_degradation,timesfm2.5,common_factor,3,10,0.0,0.0,,0.0,0.0,0.0,0.0,0.0,1.0,True
input_ablation_mase_degradation,timesfm2.5,common_factor,4,10,0.0,0.0,,0.0,0.0,0.0,0.0,0.0,1.0,True
input_ablation_mase_degradation,timesfm2.5,common_factor,5,10,0.0,0.0,,0.0,0.0,0.0,0.0,0.0,1.0,True
input_ablation_mase_degradation,timesfm2.5,covariate_impulse_response,1,10,2.5561384372039604e-08,7.173353634701425e-08,2.8063243877150956,3.099541478768795e-08,-1.5624960262006126e-07,1.2168314846572547e-07,2.7793275108578673e-07,0.9,0.9,False
input_ablation_mase_degradation,timesfm2.5,covariate_impulse_response,2,10,2.1569973168441642e-08,2.0549198734878596e-07,9.52676138000185,-4.076955072198818e-08,-2.195872142001075e-07,4.37386567869485e-07,6.569737820695925e-07,0.4,0.6,False
input_ablation_mase_degradation,timesfm2.5,covariate_impulse_response,3,10,1.335392864139735e-07,1.86127585686319e-07,1.3938039560082798,1.4601604674604612e-07,-1.40064920697809e-07,4.4412870218305695e-07,5.84193622880866e-07,0.7,0.7,False
input_ablation_mase_degradation,timesfm2.5,covariate_impulse_response,4,10,4.599918978876665e-08,3.9473378908154383e-07,8.58132047312583,1.274085653839923e-07,-8.355329637512143e-07,5.141913972147145e-07,1.3497243609659287e-06,0.6,0.6,False
input_ablation_mase_degradation,timesfm2.5,covariate_impulse_response,5,10,8.541805190156971e-08,2.3839802381362135e-07,2.7909559923976723,-2.1001770903415015e-08,-1.9705519762217155e-07,4.3123292080009455e-07,6.282881184222661e-07,0.5,0.5,False
input_ablation_mase_degradation,timesfm2.5,cross_series_dependence,1,10,-1.0631186906788726e-09,8.077743937301356e-09,7.598158143699999,3.0464319678169435e-09,-1.3428257448724601e-08,1.0378573402513997e-08,2.38068308512386e-08,0.6,0.6,False
input_ablation_mase_degradation,timesfm2.5,cross_series_dependence,2,10,-6.145166183004593e-09,1.151477218062292e-07,18.737934561426187,-3.4236383194634095e-09,-2.042422864354757e-07,1.8418416341043692e-07,3.884264498459126e-07,0.5,0.5,False
input_ablation_mase_degradation,timesfm2.5,cross_series_dependence,3,10,-3.072880047903976e-08,8.260552673760379e-08,2.6882118875401386,-4.872504154379449e-08,-1.053741062580272e-07,1.692932823080029e-07,2.746673885660301e-07,0.3,0.7,False
input_ablation_mase_degradation,timesfm2.5,cross_series_dependence,4,10,1.905435571467508e-08,1.1995646393420794e-07,6.295487799769643,-3.0894268705329885e-09,-1.2495009695085668e-07,2.0804061105463468e-07,3.3299070800549136e-07,0.5,0.5,False
input_ablation_mase_degradation,timesfm2.5,cross_series_dependence,5,10,-6.571801809473229e-08,9.01635256077585e-08,1.3719757263188932,-7.33702066460306e-08,-1.8014943241162195e-07,1.3516518717651107e-07,3.1531461958813305e-07,0.1,0.9,False
input_ablation_mase_degradation,tirex2,common_factor,1,10,-0.0021415616520881657,0.0019970932803679794,0.9325406431426712,-0.0015892748053095047,-0.006025981506839754,5.783434358432862e-05,0.006083815850424083,0.1,0.9,False
input_ablation_mase_degradation,tirex2,common_factor,2,10,-0.0032693201435552593,0.002688476201268822,0.8223349452541555,-0.0029627989886326085,-0.007883754720111033,0.0011237717360104366,0.009007526456121469,0.1,0.9,False
input_ablation_mase_degradation,tirex2,common_factor,3,10,-0.0028028343677688064,0.002562046877240026,0.9140914306968274,-0.0028358478376585327,-0.006335481142321302,0.0024346294808349866,0.008770110623156288,0.1,0.9,False
input_ablation_mase_degradation,tirex2,common_factor,4,10,-0.001044202388132544,0.0021657533940764285,2.074074354445474,-0.0014424531491977672,-0.003137656195018121,0.004333299481988258,0.007470955677006379,0.2,0.8,False
input_ablation_mase_degradation,tirex2,common_factor,5,10,0.0011173650936725653,0.0026937107551166964,2.410770454859105,0.0006649661638775005,-0.002563135549694194,0.005428178375477871,0.007991313925172064,0.7,0.7,False
input_ablation_mase_degradation,tirex2,covariate_impulse_response,1,10,-6.573286675354325e-05,0.0011885341526972082,18.08127670976927,0.00031394566744316296,-0.003010322618276578,0.001209400916133887,0.004219723534410465,0.6,0.6,False
input_ablation_mase_degradation,tirex2,covariate_impulse_response,2,10,0.0007179093262495955,0.00033643059725169805,0.46862547253597214,0.0006279116565774968,0.0002548011959109295,0.0012165146560806945,0.000961713460169765,1.0,1.0,True
input_ablation_mase_degradation,tirex2,covariate_impulse_response,3,10,0.0008875471628151937,0.0014214301370026525,1.6015263149442625,0.0009309441827722952,-0.0010800480273718599,0.00382303916642062,0.00490308719379248,0.7,0.7,False
input_ablation_mase_degradation,tirex2,covariate_impulse_response,4,10,-0.0006473356165560135,0.001985474767758895,3.067148967211344,-0.00026235847714703296,-0.0040061598561579835,0.0017288996770311136,0.005735059533189097,0.4,0.6,False
input_ablation_mase_degradation,tirex2,covariate_impulse_response,5,10,-0.0003892391814959537,0.002094971819321005,5.382222342749385,-0.0006685544842554808,-0.0033301915681266062,0.002460163417040169,0.005790354985166776,0.5,0.5,False
input_ablation_mase_degradation,tirex2,cross_series_dependence,1,10,0.0015479564825766254,0.0014734648248346483,0.9518774212450836,0.0014503776431122359,-0.00047498397368188263,0.003848420166559243,0.0043234041402411254,0.8,0.8,False
input_ablation_mase_degradation,tirex2,cross_series_dependence,2,10,0.0005876818904995921,0.0010583717008764038,1.8009261778964727,0.00044060876420057635,-0.0009679314007382486,0.002119241466076025,0.0030871728668142736,0.8,0.8,False
input_ablation_mase_degradation,tirex2,cross_series_dependence,3,10,0.0017300461488084754,0.0018237939504706358,1.0541880352305786,0.0016072694319428785,-0.0006075947720797956,0.005112273824878754,0.00571986859695855,0.8,0.8,False
input_ablation_mase_degradation,tirex2,cross_series_dependence,4,10,0.0030487046171871228,0.001513754263430634,0.49652375467823917,0.003277387001273366,0.000476536286670379,0.0052765529897896585,0.00480001670311928,1.0,1.0,True
input_ablation_mase_degradation,tirex2,cross_series_dependence,5,10,0.00367147008506518,0.0013897999543392356,0.37854045440617073,0.004031622037749663,0.0017153990787970607,0.005686606256746523,0.003971207177949462,1.0,1.0,True
input_ablation_mase_degradation,toto2.0,common_factor,1,10,0.01145226372015011,0.008287556105758178,0.7236609554472911,0.01173564833067531,-0.0010643634906268567,0.03055105888660879,0.03161542237723564,0.9,0.9,False
input_ablation_mase_degradation,toto2.0,common_factor,2,10,0.01349222958444693,0.01139748041402342,0.8447440315692362,0.010950593424686381,6.354723388351082e-05,0.04177061734128651,0.041707070107402995,1.0,1.0,True
input_ablation_mase_degradation,toto2.0,common_factor,3,10,0.012436644721459684,0.009759617570049233,0.7847468339437899,0.012354678292161199,0.001689186864000573,0.03700172341935945,0.035312536555358875,1.0,1.0,True
input_ablation_mase_degradation,toto2.0,common_factor,4,10,0.014611121700638857,0.009749018119537961,0.6672326957013639,0.014263174798948168,0.0015893940160023549,0.03806259139399876,0.036473197377996404,1.0,1.0,True
input_ablation_mase_degradation,toto2.0,common_factor,5,10,0.014315235170345806,0.009290229928989289,0.6489750128753818,0.013313716367514043,0.0010844234552076838,0.037027873875246406,0.03594345042003872,1.0,1.0,True
input_ablation_mase_degradation,toto2.0,covariate_impulse_response,1,10,-2.3305814272377666e-08,3.088532087753489e-08,1.3252195575136179,-1.3738282523761325e-08,-7.40259796850616e-08,1.821425368264708e-08,9.224023336770867e-08,0.3,0.7,False
input_ablation_mase_degradation,toto2.0,covariate_impulse_response,2,10,9.878830591657706e-06,1.762722817969171e-05,1.7843436038448954,1.3001040352470974e-05,-1.8375054125800477e-05,4.3457479025310636e-05,6.183253315111111e-05,0.8,0.8,False
input_ablation_mase_degradation,toto2.0,covariate_impulse_response,3,10,-2.55586301455515e-06,2.020542117780848e-05,7.905518043315499,-4.832162788954425e-07,-4.101976380601943e-05,3.0346817536170645e-05,7.136658134219008e-05,0.5,0.5,False
input_ablation_mase_degradation,toto2.0,covariate_impulse_response,4,10,-2.010868582261938e-06,1.5274235739508124e-05,7.5958398645458995,-6.305020495027713e-07,-2.7967576043308104e-05,1.6002705548834695e-05,4.39702815921428e-05,0.4,0.6,False
input_ablation_mase_degradation,toto2.0,covariate_impulse_response,5,10,5.091485848701039e-06,4.106318514813879e-05,8.065069091494184,-3.6877732793803104e-06,-6.256162311730447e-05,6.226235584862554e-05,0.00012482397896593,0.5,0.5,False
input_ablation_mase_degradation,toto2.0,cross_series_dependence,1,10,0.05423952578445129,0.011289096678019316,0.20813413308372863,0.05424123898228239,0.031100038148432787,0.06988035142431154,0.03878031327587875,1.0,1.0,True
input_ablation_mase_degradation,toto2.0,cross_series_dependence,2,10,0.040454390438516764,0.016700020631072586,0.41281108057859744,0.03718540942623948,0.012554417470405529,0.06632772049068493,0.0537733030202794,1.0,1.0,True
input_ablation_mase_degradation,toto2.0,cross_series_dependence,3,10,0.03257769186610271,0.012520319116788135,0.3843218595180957,0.030769640964772697,0.009996601158566947,0.05115213732610284,0.041155536167535894,1.0,1.0,True
input_ablation_mase_degradation,toto2.0,cross_series_dependence,4,10,0.016573737396957382,0.01182437493352415,0.7134404661011993,0.017440208736168743,-0.0001747052069606546,0.037862333782562485,0.03803703898952314,0.9,0.9,False
input_ablation_mase_degradation,toto2.0,cross_series_dependence,5,10,-0.00891353966989737,0.015456401261664506,1.7340362901916013,-0.006822672956807838,-0.02926893409177253,0.01547181038178177,0.0447407444735543,0.3,0.7,False
