metric,model_id,capability_id,capability_level,n,mean,std,cv,median,min,max,range,desired_direction_rate,direction_agreement,direction_unanimous,mean_approximate_within_seed_task_se,seed_sd_to_task_se_ratio
capability_effect_nrmse,Chronos-2,common_factor,1,10,0.3020982770247573,0.038362496836561906,0.12698681109464938,0.29276893093321316,0.26065363489927057,0.39296784870627344,0.13231421380700287,1.0,1.0,True,0.07860576730003603,0.48803666899062664
capability_effect_nrmse,Chronos-2,common_factor,2,10,0.2823405494230718,0.03044767197608932,0.10784023774943201,0.2749248143717171,0.24254734833914354,0.343131952741519,0.10058460440237543,1.0,1.0,True,0.07650815799577468,0.39796634468406433
capability_effect_nrmse,Chronos-2,common_factor,3,10,0.24650027554983517,0.0295682273366953,0.11995210662844662,0.24151916376776925,0.20175338353735217,0.29406369090079143,0.09231030736343926,1.0,1.0,True,0.06644351069630564,0.4450130197340602
capability_effect_nrmse,Chronos-2,common_factor,4,10,0.20427069380418916,0.024754341062205292,0.1211840063848534,0.19351093644998557,0.16830923603021458,0.24326667409462066,0.07495743806440608,1.0,1.0,True,0.049863364251485465,0.49644345971838116
capability_effect_nrmse,Chronos-2,common_factor,5,10,0.1619301495137993,0.019378204396075682,0.11967014452996795,0.15853478150426756,0.1297067864963575,0.1873274530476025,0.05762066655124501,1.0,1.0,True,0.03529917392698416,0.5489704783505479
capability_effect_nrmse,Chronos-2,covariate_impulse_response,1,10,0.6867117413160093,0.13711526278529204,0.19966931470040888,0.704084516254172,0.45994048770006873,0.9383849653953771,0.47844447769530835,1.0,1.0,True,0.22897455079761478,0.5988231543971234
capability_effect_nrmse,Chronos-2,covariate_impulse_response,2,10,0.6611891949795116,0.15349311956118755,0.23214704766302766,0.6440375271766123,0.48937780411841575,0.9874414132414607,0.498063609123045,1.0,1.0,True,0.2478900472381918,0.6191983957052523
capability_effect_nrmse,Chronos-2,covariate_impulse_response,3,10,0.6598552462577697,0.14648701413165552,0.22199871102400992,0.6597534544944941,0.44438937957031427,0.961545820267268,0.5171564406969538,1.0,1.0,True,0.28479998238254584,0.5143505027851191
capability_effect_nrmse,Chronos-2,covariate_impulse_response,4,10,0.6341337278469287,0.12652024553755772,0.19951666341282828,0.6140879863141553,0.3859455684065615,0.8240023078424524,0.4380567394358909,1.0,1.0,True,0.30095742069452913,0.4203925101616796
capability_effect_nrmse,Chronos-2,covariate_impulse_response,5,10,0.5472372064010291,0.10118486502697066,0.18490128931916933,0.5356695701177461,0.3207378418256437,0.6633146085456947,0.342576766720051,1.0,1.0,True,0.2552778170503882,0.3963715539254952
capability_effect_nrmse,Chronos-2,cross_series_dependence,1,10,0.8857476751294536,0.04624401310827262,0.05220901438043738,0.879845009818359,0.8123773333283971,0.96332739675073,0.15095006342233286,1.0,1.0,True,0.12061444771751853,0.38340359702659366
capability_effect_nrmse,Chronos-2,cross_series_dependence,2,10,0.9064469185728236,0.031214471833315466,0.03443607253082378,0.8987512356655029,0.8647379462931689,0.9550077199418856,0.09026977364871669,1.0,1.0,True,0.12828709738522526,0.24331731303876564
capability_effect_nrmse,Chronos-2,cross_series_dependence,3,10,0.9347653112505293,0.05999363546298706,0.0641804255473789,0.9112540961776071,0.8705764554518456,1.040336235801548,0.1697597803497024,0.7,0.7,False,0.1455439900788362,0.4122027672217215
capability_effect_nrmse,Chronos-2,cross_series_dependence,4,10,0.9400639089629801,0.057985340882375676,0.06168233917877083,0.9234351398171734,0.8785363416677725,1.0388324890273444,0.16029614735957187,0.8,0.8,False,0.14853170312731154,0.39039033190560324
capability_effect_nrmse,Chronos-2,cross_series_dependence,5,10,0.9481377442843062,0.05564574428295482,0.05868951491321395,0.9228236084495126,0.8824856884247575,1.0470068790526859,0.16452119062792836,0.8,0.8,False,0.15384981074968213,0.361688740543802
capability_effect_nrmse,Chronos-2,multi_seasonal,1,10,0.9091865785109521,0.10433704890328455,0.11475867700793133,0.9297688239791784,0.7163765370200043,1.0565610913536634,0.34018455433365913,0.8,0.8,False,0.2988252513503052,0.3491574036391352
capability_effect_nrmse,Chronos-2,multi_seasonal,2,10,0.8292060239527999,0.10175365838531564,0.12271215529797896,0.8248430093304113,0.6767955568031239,0.9826599952866071,0.3058644384834832,1.0,1.0,True,0.18710614610547077,0.543828519283154
capability_effect_nrmse,Chronos-2,multi_seasonal,3,10,0.8491321829110806,0.07524766001919862,0.08861713350826841,0.8533951582374604,0.7181461142007881,0.9772814393757159,0.25913532517492777,1.0,1.0,True,0.16880700241419525,0.4457614846721011
capability_effect_nrmse,Chronos-2,multi_seasonal,4,10,0.8666321751524315,0.059626688710028464,0.0688027636402269,0.8713543331314759,0.7766630919719382,0.9518171082323731,0.17515401626043492,1.0,1.0,True,0.14772042256515577,0.40364553305910444
capability_effect_nrmse,Chronos-2,multi_seasonal,5,10,0.8892169433956798,0.05920709252703731,0.06658340573329764,0.8915227824124379,0.8052845633395416,0.989430486356013,0.18414592301647148,1.0,1.0,True,0.13220000715527694,0.4478599797464079
capability_effect_nrmse,Chronos-2,predictable_intermittency,1,10,0.7368326890873831,0.07275050813846393,0.09873409420606777,0.7129899075071569,0.6536574042942718,0.8710845693181145,0.21742716502384274,1.0,1.0,True,0.1453887404386218,0.5003861228798301
capability_effect_nrmse,Chronos-2,predictable_intermittency,2,10,0.9967328610359278,0.12851441506648134,0.12893566580408847,0.9994194591605711,0.8374824079887426,1.2489907320627178,0.4115083240739752,0.5,0.5,False,0.1636520481227803,0.785290600030029
capability_effect_nrmse,Chronos-2,predictable_intermittency,3,10,0.9669485162996547,0.09263865363680274,0.09580515619519733,0.9296593379711282,0.8718836628260949,1.1788839975276546,0.30700033470155974,0.8,0.8,False,0.07458500412392587,1.2420546827734975
capability_effect_nrmse,Chronos-2,predictable_intermittency,4,10,1.0083956283963578,0.06339156634313227,0.06286378536164748,0.99524597180291,0.8937778771764142,1.112409643543558,0.21863176636714376,0.5,0.5,False,0.05486361023639149,1.1554392077006284
capability_effect_nrmse,Chronos-2,predictable_intermittency,5,10,1.1179627433843016,0.022851647401850965,0.020440437337539856,1.119545624029612,1.0861603820612264,1.1648004092019053,0.07864002714067886,0.0,1.0,True,0.04088673129885305,0.5589013030858742
capability_effect_nrmse,Chronos-2,regime_switching,1,10,0.06462381742374682,0.012095140377150575,0.18716227018656542,0.06349858055890337,0.04958358320846097,0.08712710863974486,0.03754352543128389,1.0,1.0,True,0.03426804333770654,0.35295684255896204
capability_effect_nrmse,Chronos-2,regime_switching,2,10,0.10199867900486585,0.027527245919982398,0.2698784551775343,0.09610057074564445,0.06876351984943535,0.14338432492032605,0.0746208050708907,1.0,1.0,True,0.05368230394309007,0.5127806352939827
capability_effect_nrmse,Chronos-2,regime_switching,3,10,0.09677343831740236,0.012431651497961478,0.12846140133191844,0.09826023976430576,0.08000635590273328,0.1140350386642229,0.034028682761489626,1.0,1.0,True,0.04506648430002216,0.2758513713916523
capability_effect_nrmse,Chronos-2,regime_switching,4,10,0.12193474290082115,0.013730494859996945,0.11260527174904535,0.12582512238455373,0.09762619348405324,0.13981650700345,0.042190313519396755,1.0,1.0,True,0.05482753899286419,0.2504306250511074
capability_effect_nrmse,Chronos-2,regime_switching,5,10,0.13330105410721876,0.012547896331310083,0.09413201129840552,0.13178848864128426,0.11444101527488668,0.15853951003256003,0.04409849475767336,1.0,1.0,True,0.051647522140124136,0.24295253308119155
capability_effect_nrmse,Chronos-2,time_varying_seasonality,1,10,0.6108845347612369,0.027374067892149842,0.0448105432933393,0.6096673764550722,0.574977723150069,0.648343014185071,0.073365291035002,1.0,1.0,True,0.15549610505259387,0.17604343133155032
capability_effect_nrmse,Chronos-2,time_varying_seasonality,2,10,0.47882769643403933,0.01830478389143445,0.038228331459844896,0.47612343814619673,0.4537062145585138,0.5031038206473369,0.049397606088823154,1.0,1.0,True,0.10113211864455134,0.18099871867383893
capability_effect_nrmse,Chronos-2,time_varying_seasonality,3,10,0.3819687563457807,0.0173474385916429,0.04541585745808742,0.3765834663988796,0.36160080193580685,0.40854478732612287,0.04694398539031602,1.0,1.0,True,0.07345757156616803,0.23615589546159896
capability_effect_nrmse,Chronos-2,time_varying_seasonality,4,10,0.3083810003212358,0.014598248327127371,0.047338351947495465,0.3041454062138731,0.290598740277246,0.33099022597267064,0.04039148569542461,1.0,1.0,True,0.05551556649611691,0.26295774768232727
capability_effect_nrmse,Chronos-2,time_varying_seasonality,5,10,0.25765582565909007,0.011747964640188376,0.045595571573578,0.257807291194447,0.2446230013793152,0.27586803925334324,0.031245037874028048,1.0,1.0,True,0.045863609289167176,0.2561500244369822
capability_effect_nrmse,Chronos-2,trend,1,10,0.10109451028322443,0.009897649595651684,0.09790491657680145,0.09640481622772343,0.09328690378442761,0.12306426162917587,0.029777357844748262,1.0,1.0,True,0.03723899608427897,0.26578722942077737
capability_effect_nrmse,Chronos-2,trend,2,10,0.09183252900942365,0.010266385925205145,0.11179465529204397,0.08666019323598667,0.08013751056441352,0.10957518241250444,0.029437671848090916,1.0,1.0,True,0.035121549955327326,0.29231016109093766
capability_effect_nrmse,Chronos-2,trend,3,10,0.08646703493358066,0.01319192064675008,0.15256589585711372,0.0793543779284028,0.07001814625169207,0.1092817017401887,0.039263555488496624,1.0,1.0,True,0.03423159094992686,0.3853727004989894
capability_effect_nrmse,Chronos-2,trend,4,10,0.08412804445240511,0.012169492008121164,0.14465440255188594,0.07944077721677166,0.06616777208972024,0.1035173197839161,0.03734954769419585,1.0,1.0,True,0.03499422121975414,0.3477571891570349
capability_effect_nrmse,Chronos-2,trend,5,10,0.08365973840006607,0.012055314092219499,0.1440993520033524,0.07893829714659076,0.06556687433902027,0.1074798795321269,0.04191300519310663,1.0,1.0,True,0.0358579183311301,0.336196707820422
capability_effect_nrmse,Timer-3.5,common_factor,1,10,0.4339500610764643,0.03378424093865901,0.07785283139459231,0.43270720292155057,0.39045323182627817,0.4853862228684925,0.09493299104221431,1.0,1.0,True,0.07874573693660478,0.4290294592818076
capability_effect_nrmse,Timer-3.5,common_factor,2,10,0.3820409032059432,0.02937749788897119,0.07689621096182714,0.39332680191083325,0.3370432418944196,0.4175487952174102,0.08050555332299059,1.0,1.0,True,0.0740723361021979,0.396605526906009
capability_effect_nrmse,Timer-3.5,common_factor,3,10,0.3358977033438015,0.03182060014857854,0.09473300898401557,0.34635487463178116,0.2886752438331738,0.3709051321341716,0.08222988830099781,1.0,1.0,True,0.07097749522614213,0.44831957012845547
capability_effect_nrmse,Timer-3.5,common_factor,4,10,0.28940173788435924,0.034037702132826274,0.11761402119301456,0.2939293575656595,0.24436007344006153,0.3402260318552386,0.09586595841517706,1.0,1.0,True,0.0641208200938602,0.530836974371223
capability_effect_nrmse,Timer-3.5,common_factor,5,10,0.24731027339982048,0.02603258292165642,0.10526284478109883,0.2533150268579326,0.20890357432192608,0.2771866055659785,0.06828303124405244,1.0,1.0,True,0.053710118327262045,0.48468675423570734
capability_effect_nrmse,Timer-3.5,covariate_impulse_response,1,10,0.7661546171370303,0.0632715145636996,0.08258321903760478,0.7641214248133342,0.6755593990575353,0.8869045797051128,0.21134518064757757,1.0,1.0,True,0.20876824524806598,0.30307058666186565
capability_effect_nrmse,Timer-3.5,covariate_impulse_response,2,10,0.6018924028851768,0.0553395246445375,0.09194255381737164,0.608577753530303,0.5114761761909503,0.6774350434020944,0.16595886721114406,1.0,1.0,True,0.1373370477591239,0.4029468053048421
capability_effect_nrmse,Timer-3.5,covariate_impulse_response,3,10,0.4790240353283467,0.04488541969240855,0.09370181114532566,0.4804805814202356,0.40102234430898426,0.540628775393983,0.13960643108499876,1.0,1.0,True,0.09400117347215138,0.4774985038426805
capability_effect_nrmse,Timer-3.5,covariate_impulse_response,4,10,0.3741907043951255,0.034973753395956306,0.0934650513365663,0.3760168823829366,0.3163399851284879,0.4300175577567397,0.11367757262825184,1.0,1.0,True,0.0680110163656181,0.5142365937886019
capability_effect_nrmse,Timer-3.5,covariate_impulse_response,5,10,0.29309601550945247,0.032288979304557694,0.11016519364288786,0.30046140459078907,0.2374317359945418,0.33688407743875054,0.09945234144420875,1.0,1.0,True,0.053456126555070094,0.6040276650290746
capability_effect_nrmse,Timer-3.5,cross_series_dependence,1,10,1.004814858105307,0.06527813877621949,0.06496533988292019,1.0203672540037743,0.9020618386169017,1.1189791796254103,0.21691734100850857,0.4,0.6,False,0.11834664250087272,0.5515842054897173
capability_effect_nrmse,Timer-3.5,cross_series_dependence,2,10,0.9766911557573555,0.03378615847623071,0.0345924689468821,0.9737214843944357,0.9311184186802971,1.0320626276518974,0.10094420897160028,0.7,0.7,False,0.12748361405435638,0.26502353833352255
capability_effect_nrmse,Timer-3.5,cross_series_dependence,3,10,0.9759210511776066,0.06900179878815657,0.07070428361484235,0.9454171346785119,0.906199623145311,1.0865069079333856,0.18030728478807456,0.7,0.7,False,0.1536798446799211,0.44899706224893093
capability_effect_nrmse,Timer-3.5,cross_series_dependence,4,10,0.9776456794490176,0.07367276804254222,0.07535732995215892,0.9388406427364782,0.9053029540243311,1.098127809577933,0.19282485555360185,0.7,0.7,False,0.1693210790303922,0.435106889611295
capability_effect_nrmse,Timer-3.5,cross_series_dependence,5,10,0.9780385992722094,0.0671239764288595,0.0686312140224411,0.9497639835576228,0.9140155450416283,1.0897174462867703,0.17570190124514196,0.7,0.7,False,0.1700267239149305,0.39478486018729414
capability_effect_nrmse,Timer-3.5,multi_seasonal,1,10,0.7013086353531056,0.018019355740210224,0.025693902558518424,0.6973162914442226,0.6817070682069785,0.7479398822416199,0.06623281403464143,1.0,1.0,True,0.08407252064524695,0.2143310989359393
capability_effect_nrmse,Timer-3.5,multi_seasonal,2,10,0.799728182485443,0.01871056136038878,0.023396151055023445,0.792906854132902,0.7752121436273325,0.8373797005698063,0.06216755694247378,1.0,1.0,True,0.08657905505149681,0.21610955847531282
capability_effect_nrmse,Timer-3.5,multi_seasonal,3,10,0.8626608889186104,0.01943582263794013,0.022530084402347172,0.8570704151686941,0.8368236285755399,0.9014527642361354,0.06462913566059547,1.0,1.0,True,0.08211705186829243,0.23668436939398715
capability_effect_nrmse,Timer-3.5,multi_seasonal,4,10,0.9133274012539241,0.01952990792502283,0.021383249750538368,0.9088873280031269,0.8829865700111202,0.9417740062136184,0.058787436202498156,1.0,1.0,True,0.07771879326851149,0.25128938707976
capability_effect_nrmse,Timer-3.5,multi_seasonal,5,10,0.9451399520254575,0.015595109897236475,0.016500318142107718,0.9437430539824525,0.9277283884899903,0.972745166664194,0.04501677817420369,1.0,1.0,True,0.0767831431953429,0.20310590643002432
capability_effect_nrmse,Timer-3.5,predictable_intermittency,1,10,0.5967191112404802,0.049313796978461624,0.08264155789471266,0.5954502653138836,0.5066312219461828,0.6658622361748422,0.15923101422865937,1.0,1.0,True,0.034238116855564514,1.4403186129218128
capability_effect_nrmse,Timer-3.5,predictable_intermittency,2,10,0.8574192324479428,0.024995399503265344,0.02915189974442626,0.858020992530276,0.8177861649815081,0.8983253103958196,0.08053914541431151,1.0,1.0,True,0.04121403468282477,0.6064778587106333
capability_effect_nrmse,Timer-3.5,predictable_intermittency,3,10,0.9863989456548845,0.0406398954984768,0.04120026250787949,0.9770381635278382,0.9452708142175881,1.0867094552148384,0.14143864099725034,0.8,0.8,False,0.05538751994679554,0.7337374111986762
capability_effect_nrmse,Timer-3.5,predictable_intermittency,4,10,1.050518561180595,0.0461709534102548,0.04395063078025667,1.043393448904724,1.0019138536633811,1.1585555289077045,0.15664167524432338,0.0,1.0,True,0.06479278796005994,0.7125940226359121
capability_effect_nrmse,Timer-3.5,predictable_intermittency,5,10,1.144863423149856,0.055270403789633334,0.048276853528579154,1.137432142490168,1.0622897163632365,1.2757224628161654,0.21343274645292887,0.0,1.0,True,0.08245223487304046,0.6703323915323632
capability_effect_nrmse,Timer-3.5,regime_switching,1,10,0.06979917308447198,0.004304689559510643,0.06167250082319808,0.07073901993513539,0.06331114924467085,0.07692238560541283,0.013611236360741977,1.0,1.0,True,0.022030002096644664,0.19540123240234641
capability_effect_nrmse,Timer-3.5,regime_switching,2,10,0.09343474142151978,0.004552488985601358,0.04872372862962549,0.09232133243713408,0.08677677682103653,0.1015663240795989,0.014789547258562366,1.0,1.0,True,0.022287709844393946,0.20426006159383175
capability_effect_nrmse,Timer-3.5,regime_switching,3,10,0.11395905113096635,0.005980929360874259,0.05248314461657576,0.11454020397943213,0.10416812560986984,0.12359932289169306,0.01943119728182323,1.0,1.0,True,0.02389195228732035,0.2503323834297286
capability_effect_nrmse,Timer-3.5,regime_switching,4,10,0.1382955945146369,0.009721939390506333,0.07029825805099947,0.14016443644141535,0.1236099114336729,0.1559585894321709,0.032348677998497985,1.0,1.0,True,0.03176508650344177,0.3060573875488409
capability_effect_nrmse,Timer-3.5,regime_switching,5,10,0.17840974738343146,0.008467338632919232,0.04746006738477999,0.17802094014985773,0.16413686952599565,0.19401356460721889,0.02987669508122323,1.0,1.0,True,0.0434210597587711,0.19500534256787275
capability_effect_nrmse,Timer-3.5,time_varying_seasonality,1,10,0.7125424693968807,0.022507102428970124,0.031587032907695836,0.7098671867514759,0.6835687375848327,0.7481250455641554,0.06455630797932266,1.0,1.0,True,0.14902719121030117,0.151026817630945
capability_effect_nrmse,Timer-3.5,time_varying_seasonality,2,10,0.5874962452088568,0.02223740882010516,0.03785115054173613,0.5808348143443038,0.5592938753691835,0.6308590866818815,0.071565211312698,1.0,1.0,True,0.11551596968363853,0.192505061256953
capability_effect_nrmse,Timer-3.5,time_varying_seasonality,3,10,0.5086029752540175,0.022226715949091404,0.04370150594968591,0.49794808860999057,0.4896113303527858,0.5483910382678275,0.05877970791504172,1.0,1.0,True,0.0982813566332593,0.22615393916499602
capability_effect_nrmse,Timer-3.5,time_varying_seasonality,4,10,0.43345418454411166,0.020569192239513614,0.04745413234653023,0.42559448563131635,0.4137197858289005,0.4685102224155162,0.0547904365866157,1.0,1.0,True,0.08073519980373571,0.2547735348338341
capability_effect_nrmse,Timer-3.5,time_varying_seasonality,5,10,0.3727953724477425,0.013152455929189689,0.0352806308802381,0.37196473139909725,0.3543405776611124,0.3926814075220272,0.038340829860914805,1.0,1.0,True,0.0646195919781101,0.203536660114553
capability_effect_nrmse,Timer-3.5,trend,1,10,0.43556575294500216,0.022820163114298613,0.05239200501876937,0.43865860148197944,0.40040175897417835,0.46837804468481076,0.06797628571063241,1.0,1.0,True,0.20401934598598084,0.1118529372987339
capability_effect_nrmse,Timer-3.5,trend,2,10,0.32710049474481223,0.027401206657679523,0.08376999453656161,0.3295987804047533,0.2633745401133751,0.3545967509716249,0.09122221085824983,1.0,1.0,True,0.14366901400247895,0.19072454034665212
capability_effect_nrmse,Timer-3.5,trend,3,10,0.29335832030885,0.024456191909814868,0.08336628013163967,0.30531672907302276,0.23987093029147846,0.3142472726924181,0.07437634240093963,1.0,1.0,True,0.12978505349761776,0.1884361199594048
capability_effect_nrmse,Timer-3.5,trend,4,10,0.27041794396329805,0.01552608479226224,0.05741514251868392,0.2763306948343406,0.24150648844253628,0.2843291520136722,0.04282266357113593,1.0,1.0,True,0.12111468430863911,0.12819324824970676
capability_effect_nrmse,Timer-3.5,trend,5,10,0.21781574015214877,0.008127541024588146,0.03731383700237132,0.21587555739596365,0.20534077469062248,0.23283956030499633,0.027498785614373855,1.0,1.0,True,0.09478540929339505,0.08574675242927393
capability_effect_nrmse,Timer-4.0,common_factor,1,10,0.39274736096552104,0.022091034047841598,0.0562474410866403,0.3883236170838161,0.36407851804057034,0.43974853594066615,0.07567001790009581,1.0,1.0,True,0.08509569102053069,0.2596022640266448
capability_effect_nrmse,Timer-4.0,common_factor,2,10,0.37298847437404564,0.019686315465695388,0.05277995653547534,0.3737327449444362,0.3416082129639489,0.40996151539124276,0.06835330242729387,1.0,1.0,True,0.09490651169006999,0.2074285011125865
capability_effect_nrmse,Timer-4.0,common_factor,3,10,0.3328220157773289,0.018029381620238965,0.05417124098034829,0.33688749545086655,0.3088389880583714,0.3574586753789902,0.048619687320618776,1.0,1.0,True,0.09288992668307902,0.19409404511375533
capability_effect_nrmse,Timer-4.0,common_factor,4,10,0.2960825949511337,0.02189407743896845,0.07394584420803901,0.2907755787721433,0.2570150263928384,0.3299154252886972,0.07290039889585881,1.0,1.0,True,0.0887151613929829,0.2467907074190388
capability_effect_nrmse,Timer-4.0,common_factor,5,10,0.25688148403732625,0.01609813154489508,0.06266754338181858,0.2563598800670611,0.23428545805908085,0.2854667177557461,0.05118125969666526,1.0,1.0,True,0.07957409644926633,0.20230366743980166
capability_effect_nrmse,Timer-4.0,covariate_impulse_response,1,10,1.3749498126699964,0.224033387366608,0.16293931989529173,1.3779102151561458,0.9152885813927892,1.747647943400585,0.8323593620077957,0.1,0.9,False,0.671724243405935,0.33351987748821005
capability_effect_nrmse,Timer-4.0,covariate_impulse_response,2,10,0.9312310980833244,0.16847472331455773,0.1809161266857553,0.9077925239862559,0.6456286020308856,1.1937102911161757,0.5480816890852901,0.7,0.7,False,0.41197389765522424,0.4089451401495153
capability_effect_nrmse,Timer-4.0,covariate_impulse_response,3,10,0.6611656755601332,0.1445433837147822,0.21861900739527418,0.6075819837970728,0.5210230889039393,0.9164032121329297,0.3953801232289904,1.0,1.0,True,0.2654928569882124,0.5444341718059849
capability_effect_nrmse,Timer-4.0,covariate_impulse_response,4,10,0.47022495360947447,0.11157804602435047,0.2372865267312396,0.445742082164335,0.3752545958727524,0.7128002496371106,0.33754565376435824,1.0,1.0,True,0.16946179042195594,0.6584259835006092
capability_effect_nrmse,Timer-4.0,covariate_impulse_response,5,10,0.36423429119102213,0.08570687327139923,0.23530698603677155,0.33761680300195984,0.27726797498916594,0.5367236335208627,0.2594556585316968,1.0,1.0,True,0.12660484462580032,0.6769636148183649
capability_effect_nrmse,Timer-4.0,cross_series_dependence,1,10,0.9370796098672576,0.05225943320863697,0.055768402874585864,0.9421823469663417,0.8618855932496219,1.0253028771743495,0.16341728392472765,0.9,0.9,False,0.12057756199798489,0.4334092707025403
capability_effect_nrmse,Timer-4.0,cross_series_dependence,2,10,0.9619971726844774,0.03456788877201065,0.035933461920213426,0.9724651942347294,0.8983198123072946,1.0087590340390524,0.1104392217317578,0.8,0.8,False,0.12586689878621188,0.274638440331521
capability_effect_nrmse,Timer-4.0,cross_series_dependence,3,10,0.9912356322010778,0.07366700315072376,0.0743183565618432,0.9753038790629251,0.8743353070605661,1.1236822258536394,0.24934691879307336,0.7,0.7,False,0.1488798682478794,0.49480835802508205
capability_effect_nrmse,Timer-4.0,cross_series_dependence,4,10,0.9895832608658092,0.06249498695261417,0.06315283354523991,0.9815263499440346,0.8891224610152111,1.0995067650133261,0.21038430399811503,0.7,0.7,False,0.1496949937632739,0.41748214406851236
capability_effect_nrmse,Timer-4.0,cross_series_dependence,5,10,0.9923063737256774,0.057931935136847273,0.05838109748236136,0.9849245243213185,0.9005756552743692,1.0900570280732222,0.18948137279885302,0.6,0.6,False,0.15303424581878775,0.37855536730939393
capability_effect_nrmse,Timer-4.0,multi_seasonal,1,10,0.8182096072310054,0.07286433606405261,0.08905338610070952,0.8141871691991966,0.6944705958070799,0.9142706238513092,0.21980002804422927,1.0,1.0,True,0.21963329008933993,0.3317545169696893
capability_effect_nrmse,Timer-4.0,multi_seasonal,2,10,0.9109019305994389,0.06529483936847809,0.07168152484374404,0.9232300239239037,0.789573039545125,1.0009356571170307,0.21136261757190566,0.9,0.9,False,0.21845098467003013,0.2988992678019092
capability_effect_nrmse,Timer-4.0,multi_seasonal,3,10,0.9883087952016132,0.07972229290678638,0.08066536824710052,1.0032509532362108,0.8802751847283456,1.1389812669348127,0.25870608220646707,0.5,0.5,False,0.22861400114713365,0.34872008060205345
capability_effect_nrmse,Timer-4.0,multi_seasonal,4,10,1.0339203729022102,0.0669719993470671,0.06477481351786983,1.0465868135693448,0.9128268957926426,1.1264804134238853,0.21365351763124263,0.4,0.6,False,0.23115523482448141,0.28972737475713944
capability_effect_nrmse,Timer-4.0,multi_seasonal,5,10,1.0853059789112616,0.08114023213216595,0.07476254043450752,1.0709250857979622,0.9569348157707811,1.2509586237287522,0.2940238079579711,0.1,0.9,False,0.2310331224810695,0.35120605764575796
capability_effect_nrmse,Timer-4.0,predictable_intermittency,1,10,0.6204495191432092,0.0569371350710849,0.0917675545138797,0.626225043632342,0.5024974267558349,0.7076659058675694,0.20516847911173453,1.0,1.0,True,0.04963553428543914,1.1471043052273082
capability_effect_nrmse,Timer-4.0,predictable_intermittency,2,10,0.8841772572294733,0.04434839298061248,0.050157807858094004,0.8894257776071709,0.8086888164087622,0.9405690567925664,0.1318802403838042,1.0,1.0,True,0.06945699294051456,0.6385014827606202
capability_effect_nrmse,Timer-4.0,predictable_intermittency,3,10,1.051164148523293,0.10595219287357682,0.10079509753297965,1.0179763803439992,0.9666469288659357,1.324710366930042,0.35806343806410623,0.2,0.8,False,0.08993932640567533,1.1780407649004925
capability_effect_nrmse,Timer-4.0,predictable_intermittency,4,10,1.1336654539260198,0.10162707617192866,0.08964467940694662,1.0975251078795445,1.0297099906048444,1.3269005556818816,0.2971905650770372,0.0,1.0,True,0.11225595416789338,0.9053156861499938
capability_effect_nrmse,Timer-4.0,predictable_intermittency,5,10,1.271825519506659,0.1493714802871174,0.11744651919318191,1.2054611873157866,1.1370283026046066,1.5486447714485814,0.41161646884397474,0.0,1.0,True,0.13325617897290876,1.1209347396752605
capability_effect_nrmse,Timer-4.0,regime_switching,1,10,0.1254209284479489,0.03170991731669402,0.2528279586915512,0.11806142911496392,0.08953611259972206,0.1778708803580675,0.08833476775834544,1.0,1.0,True,0.0633476665063184,0.500569619459167
capability_effect_nrmse,Timer-4.0,regime_switching,2,10,0.12926287820917204,0.033574781059305996,0.2597403177498151,0.12237640836055975,0.09484650163523113,0.1915357813966962,0.09668927976146506,1.0,1.0,True,0.06337172903156524,0.5298069276693163
capability_effect_nrmse,Timer-4.0,regime_switching,3,10,0.14288360745312387,0.031036443038891397,0.21721486174733928,0.13658768100978927,0.1053251418429985,0.19764660068278359,0.09232145883978508,1.0,1.0,True,0.05733032070056967,0.5413617551695119
capability_effect_nrmse,Timer-4.0,regime_switching,4,10,0.13563709308275565,0.03419219693903832,0.25208588714133523,0.1257523684617253,0.10090871775980652,0.2064659538779392,0.10555723611813268,1.0,1.0,True,0.045599372493676744,0.7498391988569524
capability_effect_nrmse,Timer-4.0,regime_switching,5,10,0.15939022291472899,0.028483089183309877,0.1787003535251208,0.14551366417951875,0.13231608555183677,0.21955227811610598,0.0872361925642692,1.0,1.0,True,0.043498733221212255,0.6548027281268052
capability_effect_nrmse,Timer-4.0,time_varying_seasonality,1,10,0.6808331072254467,0.03275621413276063,0.04811195840086247,0.6720482917549637,0.6251330647019051,0.7366169803335463,0.11148391563164117,1.0,1.0,True,0.13137898088621866,0.24932613962905747
capability_effect_nrmse,Timer-4.0,time_varying_seasonality,2,10,0.5891256817327373,0.030589344260484198,0.05192329108877884,0.5926181416084563,0.5436898445706252,0.6272667254356248,0.08357688086499959,1.0,1.0,True,0.11578444450937024,0.26419217529699035
capability_effect_nrmse,Timer-4.0,time_varying_seasonality,3,10,0.505106293383107,0.029735541191638157,0.05886986874084481,0.50326849852718,0.46628369120402,0.5567149569474782,0.09043126574345817,1.0,1.0,True,0.09433339492017204,0.31521754535391555
capability_effect_nrmse,Timer-4.0,time_varying_seasonality,4,10,0.42394019395440646,0.025489312885688443,0.06012478469647005,0.4194928230475933,0.39181694717674354,0.47289269648170024,0.0810757493049567,1.0,1.0,True,0.0777580274334091,0.32780297709477185
capability_effect_nrmse,Timer-4.0,time_varying_seasonality,5,10,0.34828915041238345,0.01942728155653541,0.055779175244284815,0.3464408620847233,0.32379927995433455,0.3840177080087309,0.06021842805439637,1.0,1.0,True,0.06004789191281571,0.3235297849380312
capability_effect_nrmse,Timer-4.0,trend,1,10,0.641850807224005,0.062132552111943705,0.09680217180167779,0.658248237648362,0.5445398196430524,0.7360300425501276,0.19149022290707518,1.0,1.0,True,0.3376251475553973,0.18402821164779806
capability_effect_nrmse,Timer-4.0,trend,2,10,0.5380317293848746,0.030444815151425046,0.05658553852619853,0.5376714833715781,0.48280591009937374,0.5893201309612148,0.10651422086184109,1.0,1.0,True,0.2881399372789185,0.10565982431638613
capability_effect_nrmse,Timer-4.0,trend,3,10,0.41606545365980685,0.021031386531345012,0.050548264332806604,0.41874949215868834,0.3774401697460281,0.4492265626159666,0.07178639286993849,1.0,1.0,True,0.2162188737968797,0.09726896714438682
capability_effect_nrmse,Timer-4.0,trend,4,10,0.3184481576353763,0.015964417817030827,0.05013192079858132,0.3205567206215318,0.28814869620682915,0.34101544567779185,0.052866749470962704,1.0,1.0,True,0.16727203534452859,0.09543984913048419
capability_effect_nrmse,Timer-4.0,trend,5,10,0.24846075397283132,0.014033907385923026,0.05648339692093829,0.2513070511628339,0.22267909985101392,0.2702268616108561,0.047547761759842155,1.0,1.0,True,0.1315905666611928,0.10664827838348194
capability_effect_nrmse,moirai2,common_factor,1,10,0.44661730711989833,0.02152915923101869,0.0482049371750813,0.44846788366421897,0.40681532806308307,0.4746970071296813,0.06788167906659826,1.0,1.0,True,0.13806075691596195,0.15593974502199465
capability_effect_nrmse,moirai2,common_factor,2,10,0.41769788970980953,0.020476959972799413,0.049023374255075906,0.4192454360344218,0.3874737424997764,0.4507261313540544,0.06325238885427803,1.0,1.0,True,0.13407012125455348,0.15273320991424066
capability_effect_nrmse,moirai2,common_factor,3,10,0.3628602113908922,0.020723509858249663,0.057111552073493124,0.3649608394439929,0.32654088905193934,0.38470761584587204,0.0581667267939327,1.0,1.0,True,0.11803230583255946,0.17557489631396356
capability_effect_nrmse,moirai2,common_factor,4,10,0.3101190950954675,0.01655343893401375,0.05337768359254987,0.3061456182355522,0.28062260375510933,0.33576388064179397,0.05514127688668463,1.0,1.0,True,0.103828156090368,0.1594311173127863
capability_effect_nrmse,moirai2,common_factor,5,10,0.2642380671794062,0.009042759992821005,0.03422201838420716,0.26361484679101543,0.247176220643932,0.2812400526071749,0.03406383196324289,1.0,1.0,True,0.08112908184258255,0.11146138705682597
capability_effect_nrmse,moirai2,covariate_impulse_response,1,10,0.8498062846011548,0.06208441255021001,0.07305713510856006,0.8439427343786159,0.7746602501929208,0.9723034993395382,0.19764324914661735,1.0,1.0,True,0.23579429814632094,0.26329904089404166
capability_effect_nrmse,moirai2,covariate_impulse_response,2,10,0.731384285040271,0.036878998214993464,0.05042355840741486,0.7208671014054573,0.6918025427772839,0.7957661557645204,0.10396361298723644,1.0,1.0,True,0.1676201198846785,0.22001534326765762
capability_effect_nrmse,moirai2,covariate_impulse_response,3,10,0.6395037479141041,0.030865722572569115,0.048265115995402876,0.6318023167777655,0.6023196546566162,0.6962736633165706,0.0939540086599544,1.0,1.0,True,0.11409208449371462,0.2705334266573902
capability_effect_nrmse,moirai2,covariate_impulse_response,4,10,0.5732351475951727,0.02576262656648594,0.04494251037216562,0.56742537833704,0.5381218611244689,0.6131798765751154,0.0750580154506465,1.0,1.0,True,0.08168497755114944,0.31539001832196034
capability_effect_nrmse,moirai2,covariate_impulse_response,5,10,0.5179898882090324,0.02041344196431728,0.039408958415959525,0.5188015342188292,0.4899992447437555,0.55237252160267,0.06237327685891453,1.0,1.0,True,0.05707856542767266,0.3576376142491573
capability_effect_nrmse,moirai2,cross_series_dependence,1,10,0.9179344291418154,0.02815792132744625,0.03067530798879755,0.9206219586793101,0.8638276225718307,0.9643810325885698,0.10055341001673912,1.0,1.0,True,0.11817942341494551,0.23826416235404707
capability_effect_nrmse,moirai2,cross_series_dependence,2,10,0.9366432389443233,0.027583471054786843,0.029449282189743624,0.9402527790694905,0.8994036017087472,0.9847249473539326,0.08532134564518534,1.0,1.0,True,0.12100630127585281,0.22795069978964155
capability_effect_nrmse,moirai2,cross_series_dependence,3,10,0.9758495780939743,0.07114851957492833,0.07290931017656979,0.9478377520192427,0.9123302074070494,1.119986457938378,0.20765625053132863,0.7,0.7,False,0.15037280696953373,0.4731475125641791
capability_effect_nrmse,moirai2,cross_series_dependence,4,10,0.9817981460637135,0.08146779514204709,0.08297815133250441,0.9571732150482758,0.8980341560558817,1.1242811826299048,0.22624702657402318,0.7,0.7,False,0.16497424080108958,0.4938213065655098
capability_effect_nrmse,moirai2,cross_series_dependence,5,10,0.9829581001248652,0.08041851719361799,0.08181276209372752,0.9582250924954689,0.8950429935472615,1.1269647017366706,0.23192170818940916,0.7,0.7,False,0.17157546944354995,0.46870638008119503
capability_effect_nrmse,moirai2,multi_seasonal,1,10,0.9786230760208129,0.046055998598186064,0.047062040255023134,0.9837216097775603,0.9126132894251496,1.0745383484065174,0.16192505898136778,0.8,0.8,False,0.10724445547326637,0.4294487616627117
capability_effect_nrmse,moirai2,multi_seasonal,2,10,1.036135603745895,0.03129734633570786,0.0302058400681918,1.0286967904392839,0.9991301266987982,1.1010687190992094,0.10193859240041125,0.1,0.9,False,0.09050897404605715,0.345792742273066
capability_effect_nrmse,moirai2,multi_seasonal,3,10,1.0786049921699141,0.032612520682470496,0.03023583324685095,1.0835646477641143,1.027876100395899,1.1399912683061135,0.11211516791021459,0.0,1.0,True,0.08452239281450138,0.38584474003290653
capability_effect_nrmse,moirai2,multi_seasonal,4,10,1.0895943614571881,0.025216795411883538,0.02314328735893917,1.087639314824362,1.05679830794092,1.1362025376980207,0.07940422975710071,0.0,1.0,True,0.07918519588400066,0.31845340698309216
capability_effect_nrmse,moirai2,multi_seasonal,5,10,1.1083220366179765,0.021471671326507753,0.01937313399635015,1.10479905744275,1.0727771688578716,1.1387311218652671,0.0659539530073956,0.0,1.0,True,0.07333070506282031,0.29280601227157965
capability_effect_nrmse,moirai2,predictable_intermittency,1,10,0.8275363645729394,0.034476535565615286,0.04166165626257081,0.824245911803638,0.779311819444535,0.8854611051332558,0.10614928568872084,1.0,1.0,True,0.07875948042405584,0.4377445785572371
capability_effect_nrmse,moirai2,predictable_intermittency,2,10,1.109024530665136,0.07119386320195935,0.06419503016697108,1.0938734411680402,1.0340747752502042,1.2865985989788387,0.25252382372863447,0.0,1.0,True,0.11548345499424253,0.6164853935614304
capability_effect_nrmse,moirai2,predictable_intermittency,3,10,1.1332075310078689,0.04003723313921162,0.03533089221848245,1.135245483692961,1.0749909938168982,1.2041528359507114,0.1291618421338132,0.0,1.0,True,0.08256765996941039,0.4849021172944054
capability_effect_nrmse,moirai2,predictable_intermittency,4,10,1.158038183182028,0.038179580713295254,0.03296918984863381,1.1638210751863487,1.0911901971036928,1.205009503078736,0.1138193059750432,0.0,1.0,True,0.08102425330313799,0.4712117564410383
capability_effect_nrmse,moirai2,predictable_intermittency,5,10,1.2010558510940252,0.049156462603839275,0.04092770753255424,1.1968411428866954,1.1305605176915108,1.2857849446509733,0.15522442695946248,0.0,1.0,True,0.08409560611175011,0.5845306892552496
capability_effect_nrmse,moirai2,regime_switching,1,10,0.12172516675851512,0.006395104978695716,0.0525372455753761,0.1216574163386395,0.11365968709221323,0.1320303207290725,0.01837063363685927,1.0,1.0,True,0.046891139639524494,0.13638194822855806
capability_effect_nrmse,moirai2,regime_switching,2,10,0.14731780324935873,0.008007316946452585,0.05435403440613985,0.1469719167700514,0.1338329655393494,0.15970124560894478,0.02586828006959538,1.0,1.0,True,0.0515802679495911,0.15523992535824085
capability_effect_nrmse,moirai2,regime_switching,3,10,0.16827203334183724,0.006383072502037188,0.03793305622610655,0.16580102575630312,0.16074195260650226,0.18014604927744768,0.01940409667094542,1.0,1.0,True,0.051299247433827536,0.12442818991196523
capability_effect_nrmse,moirai2,regime_switching,4,10,0.18188443591149586,0.006542321149553242,0.03596965906822674,0.18195259871072894,0.17028855873545834,0.19450040457523765,0.02421184583977931,1.0,1.0,True,0.051240428899416116,0.12767889125978396
capability_effect_nrmse,moirai2,regime_switching,5,10,0.20674485803711792,0.009634444562510463,0.04660064900274687,0.20901762726238649,0.1859174669328764,0.2198047913212328,0.0338873243883564,1.0,1.0,True,0.050468865878717614,0.19089877283280193
capability_effect_nrmse,moirai2,time_varying_seasonality,1,10,0.700398670713442,0.02374139760172203,0.0338969769567645,0.6976533544137509,0.6633977617628855,0.745148413874664,0.08175065211177857,1.0,1.0,True,0.17185428646260342,0.13814841683851922
capability_effect_nrmse,moirai2,time_varying_seasonality,2,10,0.6033357710480324,0.020788417328252474,0.03445580110746903,0.6001322463025576,0.5684036313015743,0.6489942838717689,0.0805906525701946,1.0,1.0,True,0.14150504207825157,0.14690937526280218
capability_effect_nrmse,moirai2,time_varying_seasonality,3,10,0.51876884476118,0.01830829704571128,0.0352918206839111,0.5168220743819143,0.49109550371474775,0.5542254686715749,0.0631299649568271,1.0,1.0,True,0.11234195416786401,0.16296936599798317
capability_effect_nrmse,moirai2,time_varying_seasonality,4,10,0.46870192748321954,0.01791027101576133,0.03821249703822171,0.4648917643985412,0.441865130173602,0.5002552107154283,0.05839008054182632,1.0,1.0,True,0.10597883946707712,0.16899855769155928
capability_effect_nrmse,moirai2,time_varying_seasonality,5,10,0.436747967308043,0.013956768600787336,0.03195611575896237,0.43630464330477337,0.4121902667331063,0.45716655326070765,0.04497628652760133,1.0,1.0,True,0.10073364514514468,0.13855121176918958
capability_effect_nrmse,moirai2,trend,1,10,0.34756017434376785,0.026123603105445547,0.07516282081158984,0.34493821417244686,0.3012497668241263,0.40193449073952703,0.10068472391540073,1.0,1.0,True,0.1760781364996047,0.14836369594077456
capability_effect_nrmse,moirai2,trend,2,10,0.3046625831390136,0.016971845036842688,0.055707021393889555,0.3067224677880528,0.26561533192002684,0.3238368964931472,0.05822156457312033,1.0,1.0,True,0.14526545055719323,0.11683332114927501
capability_effect_nrmse,moirai2,trend,3,10,0.2645818680315552,0.014082828184167335,0.05322673200904211,0.2649911148425136,0.23571877479481404,0.2837591495975562,0.048040374802742175,1.0,1.0,True,0.118042852442595,0.11930267604314208
capability_effect_nrmse,moirai2,trend,4,10,0.23234578174073994,0.011875093737796117,0.0511095731922811,0.2330978628364217,0.20809861142403513,0.2509280423071353,0.04282943088310015,1.0,1.0,True,0.09739842708502808,0.12192284919990805
capability_effect_nrmse,moirai2,trend,5,10,0.20496407070358677,0.01136029900041947,0.05542580688128708,0.20603171309192825,0.18156556647940705,0.22010302071218496,0.03853745423277791,1.0,1.0,True,0.08109916466095494,0.14007911237942586
capability_effect_nrmse,timesfm2.5,common_factor,1,10,0.44270524922288257,0.030088979190827606,0.06796616765589587,0.4379029848826983,0.408114707241347,0.5074200287715941,0.09930532153024707,1.0,1.0,True,0.14845608484082168,0.20267932582951895
capability_effect_nrmse,timesfm2.5,common_factor,2,10,0.3971624985159858,0.02172488553446195,0.05470024389421934,0.39866733809525023,0.36704994967198057,0.43236949358740007,0.0653195439154195,1.0,1.0,True,0.13256946269767972,0.16387548906345675
capability_effect_nrmse,timesfm2.5,common_factor,3,10,0.33300178271825986,0.01687825036656072,0.050685165192766446,0.3350444592100552,0.30222047175312394,0.3553322533278194,0.05311178157469548,1.0,1.0,True,0.10906719756982683,0.15475093100980203
capability_effect_nrmse,timesfm2.5,common_factor,4,10,0.2746471453295701,0.011075526869429272,0.04032638626605386,0.27857735177363635,0.25674123611568467,0.28630525909078614,0.029564022975101467,1.0,1.0,True,0.08935630331266542,0.12394790808069854
capability_effect_nrmse,timesfm2.5,common_factor,5,10,0.2245758966708406,0.010037632243165982,0.044695946412620015,0.22573138592616165,0.20824464975856719,0.24076576411711334,0.032521114358546155,1.0,1.0,True,0.0716368809851551,0.14011821990471673
capability_effect_nrmse,timesfm2.5,covariate_impulse_response,1,10,0.6378351508531375,0.09033020957536186,0.14161999296297884,0.616729276160765,0.4982766945557648,0.7561268744739938,0.25785017991822906,1.0,1.0,True,0.17916027768668769,0.5041865905863895
capability_effect_nrmse,timesfm2.5,covariate_impulse_response,2,10,0.4818710057554038,0.07270433820003261,0.15087925467949218,0.45965217413051634,0.3828210018819332,0.6052889574243712,0.22246795554243798,1.0,1.0,True,0.11849364516309062,0.6135716231867526
capability_effect_nrmse,timesfm2.5,covariate_impulse_response,3,10,0.3819846258628995,0.057334639147195665,0.1500967192532351,0.3586942951294719,0.3125228205322414,0.4800845377045336,0.16756171717229218,1.0,1.0,True,0.08804907465898013,0.6511668563157138
capability_effect_nrmse,timesfm2.5,covariate_impulse_response,4,10,0.29744330315434137,0.04201760920787254,0.1412625826914983,0.2779752043980422,0.26086117860735597,0.3819945528914739,0.12113337428411791,1.0,1.0,True,0.06909552757255029,0.6081089570342171
capability_effect_nrmse,timesfm2.5,covariate_impulse_response,5,10,0.2328569188953457,0.025025836903870707,0.10747302258653615,0.22113642628089436,0.20289680779409558,0.28384215114547123,0.08094534335137565,1.0,1.0,True,0.052010431222260164,0.4811695714831873
capability_effect_nrmse,timesfm2.5,cross_series_dependence,1,10,1.236978613762335,0.0865332242774948,0.06995531152660714,1.241505114744867,1.0557176270971649,1.3584347719475138,0.30271714485034895,0.0,1.0,True,0.2694931766988965,0.32109616034612254
capability_effect_nrmse,timesfm2.5,cross_series_dependence,2,10,1.1296025980487836,0.0669532759871324,0.059271531512749685,1.1050285618516265,1.05500221243012,1.2276731495681419,0.17267093713802195,0.0,1.0,True,0.17897068881516315,0.3741019070238938
capability_effect_nrmse,timesfm2.5,cross_series_dependence,3,10,1.0567892678524842,0.07163061722522908,0.06778136323317385,1.0460639410491632,0.969412097223544,1.1922322973090762,0.22282020008553216,0.2,0.8,False,0.1602241983951011,0.44706491243347174
capability_effect_nrmse,timesfm2.5,cross_series_dependence,4,10,0.9978326533955666,0.07448468601186006,0.07464647078685288,0.9690668438401933,0.9055920154875885,1.1302945584213213,0.22470254293373282,0.7,0.7,False,0.1661826681955882,0.44820971296594864
capability_effect_nrmse,timesfm2.5,cross_series_dependence,5,10,0.9874226064465231,0.06576779587597763,0.06660551971020676,0.9601174700062006,0.9192007988682586,1.1016163941274526,0.18241559525919404,0.7,0.7,False,0.16050766656083965,0.4097486262505017
capability_effect_nrmse,timesfm2.5,multi_seasonal,1,10,0.6393993083597665,0.036308122900081376,0.05678473909085326,0.6396703997608018,0.5930102166633209,0.7145602791606009,0.12155006249728006,1.0,1.0,True,0.09517171630562324,0.3815011886880946
capability_effect_nrmse,timesfm2.5,multi_seasonal,2,10,0.7591198250008244,0.08431562609586446,0.11107024651315475,0.7301789073848193,0.6765462446026709,0.9108543376242844,0.23430809302161348,1.0,1.0,True,0.1273631465920923,0.662009602871255
capability_effect_nrmse,timesfm2.5,multi_seasonal,3,10,0.8561256970720489,0.11446999889016642,0.1337070003641451,0.8071239194763151,0.7441079084710023,1.0890350397900286,0.3449271313190263,0.9,0.9,False,0.1506516105547969,0.7598325598286914
capability_effect_nrmse,timesfm2.5,multi_seasonal,4,10,0.911568407630002,0.11804509474408342,0.12949669356246157,0.8869357197680137,0.8016094138963993,1.1697163483713435,0.36810693447494425,0.8,0.8,False,0.15768648579578728,0.7486062876495222
capability_effect_nrmse,timesfm2.5,multi_seasonal,5,10,0.9305870330088324,0.09937838048743376,0.1067910651689583,0.9098597011386942,0.8282024323595607,1.1396704036114162,0.31146797125185555,0.8,0.8,False,0.14488743257757247,0.6859006245018991
capability_effect_nrmse,timesfm2.5,predictable_intermittency,1,10,0.5841440882694215,0.05083600925465618,0.08702648931235844,0.5769986833089069,0.49309659169696046,0.661392896846454,0.1682963051494935,1.0,1.0,True,0.03607277696982109,1.4092624279296873
capability_effect_nrmse,timesfm2.5,predictable_intermittency,2,10,0.8067938972478176,0.0320564502159123,0.0397331342307684,0.8117445097552354,0.7355117356064464,0.8445113126436761,0.10899957703722962,1.0,1.0,True,0.029920778169967042,1.0713775568875057
capability_effect_nrmse,timesfm2.5,predictable_intermittency,3,10,0.9396013734440807,0.02534800567879362,0.02697740381740957,0.9399495479022796,0.8799928114014085,0.973763735247633,0.09377092384622454,1.0,1.0,True,0.031042951352777348,0.8165462552427634
capability_effect_nrmse,timesfm2.5,predictable_intermittency,4,10,0.9685403043730231,0.028070308793654047,0.028982076085956113,0.9725677251780409,0.9091834423045461,1.0029323139642499,0.0937488716597038,0.9,0.9,False,0.02769565450244415,1.0135275478388437
capability_effect_nrmse,timesfm2.5,predictable_intermittency,5,10,1.0899826773009733,0.017595504048242075,0.016142920813945638,1.0942809997399223,1.0609619622769242,1.112111930454065,0.05114996817714079,0.0,1.0,True,0.028235535444969078,0.6231687754792405
capability_effect_nrmse,timesfm2.5,regime_switching,1,10,0.07640450680364712,0.007112239364111606,0.09308664713181694,0.07654600660059832,0.06571032011647429,0.08904623050456908,0.023335910388094794,1.0,1.0,True,0.029109722540501443,0.24432522000909082
capability_effect_nrmse,timesfm2.5,regime_switching,2,10,0.08371303746518885,0.004383231765490478,0.052360204553719564,0.0830203857768376,0.07775335709829065,0.09294259978215352,0.015189242683862875,1.0,1.0,True,0.026779054652415524,0.16368134806786772
capability_effect_nrmse,timesfm2.5,regime_switching,3,10,0.08771521753969831,0.006809098948910497,0.07762733924508393,0.08656678763621678,0.07817156064033892,0.1014588249354568,0.023287264295117877,1.0,1.0,True,0.025331553833988517,0.26879910302914045
capability_effect_nrmse,timesfm2.5,regime_switching,4,10,0.09506292186273926,0.011110649247881589,0.11687679097350051,0.08948177024861301,0.08454153561461117,0.11971593951968833,0.03517440390507716,1.0,1.0,True,0.02593156212223389,0.4284604681935164
capability_effect_nrmse,timesfm2.5,regime_switching,5,10,0.14312380557038268,0.01791025511680327,0.12513819797780396,0.14003550878813603,0.11776548755742237,0.1762514091612532,0.05848592160383083,1.0,1.0,True,0.03906239072752618,0.45850381359742043
capability_effect_nrmse,timesfm2.5,time_varying_seasonality,1,10,0.8925998738295318,0.03339204129987087,0.037409865583566126,0.8816100124713284,0.8535960746970902,0.9704112154399911,0.11681514074290089,1.0,1.0,True,0.2880925495731855,0.11590734071166299
capability_effect_nrmse,timesfm2.5,time_varying_seasonality,2,10,0.697076909580842,0.02291936691170815,0.03287925133754574,0.6955170694181242,0.6697683267480157,0.7510685660342115,0.08130023928619579,1.0,1.0,True,0.19814417491333058,0.11567015241166294
capability_effect_nrmse,timesfm2.5,time_varying_seasonality,3,10,0.5473047660555501,0.015090537142877173,0.027572457027252563,0.5455248245994315,0.5314997638118157,0.5820159721336432,0.05051620832182746,1.0,1.0,True,0.14075128138241189,0.1072142078897114
capability_effect_nrmse,timesfm2.5,time_varying_seasonality,4,10,0.42750347703166797,0.011181388101430427,0.026155081074585387,0.42384745083096464,0.4173707354988824,0.453173815465857,0.03580307996697463,1.0,1.0,True,0.09386418735170811,0.11912304806447517
capability_effect_nrmse,timesfm2.5,time_varying_seasonality,5,10,0.3425954035728096,0.007983069313727156,0.02330174085955174,0.3399428336381878,0.33250500089645907,0.35869095430339465,0.02618595340693558,1.0,1.0,True,0.07134887263187914,0.11188781292894975
capability_effect_nrmse,timesfm2.5,trend,1,10,0.5250120841664142,0.07240767494761266,0.13791620637185456,0.555839071947758,0.3850915929266697,0.5967521892956986,0.2116605963690289,1.0,1.0,True,0.28390533414042274,0.2550416150751117
capability_effect_nrmse,timesfm2.5,trend,2,10,0.36416860833477294,0.04875578364263847,0.13388244490809667,0.38306248588112046,0.2694776349810491,0.414134325167562,0.1446566901865129,1.0,1.0,True,0.18977942620495242,0.2569076354461343
capability_effect_nrmse,timesfm2.5,trend,3,10,0.2701896029405159,0.0340186279179114,0.1259065024992869,0.28235974456281965,0.20519894856131576,0.30653776518216325,0.10133881662084748,1.0,1.0,True,0.13452495579777748,0.25287968106861425
capability_effect_nrmse,timesfm2.5,trend,4,10,0.2080512986582142,0.02437967595552352,0.11718108040062923,0.2169879748336292,0.16159867817860557,0.2379402384110684,0.07634156023246283,1.0,1.0,True,0.09951596961030709,0.24498254954447496
capability_effect_nrmse,timesfm2.5,trend,5,10,0.16799350671046304,0.01997640442964935,0.1189117652272043,0.1757003635842685,0.13111471899130528,0.19738950821721044,0.06627478922590516,1.0,1.0,True,0.07878724970861103,0.253548696058444
capability_effect_nrmse,tirex2,common_factor,1,10,0.34774085756397183,0.017860040433083497,0.05136020126653622,0.3492573260263,0.32083034793277954,0.37206376942079505,0.05123342148801552,1.0,1.0,True,0.06454531766717098,0.2767054385754068
capability_effect_nrmse,tirex2,common_factor,2,10,0.3156497879827783,0.014102606045793109,0.04467801526469753,0.3158707665219247,0.2950258108270311,0.33426741241299895,0.039241601585967845,1.0,1.0,True,0.06669665664500454,0.2114439726844894
capability_effect_nrmse,tirex2,common_factor,3,10,0.26891098973630817,0.015247790189048548,0.056701997207330206,0.27149750111371274,0.2454223680008943,0.28601505509265834,0.04059268709176406,1.0,1.0,True,0.06091566971817841,0.2503098178119236
capability_effect_nrmse,tirex2,common_factor,4,10,0.2314192017197365,0.010997269983983246,0.04752099178572764,0.23505345132225308,0.21246143974471907,0.2437327202314449,0.03127128048672584,1.0,1.0,True,0.05332918678246938,0.2062148449561267
capability_effect_nrmse,tirex2,common_factor,5,10,0.20014263850032332,0.008404122791010285,0.04199066652654681,0.201368111292461,0.18663312859711628,0.21188048682142854,0.02524735822431226,1.0,1.0,True,0.04801163928297868,0.17504344605850097
capability_effect_nrmse,tirex2,covariate_impulse_response,1,10,1.569768283506637,0.08003950239770018,0.05098810011558102,1.5698010120956236,1.4694805237908293,1.6821981952273963,0.21271767143656706,0.0,1.0,True,0.8961717549509183,0.08931268136439292
capability_effect_nrmse,tirex2,covariate_impulse_response,2,10,1.0502890919335215,0.06706773233650236,0.06385644947814753,1.072689805215806,0.9530130632663628,1.1300458864744523,0.17703282320808944,0.4,0.6,False,0.5598883003992395,0.11978770102657686
capability_effect_nrmse,tirex2,covariate_impulse_response,3,10,0.7608421229741582,0.04147568569024464,0.05451286730565698,0.7600439029105801,0.6836126743203731,0.834832348386227,0.1512196740658539,1.0,1.0,True,0.37988184520673124,0.10918048917992809
capability_effect_nrmse,tirex2,covariate_impulse_response,4,10,0.5522181475941408,0.024938522403879216,0.04516063536218313,0.5418955731431327,0.5156956101938498,0.5930644567312171,0.07736884653736731,1.0,1.0,True,0.25654488627079197,0.09720919705862212
capability_effect_nrmse,tirex2,covariate_impulse_response,5,10,0.4161093492081914,0.03013760778167336,0.07242713445160938,0.40701880012266656,0.372087806176377,0.4707451021693461,0.09865729599296913,1.0,1.0,True,0.18220716090154565,0.16540298214710672
capability_effect_nrmse,tirex2,cross_series_dependence,1,10,0.8897266404312509,0.03443489328894801,0.03870277872342611,0.8796241962844794,0.8408417220248655,0.9527227038736288,0.11188098184876327,1.0,1.0,True,0.11067695590975155,0.31112974698208173
capability_effect_nrmse,tirex2,cross_series_dependence,2,10,0.8998657079798951,0.029161190489313434,0.032406158197512906,0.8966951207083113,0.8415732363475737,0.941183389361376,0.09961015301380227,1.0,1.0,True,0.12276905999901744,0.23752882435971098
capability_effect_nrmse,tirex2,cross_series_dependence,3,10,0.9296703931811828,0.061091049662024534,0.06571259030093533,0.9013424315971224,0.8752057643258319,1.0529419570119445,0.17773619268611263,0.8,0.8,False,0.14981064724658086,0.40778843683567906
capability_effect_nrmse,tirex2,cross_series_dependence,4,10,0.9425794501324182,0.0676812685636079,0.0718043116196727,0.9090497184420623,0.8829448937464811,1.0826910604713273,0.19974616672484624,0.7,0.7,False,0.16235910505001727,0.41686155231489863
capability_effect_nrmse,tirex2,cross_series_dependence,5,10,0.9503264203167332,0.06062542688376417,0.06379431907571126,0.9288923824858671,0.8888549887399377,1.0702727026467813,0.18141771390684358,0.8,0.8,False,0.16447519397710703,0.36859921194075324
capability_effect_nrmse,tirex2,multi_seasonal,1,10,0.8184536583846022,0.01335296956042451,0.016314875526098234,0.8236580652562226,0.7935044756352033,0.8306930562040918,0.03718858056888852,1.0,1.0,True,0.29469318029881053,0.045311430508452814
capability_effect_nrmse,tirex2,multi_seasonal,2,10,0.8866751864637911,0.03064835958263671,0.034565486945526795,0.8882930956880875,0.8218755990395838,0.9284251914075157,0.10654959236793182,1.0,1.0,True,0.27652008892048235,0.110835924081632
capability_effect_nrmse,tirex2,multi_seasonal,3,10,0.9473383269042237,0.028011047349232772,0.029568155909799585,0.9468661598711137,0.8944811842083773,0.9830313120900772,0.08855012788169991,1.0,1.0,True,0.27477015928624515,0.10194355683308362
capability_effect_nrmse,tirex2,multi_seasonal,4,10,0.9977812149324155,0.029648009265571974,0.02971393810774457,0.9915114401842933,0.9619016362062384,1.0486890035277168,0.0867873673214784,0.6,0.6,False,0.2735725127709648,0.10837349470995034
capability_effect_nrmse,tirex2,multi_seasonal,5,10,1.0352806755139397,0.03148911390616016,0.03041601630449459,1.033504840911747,0.9970530100995072,1.0906308537939666,0.09357784369445943,0.1,0.9,False,0.27022074727513207,0.11653107403370003
capability_effect_nrmse,tirex2,predictable_intermittency,1,10,0.6875920178981441,0.047770431551748316,0.06947496525305033,0.6855897805583703,0.5842929460121179,0.7413176036642575,0.15702465765213958,1.0,1.0,True,0.1285693190735206,0.3715538971193544
capability_effect_nrmse,tirex2,predictable_intermittency,2,10,0.9820181059621163,0.06751548424549499,0.06875177131214683,0.9884684750369345,0.8775245713347845,1.0845659364291875,0.20704136509440307,0.6,0.6,False,0.17542130746137602,0.38487618877404867
capability_effect_nrmse,tirex2,predictable_intermittency,3,10,1.170653616166838,0.08239350578941367,0.07038248090771813,1.1889266412083823,1.0498683455510656,1.3245693216618264,0.27470097611076083,0.0,1.0,True,0.20891740308050996,0.3943831608784735
capability_effect_nrmse,tirex2,predictable_intermittency,4,10,1.2725270110555913,0.11549983632566212,0.09076415299809806,1.2468760616630594,1.1394769709910144,1.465681910310304,0.3262049393192896,0.0,1.0,True,0.24602156076519463,0.46947038286573706
capability_effect_nrmse,tirex2,predictable_intermittency,5,10,1.4785359604629984,0.12919743605332604,0.08738200456948528,1.484531506892909,1.2513160478366283,1.7059807441554102,0.4546646963187819,0.0,1.0,True,0.3070532606750627,0.4207655563379555
capability_effect_nrmse,tirex2,regime_switching,1,10,0.05438623090601881,0.018021307351681493,0.33135790165019713,0.053882263098675526,0.034262803561809115,0.08820591758650984,0.05394311402470072,1.0,1.0,True,0.031339353607383734,0.575037621306764
capability_effect_nrmse,tirex2,regime_switching,2,10,0.055545703573758265,0.015281197470854812,0.27511034135274115,0.050866448326322096,0.03594470591330396,0.08361530302549015,0.04767059711218619,1.0,1.0,True,0.03166058622096154,0.48265680755897006
capability_effect_nrmse,tirex2,regime_switching,3,10,0.0702525909636986,0.025317699625867694,0.36038100913530763,0.06508384563979758,0.04222945895338412,0.11935553761152422,0.0771260786581401,1.0,1.0,True,0.040586619294659884,0.6237942471153005
capability_effect_nrmse,tirex2,regime_switching,4,10,0.09302284806072739,0.027550424594425128,0.2961683625988273,0.09070294343685088,0.05576068591722363,0.14269795761676882,0.08693727169954518,1.0,1.0,True,0.04661496561176408,0.591021021529453
capability_effect_nrmse,tirex2,regime_switching,5,10,0.15700156156061945,0.015342395187299957,0.0977212903794982,0.15398624726748267,0.13632579541351453,0.18370700009124366,0.04738120467772913,1.0,1.0,True,0.06673398637450842,0.22990377198807005
capability_effect_nrmse,tirex2,time_varying_seasonality,1,10,0.7287896534155694,0.04515546607594547,0.061959532307186836,0.7414468670330197,0.6664042342084683,0.8158452358029469,0.1494410015944786,1.0,1.0,True,0.20733239079888266,0.21779262710449976
capability_effect_nrmse,tirex2,time_varying_seasonality,2,10,0.5250513618004626,0.01995010782535654,0.03799648810917333,0.520101536416091,0.4932421027081758,0.5524781325807004,0.05923602987252463,1.0,1.0,True,0.10945324912334624,0.18227058570800533
capability_effect_nrmse,tirex2,time_varying_seasonality,3,10,0.42278003148268767,0.017676490810800343,0.04181013646460305,0.4225012447767176,0.4001414051640966,0.4483051819007582,0.04816377673666161,1.0,1.0,True,0.076606467595611,0.23074410510755725
capability_effect_nrmse,tirex2,time_varying_seasonality,4,10,0.35362768107129194,0.0147829806086083,0.041803799306163555,0.3480946063510212,0.33608375005156343,0.37686188233272966,0.040778132281166224,1.0,1.0,True,0.06376789274468694,0.23182482550891567
capability_effect_nrmse,tirex2,time_varying_seasonality,5,10,0.30150177297189173,0.013468293836033216,0.044670695310600486,0.2994456240762646,0.28378389716516866,0.32023547173384964,0.03645157456868098,1.0,1.0,True,0.05506532858480832,0.2445875504999513
capability_effect_nrmse,tirex2,trend,1,10,0.3998988203124292,0.1299803881080648,0.3250331871609798,0.38819409008274836,0.252395694551595,0.6793169092318257,0.42692121468023075,1.0,1.0,True,0.2494389758556174,0.5210909308066646
capability_effect_nrmse,tirex2,trend,2,10,0.43582899738023057,0.1171820255771899,0.26887156724672157,0.4027358213264107,0.290741978868189,0.6184454967692662,0.3277035179010772,1.0,1.0,True,0.2760833556247958,0.424444368665394
capability_effect_nrmse,tirex2,trend,3,10,0.4074726770701721,0.06035462140994066,0.148119431820325,0.4156608642413232,0.3041707348054149,0.46975992007975165,0.16558918527433675,1.0,1.0,True,0.26720530524058334,0.22587358943191357
capability_effect_nrmse,tirex2,trend,4,10,0.32726600919899723,0.024643003511063768,0.07529961199263854,0.33526512740353426,0.2625559394201641,0.3459165973846382,0.08336065796447412,1.0,1.0,True,0.210347260749797,0.11715390741587087
capability_effect_nrmse,tirex2,trend,5,10,0.24765094650940092,0.006727150948449538,0.027163841056404656,0.2501432871838998,0.23457034525246084,0.2562283890981613,0.02165804384570047,1.0,1.0,True,0.1550792051170637,0.04337880725769425
capability_effect_nrmse,toto2.0,common_factor,1,10,0.4866086915285999,0.10527957590274063,0.21635366925326063,0.5368800420659956,0.28735467840714135,0.5784357901575116,0.2910811117503702,1.0,1.0,True,0.15624018586507213,0.6738316094532766
capability_effect_nrmse,toto2.0,common_factor,2,10,0.3693525769905834,0.06762624807096543,0.1830940198711259,0.40316867786712063,0.2444322606610219,0.42008962952774864,0.17565736886672675,1.0,1.0,True,0.10485453466275926,0.644953013128806
capability_effect_nrmse,toto2.0,common_factor,3,10,0.2797850118095382,0.04569791573702526,0.16333225086458103,0.3006995966170171,0.19525059226436803,0.3258793100775216,0.13062871781315355,1.0,1.0,True,0.07227814345419935,0.6322508237359854
capability_effect_nrmse,toto2.0,common_factor,4,10,0.21688594298062594,0.024497299347205116,0.11295014794662565,0.22799066985462113,0.1664246183134464,0.24221109088381435,0.07578647257036794,1.0,1.0,True,0.05038398492638261,0.48621202517027534
capability_effect_nrmse,toto2.0,common_factor,5,10,0.1710808208865343,0.013299328547608989,0.07773710973966791,0.1748703492903606,0.14393258055812813,0.19205441668493875,0.04812183612681062,1.0,1.0,True,0.037866145115558796,0.35121949982028766
capability_effect_nrmse,toto2.0,covariate_impulse_response,1,10,1.2128334494641435,0.13910568961166933,0.11469479974610634,1.1551171382970056,1.0754020797339041,1.476543408215525,0.401141328481621,0.0,1.0,True,0.5571329883871636,0.249681301432831
capability_effect_nrmse,toto2.0,covariate_impulse_response,2,10,0.8081954249578978,0.07094448947867268,0.08778135496420124,0.8099469742248914,0.7377720956999777,0.9702950019374578,0.23252290623748006,1.0,1.0,True,0.351587876598164,0.20178309378897158
capability_effect_nrmse,toto2.0,covariate_impulse_response,3,10,0.6002551968889219,0.06175326823648947,0.10287835666655128,0.5885816551316989,0.5108218386361546,0.7037360502432417,0.1929142116070871,1.0,1.0,True,0.2436197563813746,0.2534821853274404
capability_effect_nrmse,toto2.0,covariate_impulse_response,4,10,0.4456820802493489,0.062054968488551916,0.13923595145183668,0.414703380559722,0.38519857775123006,0.554485849513707,0.169287271762477,1.0,1.0,True,0.17198073584185325,0.36082511325928524
capability_effect_nrmse,toto2.0,covariate_impulse_response,5,10,0.3351394241027769,0.04556680197018411,0.13596371746527253,0.3165058535050247,0.2836650501342189,0.41606973018047405,0.13240468004625516,1.0,1.0,True,0.12423223847143532,0.3667872569217311
capability_effect_nrmse,toto2.0,cross_series_dependence,1,10,1.4208598118100477,0.15122759911702818,0.10643386339738739,1.456286312704533,1.174937706611586,1.6075007977873441,0.4325630911757581,0.0,1.0,True,0.4172491530169272,0.362439559250329
capability_effect_nrmse,toto2.0,cross_series_dependence,2,10,1.3807191969722512,0.12087729651071513,0.08754661829558415,1.397818276177073,1.1574721725359243,1.5053673869850515,0.3478952144491272,0.0,1.0,True,0.39223263651276186,0.30817755907668387
capability_effect_nrmse,toto2.0,cross_series_dependence,3,10,1.417914935574347,0.1464470255604632,0.10328336480999314,1.4471335853273601,1.1407944483251575,1.622213886528801,0.4814194382036434,0.0,1.0,True,0.4109908578723186,0.3563267229801971
capability_effect_nrmse,toto2.0,cross_series_dependence,4,10,1.3937430514877824,0.12778873899205656,0.09168744472350596,1.4336682415274349,1.2061627458630553,1.588319536913922,0.38215679105086675,0.0,1.0,True,0.39746378023023327,0.32151040006219983
capability_effect_nrmse,toto2.0,cross_series_dependence,5,10,1.3407478666306674,0.12317666439540494,0.09187160946595496,1.3737535255514604,1.145756076694503,1.5008713235726456,0.35511524687814267,0.0,1.0,True,0.35832750771421334,0.343754419472717
capability_effect_nrmse,toto2.0,multi_seasonal,1,10,0.6608848147178652,0.03131753416782837,0.047387280612882554,0.6559626151744717,0.623035543396957,0.6993605673944643,0.07632502399750729,1.0,1.0,True,0.2017632997278259,0.15521918113985553
capability_effect_nrmse,toto2.0,multi_seasonal,2,10,0.7088788656361417,0.02967561305791878,0.0418627419951195,0.7093440527290956,0.6613479020060518,0.7525564538872882,0.09120855188123644,1.0,1.0,True,0.1927261512016159,0.15397813359990956
capability_effect_nrmse,toto2.0,multi_seasonal,3,10,0.7625625014187161,0.0523100799741833,0.06859776067779698,0.75150490254023,0.688336980162347,0.8548646978781586,0.16652771771581154,1.0,1.0,True,0.20355691625584038,0.2569801161088401
capability_effect_nrmse,toto2.0,multi_seasonal,4,10,0.7730176799218534,0.03218246881612223,0.0416322545421932,0.7680754776869245,0.7259132033152412,0.8192474431227217,0.09333423980748046,1.0,1.0,True,0.19119172888624014,0.1683256331411226
capability_effect_nrmse,toto2.0,multi_seasonal,5,10,0.8059282760728408,0.043980750492252564,0.05457154414107879,0.7988869283895799,0.762513318783113,0.911191052669821,0.14867773388670802,1.0,1.0,True,0.19571060859441503,0.2247233852478431
capability_effect_nrmse,toto2.0,predictable_intermittency,1,10,0.651451742713403,0.052147053556151665,0.08004745422730879,0.6635227146072504,0.5529645465982951,0.7247644256173379,0.1717998790190428,1.0,1.0,True,0.07842367085271508,0.6649402277290403
capability_effect_nrmse,toto2.0,predictable_intermittency,2,10,0.9372906705256021,0.05837268790900862,0.06227810618905991,0.933928620361983,0.8355445642206432,1.0455044444881698,0.20995988026752666,0.9,0.9,False,0.10409395293760562,0.5607692499101986
capability_effect_nrmse,toto2.0,predictable_intermittency,3,10,1.1427128157315296,0.07315766623252264,0.06402104292992404,1.1247885039500924,1.0390944527180257,1.2659113354269436,0.22681688270891787,0.0,1.0,True,0.1305374986653567,0.5604341049928355
capability_effect_nrmse,toto2.0,predictable_intermittency,4,10,1.2114074234727916,0.08731107386903007,0.07207407861075493,1.1978206828815818,1.1086230817138207,1.3901106595006147,0.281487577786794,0.0,1.0,True,0.1596276095461042,0.5469672453111101
capability_effect_nrmse,toto2.0,predictable_intermittency,5,10,1.4181570221749435,0.08749364688702913,0.06169531689293848,1.441716009377424,1.2389182790880344,1.5185810338480539,0.27966275476001945,0.0,1.0,True,0.18878210881540503,0.4634636589030912
capability_effect_nrmse,toto2.0,regime_switching,1,10,0.1745850559062851,0.05897909799064453,0.33782443568539866,0.16330621364395975,0.08476415650969248,0.2577838570556617,0.1730197005459692,1.0,1.0,True,0.09777180201150368,0.6032321873714176
capability_effect_nrmse,toto2.0,regime_switching,2,10,0.16629075646776031,0.0608244531301455,0.36577170266188463,0.14365098147320132,0.08894141755292673,0.2713414685198503,0.18240005096692358,1.0,1.0,True,0.08396528834345171,0.7243999792074683
capability_effect_nrmse,toto2.0,regime_switching,3,10,0.17458277500911615,0.05675255619944793,0.32507534718980435,0.1491249487463409,0.1056737258979648,0.2584090567283002,0.15273533083033541,1.0,1.0,True,0.08461232235636316,0.6707363019823782
capability_effect_nrmse,toto2.0,regime_switching,4,10,0.18214511679756695,0.0606407866225029,0.3329256786493928,0.15435917404334543,0.10168649981643278,0.2709063855199509,0.1692198857035181,1.0,1.0,True,0.08749540835816662,0.6930739310829541
capability_effect_nrmse,toto2.0,regime_switching,5,10,0.2395216680803443,0.06407179434341961,0.26749894845391436,0.23510727915467408,0.15689027963760402,0.3202730155521519,0.16338273591454786,1.0,1.0,True,0.11457219816411797,0.5592263687883557
capability_effect_nrmse,toto2.0,time_varying_seasonality,1,10,1.052629285623604,0.0996983889884203,0.09471367588766684,1.0171439816021643,0.9217687444205038,1.1839568825807718,0.262188138160268,0.4,0.6,False,0.435520884299088,0.22891758485674318
capability_effect_nrmse,toto2.0,time_varying_seasonality,2,10,0.7399566511342839,0.06316370007361945,0.08536135188026953,0.7178907350717467,0.6532531380305876,0.8264658306678632,0.17321269263727557,1.0,1.0,True,0.28289724391531823,0.22327435643921195
capability_effect_nrmse,toto2.0,time_varying_seasonality,3,10,0.5436727923958579,0.041784699493156524,0.07685633726311678,0.5346795649895175,0.4923312438348937,0.6006151724951968,0.10828392866030312,1.0,1.0,True,0.1924293235280596,0.21714309818827365
capability_effect_nrmse,toto2.0,time_varying_seasonality,4,10,0.4123293584399583,0.029197281478877093,0.0708105811076479,0.404121030093958,0.37253903173833597,0.45583469405335797,0.083295662315022,1.0,1.0,True,0.13270357331167254,0.22001880394210088
capability_effect_nrmse,toto2.0,time_varying_seasonality,5,10,0.3204732674957437,0.019902731236894733,0.062104185451783644,0.3154838544852874,0.2956780727946315,0.351240882182714,0.0555628093880825,1.0,1.0,True,0.09418621811683128,0.21131256392741893
capability_effect_nrmse,toto2.0,trend,1,10,0.6240510706765534,0.16206875325372389,0.2597043108635645,0.5722756779378393,0.4739455412804249,0.9695151207854303,0.49556957950500546,1.0,1.0,True,0.3811355029130866,0.4252260731813318
capability_effect_nrmse,toto2.0,trend,2,10,0.4259063576011767,0.10749252047291515,0.25238533906453753,0.3901509809125805,0.32241449453928306,0.6560519391238676,0.33363744458458455,1.0,1.0,True,0.2513617084046467,0.42764079364018204
capability_effect_nrmse,toto2.0,trend,3,10,0.3213327044879348,0.07857973942356579,0.2445432361103358,0.3048131116442306,0.23839069156001047,0.48245215211521053,0.24406146055520006,1.0,1.0,True,0.18893053890708084,0.41591867507567215
capability_effect_nrmse,toto2.0,trend,4,10,0.2647843064936046,0.0666142564163543,0.25157932242469677,0.24918237851063274,0.19151111623274303,0.38097427456046234,0.18946315832771932,1.0,1.0,True,0.15062324313695347,0.44225748316802344
capability_effect_nrmse,toto2.0,trend,5,10,0.23376001331936697,0.04090601819883192,0.17499151209811667,0.23060267052641825,0.17438648594555894,0.31501025223623547,0.14062376629067652,1.0,1.0,True,0.13039706904725407,0.31370350957818044
