model_id,capability_id,n,mean,std,cv,median,min,max,range,desired_direction_rate,unanimous_level_rate
Timer-4.0,trend,10,0.43257138037537884,0.02693246144705576,0.062261311471147676,0.43181876499575594,0.3831227391092595,0.47716380868319136,0.09404106957393188,1.0,1.0
Timer-4.0,multi_seasonal,10,0.9673293369691057,0.06826793429760902,0.07057362129790275,0.9794105454838127,0.8468161063287949,1.086325317011158,0.23950921068236308,0.58,0.2
Timer-4.0,time_varying_seasonality,10,0.5094588853416162,0.026390600350014413,0.0518012367814888,0.5058443140965405,0.47052996731829155,0.5469161164168403,0.0763861490985488,1.0,1.0
Timer-4.0,regime_switching,10,0.13851894602154585,0.030875393237329168,0.2228965359910165,0.1301341346258405,0.11036493569006127,0.19709824629526634,0.08673331060520507,1.0,1.0
Timer-4.0,predictable_intermittency,10,0.9922563796657309,0.07913735544846309,0.0797549474815397,0.9713371351748405,0.897076443479485,1.147596377706284,0.2505199342267991,0.44,0.8
Timer-4.0,common_factor,10,0.3303043860210711,0.01571434428050824,0.04757534245853391,0.33293139217440426,0.30462786229137684,0.3478853717165266,0.043257509425149776,1.0,1.0
Timer-4.0,cross_series_dependence,10,0.9744404098688598,0.048501874768402994,0.04977407984848491,0.9653790208522937,0.8874700901932894,1.0502055532583376,0.16273546306504827,0.74,0.0
Timer-4.0,covariate_impulse_response,10,0.76036116622279,0.13135387550363398,0.1727519517549198,0.7121741049357018,0.603531142494894,1.0214570659615327,0.4179259234666387,0.76,0.6
Chronos-2,trend,10,0.08943637141573998,0.01120575354503552,0.125293025283262,0.08329872044134104,0.07503544140585475,0.11058366901958241,0.03554822761372767,1.0,1.0
Chronos-2,multi_seasonal,10,0.8686747807845887,0.05261748590001245,0.06057213477809065,0.8650170405851898,0.7855330539822872,0.9598701029178954,0.1743370489356082,0.96,0.8
Chronos-2,time_varying_seasonality,10,0.4075435627042766,0.01698077231023597,0.04166615268698926,0.40183147560672305,0.38572818328792013,0.4302763599755683,0.044548176687648156,1.0,1.0
Chronos-2,regime_switching,10,0.10372634635081099,0.010675081421334527,0.10291581451476685,0.10515427543163283,0.08655859238774391,0.11713171888024532,0.030573126492501407,1.0,1.0
Chronos-2,predictable_intermittency,10,0.9653744876407251,0.04308548859239054,0.04463085480711946,0.9537523975675524,0.916578789855383,1.042876784150828,0.12629799429544497,0.56,0.4
Chronos-2,common_factor,10,0.23942798906313056,0.027008655999314866,0.11280492353879909,0.2317658336395726,0.20059407786046765,0.2921515238981614,0.09155744603769375,1.0,1.0
Chronos-2,cross_series_dependence,10,0.9230323116400185,0.04498676347284935,0.04873801589125098,0.9120683729079025,0.8713986042678965,0.9894891511567592,0.11809054688886267,0.86,0.4
Chronos-2,covariate_impulse_response,10,0.6378254233602496,0.10509138481292452,0.16476512375325614,0.6336321838673961,0.45651775010150286,0.8566186370636608,0.40010088696215795,1.0,1.0
timesfm2.5,trend,10,0.30708302016207606,0.03965496690808898,0.1291343522906587,0.3228883745955657,0.23049631472778911,0.3505508052547405,0.12005449052695141,1.0,1.0
timesfm2.5,multi_seasonal,10,0.8193600542142949,0.08739745676359036,0.10666550842217709,0.7979511634552434,0.7312312905491659,1.0047672817115347,0.2735359911623688,0.9,0.4
timesfm2.5,time_varying_seasonality,10,0.5814160860140803,0.017308179163796965,0.029769006362472414,0.5799064500545927,0.564300284404707,0.6230721046754195,0.05877182027071248,1.0,1.0
timesfm2.5,regime_switching,10,0.09720389784833125,0.00847806941409045,0.0872194387443075,0.09444090069146388,0.0859902403126851,0.11389684407564786,0.027906603762962764,1.0,1.0
timesfm2.5,predictable_intermittency,10,0.8778124681270633,0.027825184315908986,0.03169832433034124,0.8785866411533665,0.8157493086572571,0.9160129981446359,0.10026368948737874,0.78,0.8
timesfm2.5,common_factor,10,0.3344185144915078,0.016274038809546323,0.04866368967128339,0.3352559816199649,0.30941482314704505,0.36071851312184905,0.051303689974804,1.0,1.0
timesfm2.5,cross_series_dependence,10,1.0817251479011385,0.05980498368053942,0.05528667221667028,1.06222028817291,1.0133094652289645,1.186692823981518,0.1733833587525535,0.32,0.4
timesfm2.5,covariate_impulse_response,10,0.4063982009042256,0.055649865336183726,0.13693432995609772,0.3847990273045064,0.3356842111443813,0.49491714608166715,0.15923293493728585,1.0,1.0
tirex2,trend,10,0.363623490094246,0.06317612452830842,0.1737404932556312,0.3604509043630848,0.27009835973201174,0.46924412222009826,0.19914576248808652,1.0,1.0
tirex2,multi_seasonal,10,0.9371058124397944,0.024198059423955337,0.025822120728239504,0.9337435631742261,0.893763181037782,0.9697150723942485,0.07595189135646652,0.74,0.6
tirex2,time_varying_seasonality,10,0.4663501001483807,0.020537320997087483,0.04403841875567955,0.46353210454867233,0.4364935179994484,0.4972952726878341,0.06080175468838567,1.0,1.0
tirex2,regime_switching,10,0.08604178701296451,0.018338453459480892,0.21313426994162393,0.08205483208349006,0.0677801364514142,0.12351634318630733,0.05573620673489313,1.0,1.0
tirex2,predictable_intermittency,10,1.1182653423091375,0.08073305357705221,0.07219489911968859,1.1287103324043142,0.9995763473318975,1.258731248741216,0.2591549014093184,0.32,0.8
tirex2,common_factor,10,0.27277269510062363,0.012450075993155708,0.045642676912962185,0.2755329834700415,0.25395474633695875,0.28860407748415706,0.034649331147198315,1.0,1.0
tirex2,cross_series_dependence,10,0.922433722408296,0.044643157951353526,0.04839714427915631,0.8998604528356333,0.8875405364031794,1.004575418914887,0.11703488251170757,0.86,0.4
tirex2,covariate_impulse_response,10,0.8698453990433299,0.045836391004573596,0.052694870898880655,0.8679208538265499,0.8081230842396371,0.9421771977977278,0.13405411355809072,0.68,0.8
moirai2,trend,10,0.27082289559173267,0.015450539744049106,0.057050345430693934,0.27250022158496706,0.23844961028848188,0.29611231996991016,0.05766270968142828,1.0,1.0
moirai2,multi_seasonal,10,1.0582560140023574,0.028255046822772786,0.026699632649297513,1.059511195802831,1.0138389986637277,1.1181063990750257,0.104267400411298,0.18,0.6
moirai2,time_varying_seasonality,10,0.5455906362627834,0.017117259208407773,0.03137381412125859,0.54345343448075,0.5191070031995628,0.5806035206425857,0.06149651744302287,1.0,1.0
moirai2,regime_switching,10,0.16518885945966497,0.0053433617152888425,0.03234698594546298,0.16466590154464325,0.1580929736262333,0.1731982531840659,0.015105279557832585,1.0,1.0
moirai2,predictable_intermittency,10,1.0857724921043996,0.03755248833626963,0.03458596401119625,1.0738991296133076,1.038285044788898,1.1651140706623615,0.12682902587346345,0.2,1.0
moirai2,common_factor,10,0.36030651409909475,0.015387597623052019,0.0427069648227897,0.36369937691436494,0.329725756802768,0.37716069332355795,0.04743493652078995,1.0,1.0
moirai2,cross_series_dependence,10,0.9590366984737383,0.04996087455833096,0.05209485167547951,0.9423281013744846,0.9106356041635486,1.0439569824461432,0.1333213782825946,0.82,0.4
moirai2,covariate_impulse_response,10,0.6623838706719469,0.030517877775758127,0.046072797250934945,0.6569872993427952,0.624576082931564,0.7116743218629631,0.08709823893139912,1.0,1.0
Timer-3.5,trend,10,0.30885165042282225,0.014902146854814995,0.04825017717863494,0.3148120250088625,0.2757077961822,0.32459514068853035,0.048887344506330366,1.0,1.0
Timer-3.5,multi_seasonal,10,0.8444330120073081,0.014279358041858467,0.016909995036687275,0.8419002672651921,0.8251534971114044,0.874636667459993,0.04948317034858862,1.0,1.0
Timer-3.5,time_varying_seasonality,10,0.5229782493703219,0.018943604811711156,0.03622254813564369,0.5124806729043183,0.5062737558844205,0.5577133600902815,0.05143960420586102,1.0,1.0
Timer-3.5,regime_switching,10,0.1187796615070053,0.00428820075326051,0.036102146603672586,0.11857343697376523,0.11318213828326866,0.12516942723393132,0.011987288950662658,1.0,1.0
Timer-3.5,predictable_intermittency,10,0.9271838547347517,0.03583393145506633,0.03864814003401481,0.9165650253643858,0.8822079650398955,1.0110241005710108,0.12881613553111526,0.56,0.8
Timer-3.5,common_factor,10,0.3377201357820777,0.028313786894375425,0.08383801821235083,0.3495383148174219,0.29388707306317186,0.36422560156584494,0.07033852850267308,1.0,1.0
Timer-3.5,cross_series_dependence,10,0.9826222687522993,0.051941503003964724,0.05286009146721079,0.9654685121765602,0.9190477842393466,1.0744898935846434,0.1554421093452968,0.64,0.0
Timer-3.5,covariate_impulse_response,10,0.5028715550510263,0.041714443052410635,0.08295248087392391,0.5064740403959451,0.4365036674576591,0.5641670924349027,0.1276634249772436,1.0,1.0
toto2.0,trend,10,0.3739668905157273,0.08477076121792315,0.22667985687454353,0.3496501002717721,0.2848126819189686,0.5479619184671124,0.2631492365481438,1.0,1.0
toto2.0,multi_seasonal,10,0.7422544275534835,0.03005025341519282,0.04048511170790899,0.7419675249801171,0.692229389532742,0.793088641535638,0.10085925200289592,1.0,1.0
toto2.0,time_varying_seasonality,10,0.6138122710178895,0.05008268333330869,0.08159283497258242,0.5957269036568955,0.5471140461637904,0.6836226923959807,0.13650864623219028,0.88,0.8
toto2.0,regime_switching,10,0.18742507445221457,0.056040395476922814,0.2990015911196062,0.175784895736136,0.10759121588292415,0.2730337863027059,0.16544257041978178,1.0,1.0
toto2.0,predictable_intermittency,10,1.0722039349236538,0.05993661678420381,0.055900388752510584,1.0774606455446127,0.971353029206164,1.163507578877449,0.19215454967128498,0.38,0.8
toto2.0,common_factor,10,0.30474260883917637,0.0504845084163978,0.165662782138353,0.3300250043206183,0.2099739475787139,0.3407282287507269,0.130754281172013,1.0,1.0
toto2.0,cross_series_dependence,10,1.390796972495019,0.12588256370779854,0.0905110998925829,1.4377795998591396,1.199758699557933,1.537890801132911,0.3381321015749781,0.0,1.0
toto2.0,covariate_impulse_response,10,0.6804211151326178,0.05980650397575515,0.08789630810339936,0.6768624832962145,0.6121307307474027,0.8064430473042407,0.194312316556838,0.8,1.0
