model_id,capability_id,n,mean,sd,cv,median,min,max,range,seed_p025,seed_p975,mean_ci95_low,mean_ci95_high,desired_rate,unanimous_desired_levels,unanimous_undesired_levels,threshold_crossing_levels,median_seed_sd_to_task_se_ratio,max_seed_sd_to_task_se_ratio,task_count_min,task_count_max
Chronos-2,trend,10,0.08943637141573998,0.01120575354503552,0.125293025283262,0.08329872044134104,0.07503544140585475,0.11058366901958241,0.03554822761372767,0.07674598357411658,0.10847066420374442,0.08142025823089631,0.09745248460058366,1.0,5,0,0,0.336196707820422,0.3853727004989894,10,10
Chronos-2,multi_seasonal,10,0.8686747807845887,0.05261748590001245,0.06057213477809065,0.8650170405851898,0.7855330539822872,0.9598701029178954,0.1743370489356082,0.7946127116418158,0.9514909127934832,0.8310344988721527,0.9063150626970247,0.96,4,0,1,0.4457614846721011,0.543828519283154,10,10
Chronos-2,time_varying_seasonality,10,0.4075435627042766,0.01698077231023597,0.04166615268698926,0.40183147560672305,0.38572818328792013,0.4302763599755683,0.044548176687648156,0.38623025782388953,0.43013883202511516,0.3953962499637411,0.4196908754448121,1.0,5,0,0,0.23615589546159896,0.26295774768232727,9,9
Chronos-2,regime_switching,10,0.10372634635081099,0.010675081421334527,0.10291581451476685,0.10515427543163283,0.08655859238774391,0.11713171888024532,0.030573126492501407,0.08676239227344772,0.11638769621107294,0.09608985313445334,0.11136283956716864,1.0,5,0,0,0.2758513713916523,0.5127806352939827,10,10
Chronos-2,predictable_intermittency,10,0.9653744876407251,0.04308548859239054,0.04463085480711946,0.9537523975675524,0.916578789855383,1.042876784150828,0.12629799429544497,0.9176282951152285,1.0372333019969648,0.9345529858298177,0.9961959894516325,0.56,1,1,3,0.785290600030029,1.2420546827734975,10,10
Chronos-2,common_factor,10,0.23942798906313056,0.027008655999314866,0.11280492353879909,0.2317658336395726,0.20059407786046765,0.2921515238981614,0.09155744603769375,0.203522207667686,0.28733590877199316,0.2201071604735233,0.25874881765273783,1.0,5,0,0,0.48803666899062664,0.5489704783505479,4,4
Chronos-2,cross_series_dependence,10,0.9230323116400185,0.04498676347284935,0.04873801589125098,0.9120683729079025,0.8713986042678965,0.9894891511567592,0.11809054688886267,0.8740041012042078,0.9894416320458208,0.8908507197132608,0.9552139035667763,0.86,2,0,3,0.38340359702659366,0.4122027672217215,8,8
Chronos-2,covariate_impulse_response,10,0.6378254233602496,0.10509138481292452,0.16476512375325614,0.6336321838673961,0.45651775010150286,0.8566186370636608,0.40010088696215795,0.4788193468827062,0.8205455377814639,0.5626475754782048,0.7130032712422945,1.0,5,0,0,0.5143505027851191,0.6191983957052523,6,6
timesfm2.5,trend,10,0.30708302016207606,0.03965496690808898,0.1291343522906587,0.3228883745955657,0.23049631472778911,0.3505508052547405,0.12005449052695141,0.23747580500428161,0.34874515635670617,0.27871556572905387,0.33545047459509825,1.0,5,0,0,0.253548696058444,0.2569076354461343,10,10
timesfm2.5,multi_seasonal,10,0.8193600542142949,0.08739745676359036,0.10666550842217709,0.7979511634552434,0.7312312905491659,1.0047672817115347,0.2735359911623688,0.7333751779645648,0.9841144521510136,0.7568396799557692,0.8818804284728207,0.9,2,0,3,0.6859006245018991,0.7598325598286914,10,10
timesfm2.5,time_varying_seasonality,10,0.5814160860140803,0.017308179163796965,0.029769006362472414,0.5799064500545927,0.564300284404707,0.6230721046754195,0.05877182027071248,0.5644818547155449,0.6162253039055394,0.5690345605197937,0.593797611508367,1.0,5,0,0,0.11567015241166294,0.11912304806447517,9,9
timesfm2.5,regime_switching,10,0.09720389784833125,0.00847806941409045,0.0872194387443075,0.09444090069146388,0.0859902403126851,0.11389684407564786,0.027906603762962764,0.08714016937281228,0.1125413246419685,0.09113905234381636,0.10326874335284614,1.0,5,0,0,0.26879910302914045,0.45850381359742043,10,10
timesfm2.5,predictable_intermittency,10,0.8778124681270633,0.027825184315908986,0.03169832433034124,0.8785866411533665,0.8157493086572571,0.9160129981446359,0.10026368948737874,0.8268013818327944,0.9136431577945531,0.8579075303672745,0.897717405886852,0.78,3,1,1,1.0135275478388437,1.4092624279296873,10,10
timesfm2.5,common_factor,10,0.3344185144915078,0.016274038809546323,0.04866368967128339,0.3352559816199649,0.30941482314704505,0.36071851312184905,0.051303689974804,0.30977004149586446,0.358154311647621,0.32277676844135866,0.3460602605416569,1.0,5,0,0,0.15475093100980203,0.20267932582951895,4,4
timesfm2.5,cross_series_dependence,10,1.0817251479011385,0.05980498368053942,0.05528667221667028,1.06222028817291,1.0133094652289645,1.186692823981518,0.1733833587525535,1.014419702226752,1.1826994820723014,1.0389432398148837,1.1245070559873933,0.32,0,2,3,0.4097486262505017,0.44820971296594864,8,8
timesfm2.5,covariate_impulse_response,10,0.4063982009042256,0.055649865336183726,0.13693432995609772,0.3847990273045064,0.3356842111443813,0.49491714608166715,0.15923293493728585,0.3392175095784268,0.4942644437487762,0.3665886854206559,0.44620771638779533,1.0,5,0,0,0.6081089570342171,0.6511668563157138,6,6
Timer-3.5,trend,10,0.30885165042282225,0.014902146854814995,0.04825017717863494,0.3148120250088625,0.2757077961822,0.32459514068853035,0.048887344506330366,0.2788184009871008,0.3230668216121417,0.29819129675671097,0.31951200408893354,1.0,5,0,0,0.12819324824970676,0.19072454034665212,10,10
Timer-3.5,multi_seasonal,10,0.8444330120073081,0.014279358041858467,0.016909995036687275,0.8419002672651921,0.8251534971114044,0.874636667459993,0.04948317034858862,0.8269250975178069,0.8704634157953259,0.8342181746194953,0.854647849395121,1.0,5,0,0,0.21610955847531282,0.25128938707976,10,10
Timer-3.5,time_varying_seasonality,10,0.5229782493703219,0.018943604811711156,0.03622254813564369,0.5124806729043183,0.5062737558844205,0.5577133600902815,0.05143960420586102,0.5064420064696226,0.5560418493137409,0.5094268108446279,0.5365296878960158,1.0,5,0,0,0.203536660114553,0.2547735348338341,9,9
Timer-3.5,regime_switching,10,0.1187796615070053,0.00428820075326051,0.036102146603672586,0.11857343697376523,0.11318213828326866,0.12516942723393132,0.011987288950662658,0.11336646021108478,0.12514060052006942,0.11571206748404937,0.12184725552996122,1.0,5,0,0,0.20426006159383175,0.3060573875488409,10,10
Timer-3.5,predictable_intermittency,10,0.9271838547347517,0.03583393145506633,0.03864814003401481,0.9165650253643858,0.8822079650398955,1.0110241005710108,0.12881613553111526,0.8859779702500373,0.9996146675218415,0.9015498044009389,0.9528179050685646,0.56,2,2,1,0.7125940226359121,1.4403186129218128,10,10
Timer-3.5,common_factor,10,0.3377201357820777,0.028313786894375425,0.08383801821235083,0.3495383148174219,0.29388707306317186,0.36422560156584494,0.07033852850267308,0.2952550159367955,0.3638795946701085,0.31746567279351684,0.3579745987706386,1.0,5,0,0,0.44831957012845547,0.530836974371223,4,4
Timer-3.5,cross_series_dependence,10,0.9826222687522993,0.051941503003964724,0.05286009146721079,0.9654685121765602,0.9190477842393466,1.0744898935846434,0.1554421093452968,0.9208297615636979,1.0673267009767078,0.9454655558728569,1.0197789816317417,0.64,0,0,5,0.435106889611295,0.5515842054897173,8,8
Timer-3.5,covariate_impulse_response,10,0.5028715550510263,0.041714443052410635,0.08295248087392391,0.5064740403959451,0.4365036674576591,0.5641670924349027,0.1276634249772436,0.440862209394358,0.5618927639286161,0.4730308401355191,0.5327122699665335,1.0,5,0,0,0.4774985038426805,0.6040276650290746,6,6
tirex2,trend,10,0.363623490094246,0.06317612452830842,0.1737404932556312,0.3604509043630848,0.27009835973201174,0.46924412222009826,0.19914576248808652,0.2753401555531619,0.46000448579648684,0.31843001312160085,0.40881696706689113,1.0,5,0,0,0.22587358943191357,0.5210909308066646,10,10
tirex2,multi_seasonal,10,0.9371058124397944,0.024198059423955337,0.025822120728239504,0.9337435631742261,0.893763181037782,0.9697150723942485,0.07595189135646652,0.8986620833907096,0.9693345643436961,0.9197955635202172,0.9544160613593716,0.74,3,0,2,0.10837349470995034,0.11653107403370003,10,10
tirex2,time_varying_seasonality,10,0.4663501001483807,0.020537320997087483,0.04403841875567955,0.46353210454867233,0.4364935179994484,0.4972952726878341,0.06080175468838567,0.43755791637366376,0.4958545305927517,0.4516585857433494,0.481041614553412,1.0,5,0,0,0.23074410510755725,0.2445875504999513,9,9
tirex2,regime_switching,10,0.08604178701296451,0.018338453459480892,0.21313426994162393,0.08205483208349006,0.0677801364514142,0.12351634318630733,0.05573620673489313,0.06802405940553738,0.12046394970410365,0.07292324768623501,0.09916032633969402,1.0,5,0,0,0.575037621306764,0.6237942471153005,10,10
tirex2,predictable_intermittency,10,1.1182653423091375,0.08073305357705221,0.07219489911968859,1.1287103324043142,0.9995763473318975,1.258731248741216,0.2591549014093184,1.0004469906014029,1.2426456826343253,1.0605123948941542,1.176018289724121,0.32,1,3,1,0.3943831608784735,0.46947038286573706,10,10
tirex2,common_factor,10,0.27277269510062363,0.012450075993155708,0.045642676912962185,0.2755329834700415,0.25395474633695875,0.28860407748415706,0.034649331147198315,0.2542777989105461,0.2875482533022748,0.2638664472592854,0.2816789429419619,1.0,5,0,0,0.2114439726844894,0.2767054385754068,4,4
tirex2,cross_series_dependence,10,0.922433722408296,0.044643157951353526,0.04839714427915631,0.8998604528356333,0.8875405364031794,1.004575418914887,0.11703488251170757,0.8883127735585186,0.9983091494877786,0.8904979310642638,0.9543695137523283,0.86,2,0,3,0.36859921194075324,0.41686155231489863,8,8
tirex2,covariate_impulse_response,10,0.8698453990433299,0.045836391004573596,0.052694870898880655,0.8679208538265499,0.8081230842396371,0.9421771977977278,0.13405411355809072,0.8118601092302501,0.9353454536241834,0.8370560201942658,0.902634777892394,0.68,3,1,1,0.10918048917992809,0.16540298214710672,6,6
Timer-4.0,trend,10,0.43257138037537884,0.02693246144705576,0.062261311471147676,0.43181876499575594,0.3831227391092595,0.47716380868319136,0.09404106957393188,0.38897803618080035,0.47326521850883235,0.4133050580849261,0.45183770266583156,1.0,5,0,0,0.10565982431638613,0.18402821164779806,10,10
Timer-4.0,multi_seasonal,10,0.9673293369691057,0.06826793429760902,0.07057362129790275,0.9794105454838127,0.8468161063287949,1.086325317011158,0.23950921068236308,0.8564215962167945,1.071227309188474,0.9184933987141947,1.016165275224017,0.58,1,0,4,0.3317545169696893,0.35120605764575796,10,10
Timer-4.0,time_varying_seasonality,10,0.5094588853416162,0.026390600350014413,0.0518012367814888,0.5058443140965405,0.47052996731829155,0.5469161164168403,0.0763861490985488,0.472593689065048,0.5454870187971413,0.49058018712899903,0.5283375835542334,1.0,5,0,0,0.31521754535391555,0.32780297709477185,9,9
Timer-4.0,regime_switching,10,0.13851894602154585,0.030875393237329168,0.2228965359910165,0.1301341346258405,0.11036493569006127,0.19709824629526634,0.08673331060520507,0.11045398319411556,0.19534634941272727,0.11643202024522109,0.16060587179787061,1.0,5,0,0,0.5413617551695119,0.7498391988569524,10,10
Timer-4.0,predictable_intermittency,10,0.9922563796657309,0.07913735544846309,0.0797549474815397,0.9713371351748405,0.897076443479485,1.147596377706284,0.2505199342267991,0.9061492317531329,1.1407906567478157,0.9356449259268493,1.0488678334046124,0.44,2,2,1,1.1209347396752605,1.1780407649004925,10,10
Timer-4.0,common_factor,10,0.3303043860210711,0.01571434428050824,0.04757534245853391,0.33293139217440426,0.30462786229137684,0.3478853717165266,0.043257509425149776,0.30609879786120886,0.34748259995779496,0.3190630213174932,0.341545750724649,1.0,5,0,0,0.2074285011125865,0.2596022640266448,4,4
Timer-4.0,cross_series_dependence,10,0.9744404098688598,0.048501874768402994,0.04977407984848491,0.9653790208522937,0.8874700901932894,1.0502055532583376,0.16273546306504827,0.8983138144056332,1.0481859128548074,0.9397442588016359,1.0091365609360836,0.74,0,0,5,0.41748214406851236,0.49480835802508205,8,8
Timer-4.0,covariate_impulse_response,10,0.76036116622279,0.13135387550363398,0.1727519517549198,0.7121741049357018,0.603531142494894,1.0214570659615327,0.4179259234666387,0.6205900526677585,1.007603847972289,0.6663962642576311,0.854326068187949,0.76,3,0,2,0.5444341718059849,0.6769636148183649,6,6
moirai2,trend,10,0.27082289559173267,0.015450539744049106,0.057050345430693934,0.27250022158496706,0.23844961028848188,0.29611231996991016,0.05766270968142828,0.24274584956011133,0.2925954205913696,0.25977024528513243,0.2818755458983329,1.0,5,0,0,0.12192284919990805,0.14836369594077456,10,10
moirai2,multi_seasonal,10,1.0582560140023574,0.028255046822772786,0.026699632649297513,1.059511195802831,1.0138389986637277,1.1181063990750257,0.104267400411298,1.0181447526400207,1.1081666010949531,1.0380435711296736,1.0784684568750411,0.18,0,3,2,0.345792742273066,0.4294487616627117,10,10
moirai2,time_varying_seasonality,10,0.5455906362627834,0.017117259208407773,0.03137381412125859,0.54345343448075,0.5191070031995628,0.5806035206425857,0.06149651744302287,0.5213975261354299,0.5767175923604918,0.5333456866770686,0.5578355858484981,1.0,5,0,0,0.14690937526280218,0.16899855769155928,9,9
moirai2,regime_switching,10,0.16518885945966497,0.0053433617152888425,0.03234698594546298,0.16466590154464325,0.1580929736262333,0.1731982531840659,0.015105279557832585,0.1583820269099284,0.17312230031008274,0.1613664487556305,0.16901127016369943,1.0,5,0,0,0.13638194822855806,0.19089877283280193,10,10
moirai2,predictable_intermittency,10,1.0857724921043996,0.03755248833626963,0.03458596401119625,1.0738991296133076,1.038285044788898,1.1651140706623615,0.12682902587346345,1.0401052724503257,1.1538703328064126,1.0589090602373457,1.1126359239714536,0.2,1,4,0,0.4849021172944054,0.6164853935614304,10,10
moirai2,common_factor,10,0.36030651409909475,0.015387597623052019,0.0427069648227897,0.36369937691436494,0.329725756802768,0.37716069332355795,0.04743493652078995,0.3317764443211754,0.3762957950471228,0.3492988898734251,0.3713141383247644,1.0,5,0,0,0.15593974502199465,0.17557489631396356,4,4
moirai2,cross_series_dependence,10,0.9590366984737383,0.04996087455833096,0.05209485167547951,0.9423281013744846,0.9106356041635486,1.0439569824461432,0.1333213782825946,0.9109868416531491,1.0422803382192936,0.923296841831006,0.9947765551164706,0.82,2,0,3,0.46870638008119503,0.4938213065655098,8,8
moirai2,covariate_impulse_response,10,0.6623838706719469,0.030517877775758127,0.046072797250934945,0.6569872993427952,0.624576082931564,0.7116743218629631,0.08709823893139912,0.6257984791834847,0.7108192736523812,0.6405526960500418,0.684215045293852,1.0,5,0,0,0.2705334266573902,0.3576376142491573,6,6
toto2.0,trend,10,0.3739668905157273,0.08477076121792315,0.22667985687454353,0.3496501002717721,0.2848126819189686,0.5479619184671124,0.2631492365481438,0.28640769045940173,0.533544976875703,0.3133255410556295,0.4346082399758251,1.0,5,0,0,0.4252260731813318,0.44225748316802344,10,10
toto2.0,multi_seasonal,10,0.7422544275534835,0.03005025341519282,0.04048511170790899,0.7419675249801171,0.692229389532742,0.793088641535638,0.10085925200289592,0.698392342338287,0.7885104511554222,0.7207577712473004,0.7637510838596665,1.0,5,0,0,0.1683256331411226,0.2569801161088401,10,10
toto2.0,time_varying_seasonality,10,0.6138122710178895,0.05008268333330869,0.08159283497258242,0.5957269036568955,0.5471140461637904,0.6836226923959807,0.13650864623219028,0.5529158450819354,0.6811876866783048,0.5779852776267713,0.6496392644090077,0.88,4,0,1,0.22001880394210088,0.22891758485674318,9,9
toto2.0,regime_switching,10,0.18742507445221457,0.056040395476922814,0.2990015911196062,0.175784895736136,0.10759121588292415,0.2730337863027059,0.16544257041978178,0.11336974160442957,0.27240136533031606,0.14733619053548455,0.22751395836894459,1.0,5,0,0,0.6707363019823782,0.7243999792074683,10,10
toto2.0,predictable_intermittency,10,1.0722039349236538,0.05993661678420381,0.055900388752510584,1.0774606455446127,0.971353029206164,1.163507578877449,0.19215454967128498,0.9770544232603152,1.161113793884444,1.0293278621876407,1.115080007659667,0.38,1,3,1,0.5604341049928355,0.6649402277290403,10,10
toto2.0,common_factor,10,0.30474260883917637,0.0504845084163978,0.165662782138353,0.3300250043206183,0.2099739475787139,0.3407282287507269,0.130754281172013,0.2112113971442095,0.3405496982172964,0.26862816709988546,0.34085705057846727,1.0,5,0,0,0.6322508237359854,0.6738316094532766,4,4
toto2.0,cross_series_dependence,10,1.390796972495019,0.12588256370779854,0.0905110998925829,1.4377795998591396,1.199758699557933,1.537890801132911,0.3381321015749781,1.199874661458449,1.5272413110603842,1.3007460112076308,1.4808479337824074,0.0,0,5,0,0.343754419472717,0.362439559250329,8,8
toto2.0,covariate_impulse_response,10,0.6804211151326178,0.05980650397575515,0.08789630810339936,0.6768624832962145,0.6121307307474027,0.8064430473042407,0.194312316556838,0.6124627541040598,0.7916033351673338,0.6376381194926815,0.7232041107725542,0.8,4,1,0,0.2534821853274404,0.3667872569217311,6,6
